tid,model_fqdn,compute,e2e_s,e2e_from_ts_s,queue_wait_s,total_worker_time_s,insert_ts,start_exec_ts,end_ts,http_idle,http_busy
5fa52183-2a8b-4cc8-ac7e-8855ecb4c7a2,vit_b_16-1,CPU,35.65087512,35.650649,0.000233,35.650882,2025-11-07 14:46:06.944480128,2025-11-07 14:46:06.944713887,2025-11-07 14:46:42.595362732,35.4s,1.33ms
b6556940-05d7-43f3-982b-969520208d81,resnet101-1,CPU,46.905459803,46.905385,7.7e-05,46.905462,2025-11-07 14:46:42.642302553,2025-11-07 14:46:42.642379548,2025-11-07 14:47:29.54776489,46.7s,1.18ms
99faa989-35bd-4f8f-8197-53533235d287,resnet50-1,CPU,45.785079331,45.784925,0.000156,45.785081,2025-11-07 14:47:29.735133727,2025-11-07 14:47:29.73528948,2025-11-07 14:48:15.52021435,45.6s,1.27ms
5aa85314-5b1b-4846-8200-71348668fa73,vit_b_16-1,CPU,0.775231921,0.775187,5.2e-05,0.775239,2025-11-07 14:48:24.152562002,2025-11-07 14:48:24.152614432,2025-11-07 14:48:24.927801437,773ms,489µs
07a270de-80e2-4875-bb1e-d91f522d5594,resnet101-1,CPU,1.006238689,1.006107,0.000133,1.00624,2025-11-07 14:48:25.571703446,2025-11-07 14:48:25.571836437,2025-11-07 14:48:26.577943548,1.01s,873µs
bb3b9e5b-5039-4873-8582-f73fb7a97ebb,resnet50-1,CPU,0.183208253,0.183107,0.000102,0.183209,2025-11-07 14:48:26.675875038,2025-11-07 14:48:26.6759771,2025-11-07 14:48:26.859084393,182ms,631µs
efbe0602-86c7-4d38-9e45-bb203884653a,mobilenet_v3_small-1,CPU,45.309327492,45.309267,6.2e-05,45.309329,2025-11-07 14:48:26.909429097,2025-11-07 14:48:26.909491935,2025-11-07 14:49:12.218758543,45.1s,759µs
1ace6a95-0350-4bad-93de-01d905a9bfa7,resnet34-1,CPU,45.857021435,45.85693,9.9e-05,45.857029,2025-11-07 14:49:12.258923576,2025-11-07 14:49:12.259022521,2025-11-07 14:49:58.115952785,45.7s,1.25ms
90945bb6-ff2b-4693-be14-ce113abde2fa,resnet18-1,CPU,3.549033242,3.548935,0.000104,3.549039,2025-11-07 14:49:58.265558012,2025-11-07 14:49:58.265662017,2025-11-07 14:50:01.814597816,3.33s,785µs
c67c6dc7-a2e2-4f92-b00b-fe275fa1ddbe,vit_b_16-1,CPU,5.205839624,5.205784,6e-05,5.205844,2025-11-07 14:50:26.459939653,2025-11-07 14:50:26.459999707,2025-11-07 14:50:31.665783375,5.20s,535µs
e5e34907-4f1e-466c-838b-2e00f063c376,vit_b_16-1,CPU,50.017071597,50.016932,0.000146,50.017078,2025-11-07 14:50:26.79448525,2025-11-07 14:50:26.794631375,2025-11-07 14:51:16.811563639,49.8s,750µs
969a1e82-91e5-4845-9ba6-2bce77f38690,vit_b_16-1,CPU,49.859933961,49.859842,9.3e-05,49.859935,2025-11-07 14:50:27.128086121,2025-11-07 14:50:27.128179648,2025-11-07 14:51:16.988021104,49.6s,1.14ms
3b00f4e4-0db2-4b08-9762-56d5474f6877,vit_b_16-1,CPU,45.578723973,45.578625,0.0001,45.578725,2025-11-07 14:50:27.234022406,2025-11-07 14:50:27.234122934,2025-11-07 14:51:12.812747551,45.3s,1.22ms
8ab686f7-0661-4cae-87df-015417a1cf95,vit_b_16-1,CPU,48.956377791,48.956293,8.6e-05,48.956379,2025-11-07 14:50:28.086402953,2025-11-07 14:50:28.086488844,2025-11-07 14:51:17.042781415,48.7s,606µs
6efdb8b4-ee4a-4983-acc1-c7989ebdb5ae,vit_b_16-1,CPU,49.536651137,49.536563,9.5e-05,49.536658,2025-11-07 14:50:28.088118629,2025-11-07 14:50:28.088213678,2025-11-07 14:51:17.624776589,49.3s,2.65ms
b232c603-7dee-448d-97e7-db7c3982b248,vit_b_16-1,CPU,5.367297972,1.917494,3.449808,5.367302,2025-11-07 14:50:28.214464447,2025-11-07 14:50:31.664272694,2025-11-07 14:50:33.581766627,1.91s,410µs
6ea24ef0-2f92-4cb9-aefc-1ffeedeaed48,vit_b_16-1,CPU,5.981775234,1.019742,4.962038,5.98178,2025-11-07 14:50:28.615994763,2025-11-07 14:50:33.578032385,2025-11-07 14:50:34.597774726,1.02s,606µs
3ab0b143-64ed-4760-bc4d-f560b50422df,vit_b_16-1,CPU,6.817552547,1.022468,5.795091,6.817559,2025-11-07 14:50:28.801230997,2025-11-07 14:50:34.596321884,2025-11-07 14:50:35.618789104,1.02s,306µs
62845a64-1920-4673-8f2a-dc3fc98f6172,vit_b_16-1,CPU,7.36210665,1.008302,6.353808,7.36211,2025-11-07 14:50:29.264507198,2025-11-07 14:50:35.618315154,2025-11-07 14:50:36.626617675,1.01s,196µs
f4b0e7f3-6785-4bc9-bd2e-80d6a452291c,vit_b_16-1,CPU,8.204468747,1.026578,7.177896,8.204474,2025-11-07 14:50:29.448667388,2025-11-07 14:50:36.626563332,2025-11-07 14:50:37.653141715,1.03s,264µs
da3c3ead-474b-44df-91e4-5404ca45c127,vit_b_16-1,CPU,8.95892872,1.008181,7.950753,8.958934,2025-11-07 14:50:29.702338887,2025-11-07 14:50:37.653091831,2025-11-07 14:50:38.661272897,1.01s,221µs
06bbb4a0-7ade-478d-a696-01e13f13cd83,vit_b_16-1,CPU,9.795686272,1.019577,8.776115,9.795692,2025-11-07 14:50:29.885090137,2025-11-07 14:50:38.661205952,2025-11-07 14:50:39.68078219,1.02s,300µs
3f4686cd-edb5-461d-a22e-46bce17c7962,vit_b_16-1,CPU,11.240058638,1.910342,9.329718,11.24006,2025-11-07 14:50:30.348077186,2025-11-07 14:50:39.677795422,2025-11-07 14:50:41.588137297,1.91s,269µs
1890e8cb-d06f-4ae1-b977-99f1d0688151,vit_b_16-1,CPU,11.841312733,1.036393,10.804925,11.841318,2025-11-07 14:50:30.782659865,2025-11-07 14:50:41.587584287,2025-11-07 14:50:42.623977988,1.04s,250µs
57ff2bd2-4bab-4f70-9ef5-2df6fbac28b9,vit_b_16-1,CPU,12.782333827,1.018756,11.763584,12.78234,2025-11-07 14:50:30.860340028,2025-11-07 14:50:42.623924426,2025-11-07 14:50:43.642680297,1.02s,269µs
77825f55-e90d-4e6a-b117-7f81e743bf3d,vit_b_16-1,CPU,13.42895166,0.999313,12.429644,13.428957,2025-11-07 14:50:31.212946073,2025-11-07 14:50:43.642590167,2025-11-07 14:50:44.641903323,999ms,378µs
5d8e92e8-c5e6-427e-9e6d-e927660338d7,resnet101-1,CPU,13.168459497,0.323368,12.845096,13.168464,2025-11-07 14:50:31.796739083,2025-11-07 14:50:44.641835506,2025-11-07 14:50:44.96520346,323ms,310µs
4b1620aa-97ca-432d-bfa0-5a53b2b0f4ce,resnet101-1,CPU,12.266733065,0.947673,11.319063,12.266736,2025-11-07 14:50:33.646094119,2025-11-07 14:50:44.965157614,2025-11-07 14:50:45.912830601,947ms,258µs
7eb7e7c5-3260-4c30-a03a-4991ca3368a9,resnet101-1,CPU,11.978762733,0.837962,11.140804,11.978766,2025-11-07 14:50:34.771992881,2025-11-07 14:50:45.912796848,2025-11-07 14:50:46.750758399,836ms,297µs
64dd0311-2505-48f9-9bfb-ced9fab2a644,resnet101-1,CPU,12.059154602,0.968035,11.091123,12.059158,2025-11-07 14:50:35.658077314,2025-11-07 14:50:46.749200137,2025-11-07 14:50:47.717235052,967ms,360µs
35882b4e-d1f1-4003-a172-4d7b141c1592,resnet101-1,CPU,12.13498227,1.087289,11.047696,12.134985,2025-11-07 14:50:36.669486939,2025-11-07 14:50:47.717182293,2025-11-07 14:50:48.804471213,1.09s,293µs
b217bd3a-cf4b-44da-9233-fb1ddcbc322b,resnet101-1,CPU,12.182686867,1.097917,11.084776,12.182693,2025-11-07 14:50:37.71966122,2025-11-07 14:50:48.804437819,2025-11-07 14:50:49.902354529,1.10s,300µs
e887c4d9-9318-44fa-bbee-288bbe9d9f36,resnet101-1,CPU,12.773625458,1.645935,11.1277,12.773635,2025-11-07 14:50:38.774578823,2025-11-07 14:50:49.902278074,2025-11-07 14:50:51.548213919,1.65s,367µs
02105c67-cb5a-4c78-84ba-247638031a76,resnet101-1,CPU,14.060986015,2.282998,11.777997,14.060995,2025-11-07 14:50:39.770081785,2025-11-07 14:50:51.548078666,2025-11-07 14:50:53.831076306,2.28s,245µs
b2adb6a5-7098-4dfa-b2cc-3e2216d0df51,resnet101-1,CPU,13.151632017,0.962592,12.189049,13.151641,2025-11-07 14:50:41.64194287,2025-11-07 14:50:53.830991236,2025-11-07 14:50:54.793583093,962ms,204µs
5c2f63bb-69b9-4d32-b7f7-3aed27abfdb3,resnet101-1,CPU,13.834084828,1.737381,12.096713,13.834094,2025-11-07 14:50:42.696788373,2025-11-07 14:50:54.79350152,2025-11-07 14:50:56.530882588,1.74s,251µs
74068150-8e7c-4e75-b4fb-c4b0cd36b143,resnet101-1,CPU,13.816104653,1.004623,12.811492,13.816115,2025-11-07 14:50:43.719311799,2025-11-07 14:50:56.530803349,2025-11-07 14:50:57.53542605,1.00s,325µs
95159474-8a94-497c-9d99-9c0da8c8c9c1,resnet101-1,CPU,13.861567697,1.005712,12.855865,13.861577,2025-11-07 14:50:44.679481066,2025-11-07 14:50:57.53534629,2025-11-07 14:50:58.541058491,1.00s,526µs
aa8aa406-c0fa-4664-8821-4ca77cf47f11,resnet50-1,CPU,28.708209325,15.187296,13.520918,28.708214,2025-11-07 14:50:45.020048839,2025-11-07 14:50:58.540966628,2025-11-07 14:51:13.728262222,15.2s,311µs
0258fe5b-378e-4a7c-b8fa-f9c55e396691,resnet50-1,CPU,73.533163585,46.695551,26.837619,73.53317,2025-11-07 14:50:45.974934971,2025-11-07 14:51:12.812553336,2025-11-07 14:51:59.508104056,46.3s,1.41ms
072a5fc7-13ad-4a57-81f7-8649d05e2325,resnet50-1,CPU,33.769459468,6.879163,26.890302,33.769465,2025-11-07 14:50:46.837915206,2025-11-07 14:51:13.728217187,2025-11-07 14:51:20.607380915,6.88s,954µs
d57d0990-0f67-4c02-a641-da1476a07cca,resnet50-1,CPU,93.802191991,64.737225,29.06497,93.802195,2025-11-07 14:50:47.746547651,2025-11-07 14:51:16.811517092,2025-11-07 14:52:21.548742397,64.4s,719µs
03e61236-5172-4c9b-864b-55cada4989eb,resnet50-1,CPU,92.002790703,63.856259,28.146546,92.002805,2025-11-07 14:50:48.841305587,2025-11-07 14:51:16.987851495,2025-11-07 14:52:20.844110979,63.6s,1.68ms
39a12514-1c39-4104-b24f-def8c7f9b19f,resnet50-1,CPU,81.538668973,54.453277,27.0854,81.538677,2025-11-07 14:50:49.957286279,2025-11-07 14:51:17.042686336,2025-11-07 14:52:11.495963818,54.2s,1.21ms
ebc734c8-698c-417b-8f70-28231b7187c4,resnet50-1,CPU,88.197459832,62.181981,26.01549,88.197471,2025-11-07 14:50:51.608074371,2025-11-07 14:51:17.623564981,2025-11-07 14:52:19.805545725,61.9s,899µs
dea38f01-c7a3-4b65-a9a5-a5b98f0ee0cc,resnet50-1,CPU,27.609362151,0.953323,26.656042,27.609365,2025-11-07 14:50:53.951260439,2025-11-07 14:51:20.607302537,2025-11-07 14:51:21.560625456,953ms,313µs
0e75e286-3db2-400e-8243-7c8d221a83a8,resnet50-1,CPU,27.649644626,0.971856,26.677791,27.649647,2025-11-07 14:50:54.882798804,2025-11-07 14:51:21.560589178,2025-11-07 14:51:22.532445424,971ms,285µs
34081544-3a20-4a74-9562-b4996456e46c,resnet50-1,CPU,26.104078144,0.134129,25.969953,26.104082,2025-11-07 14:50:56.562462331,2025-11-07 14:51:22.532415948,2025-11-07 14:51:22.666544303,134ms,385µs
d8792e10-3779-420c-bef7-484f6e65800f,resnet50-1,CPU,26.177869912,1.083048,25.094824,26.177872,2025-11-07 14:50:57.571655158,2025-11-07 14:51:22.666479821,2025-11-07 14:51:23.749527885,1.08s,261µs
2dc408ee-9ad6-4e1c-be67-d8bbf41dc036,resnet50-1,CPU,26.797986138,1.764993,25.032998,26.797991,2025-11-07 14:50:58.716489801,2025-11-07 14:51:23.749487018,2025-11-07 14:51:25.514480377,1.76s,155µs
75185b46-ff7c-403d-9acf-3ef8e97e5927,resnet101-1,CPU,13.165110052,0.993675,12.171441,13.165116,2025-11-07 14:51:13.342976653,2025-11-07 14:51:25.514417819,2025-11-07 14:51:26.508092295,993ms,409µs
d217e3b8-546a-4f4d-806e-07fe863a12d0,mobilenet_v3_small-1,CPU,12.759560222,0.055994,12.703568,12.759562,2025-11-07 14:51:13.804468046,2025-11-07 14:51:26.508036,2025-11-07 14:51:26.564030953,55.4ms,388µs
9138bd81-bc22-409c-8231-e1530f7505dd,resnet101-1,CPU,10.693208686,0.970644,9.722567,10.693211,2025-11-07 14:51:16.841452143,2025-11-07 14:51:26.564019982,2025-11-07 14:51:27.534663134,970ms,366µs
8d0adc89-1775-4954-8d20-27aac8eb199f,resnet101-1,CPU,11.515895498,1.017421,10.498477,11.515898,2025-11-07 14:51:17.03615354,2025-11-07 14:51:27.534630912,2025-11-07 14:51:28.552051562,1.02s,325µs
d7b14cff-5d0e-4402-b5ce-cef1e5be4ac1,resnet101-1,CPU,12.561746582,1.064738,11.497011,12.561749,2025-11-07 14:51:17.055001337,2025-11-07 14:51:28.55201298,2025-11-07 14:51:29.616750073,1.06s,268µs
c525faab-8df8-4974-afe3-1adf4a6fddd4,resnet101-1,CPU,13.111082893,1.921662,11.189424,13.111086,2025-11-07 14:51:18.424449204,2025-11-07 14:51:29.613873643,2025-11-07 14:51:31.535535293,1.92s,1.60ms
f3eaa6bb-dba6-4be0-9794-08b10a2cdbed,mobilenet_v3_small-1,CPU,10.689259523,0.062714,10.626548,10.689262,2025-11-07 14:51:20.90896258,2025-11-07 14:51:31.535510727,2025-11-07 14:51:31.598224688,62.2ms,354µs
105be8d1-e8d9-47d9-b3f6-a7bc4f143c83,mobilenet_v3_small-1,CPU,10.044948895,0.040853,10.004097,10.04495,2025-11-07 14:51:21.594105715,2025-11-07 14:51:31.598202066,2025-11-07 14:51:31.639055923,40.6ms,176µs
078ab319-4fb7-40ac-aa70-813fabf83ce5,mobilenet_v3_small-1,CPU,9.088414687,0.040428,9.047989,9.088417,2025-11-07 14:51:22.591058792,2025-11-07 14:51:31.639047186,2025-11-07 14:51:31.679475653,40.1ms,228µs
b89bc250-8ac2-4b81-9e4f-4fe2aefcc0d4,mobilenet_v3_small-1,CPU,8.969802816,0.04217,8.927635,8.969805,2025-11-07 14:51:22.751823984,2025-11-07 14:51:31.679458702,2025-11-07 14:51:31.721628263,41.9ms,168µs
e0c6e1a7-984d-4563-923a-c569c551a062,mobilenet_v3_small-1,CPU,8.729415112,0.81002,7.919396,8.729416,2025-11-07 14:51:23.802217452,2025-11-07 14:51:31.721613996,2025-11-07 14:51:32.531633436,810ms,259µs
3a300430-35d1-4f36-a35a-503e04e2ffe4,mobilenet_v3_small-1,CPU,7.007431155,0.040022,6.967411,7.007433,2025-11-07 14:51:25.564209566,2025-11-07 14:51:32.531620071,2025-11-07 14:51:32.571642023,39.7ms,231µs
e4ae44b0-9839-493d-abc6-970959bc9834,resnet50-1,CPU,6.201196642,0.244398,5.956802,6.2012,2025-11-07 14:51:26.614825677,2025-11-07 14:51:32.571627346,2025-11-07 14:51:32.816025265,244ms,236µs
5850310b-fe7c-49b2-9d2d-fad41128c652,resnet34-1,CPU,6.292676897,0.153868,6.138811,6.292679,2025-11-07 14:51:26.677177306,2025-11-07 14:51:32.815988926,2025-11-07 14:51:32.969856167,153ms,340µs
7280a4f0-7330-4533-8243-37dd7fa662c9,resnet50-1,CPU,6.015405738,0.613485,5.401926,6.015411,2025-11-07 14:51:27.56794016,2025-11-07 14:51:32.969866005,2025-11-07 14:51:33.583351538,613ms,356µs
12d79031-7647-4fb2-bccd-c8c5a592a7ea,resnet50-1,CPU,5.874174893,0.981977,4.892203,5.87418,2025-11-07 14:51:28.691111753,2025-11-07 14:51:33.583314348,2025-11-07 14:51:34.565291334,981ms,375µs
21af5779-9dc7-4ee3-bb53-68811e08401d,resnet50-1,CPU,5.9005859229999995,0.963453,4.937136,5.900589,2025-11-07 14:51:29.628052881,2025-11-07 14:51:34.565188852,2025-11-07 14:51:35.528641368,963ms,375µs
4005d45c-31b1-47bb-8d7d-5afa16b9eb82,resnet34-1,CPU,3.196702745,0.15389,3.042815,3.196705,2025-11-07 14:51:32.485804642,2025-11-07 14:51:35.528619867,2025-11-07 14:51:35.68250934,153ms,459µs
a584a7bd-c4e7-417a-923b-6fd50c6d040b,resnet34-1,CPU,4.021690891,0.861096,3.160597,4.021693,2025-11-07 14:51:32.521878349,2025-11-07 14:51:35.682475176,2025-11-07 14:51:36.543571044,861ms,189µs
7969c035-4206-47af-bdb0-ae1e46ac4a95,resnet34-1,CPU,4.097226008,0.140375,3.956854,4.097229,2025-11-07 14:51:32.586682811,2025-11-07 14:51:36.543536228,2025-11-07 14:51:36.683911253,140ms,265µs
a573c4cd-11eb-4e0f-babe-7bdf20726542,resnet34-1,CPU,4.902605315,0.88628,4.016327,4.902607,2025-11-07 14:51:32.667549985,2025-11-07 14:51:36.683876869,2025-11-07 14:51:37.570156913,886ms,239µs
47595dc2-4ef1-4014-a27f-36d6449e72ac,resnet50-1,CPU,4.807507528,0.208559,4.598952,4.807511,2025-11-07 14:51:32.971168405,2025-11-07 14:51:37.570120334,2025-11-07 14:51:37.778679871,208ms,670µs
b13d89f8-aa9a-4fb3-a202-8995c7452d3e,resnet34-1,CPU,4.902485892,0.126956,4.775532,4.902488,2025-11-07 14:51:33.003098088,2025-11-07 14:51:37.778630417,2025-11-07 14:51:37.905586405,127ms,230µs
21eb5b1a-4a28-438f-aa9d-49dbe97d3e86,resnet34-1,CPU,5.579701733,0.702581,4.877122,5.579703,2025-11-07 14:51:33.028427827,2025-11-07 14:51:37.905549696,2025-11-07 14:51:38.608130772,702ms,243µs
bcffcf25-ccd6-4a4c-bc76-2309279f4984,mobilenet_v3_small-1,CPU,5.556301812,0.065445,5.490867,5.556312,2025-11-07 14:51:33.117231979,2025-11-07 14:51:38.608098161,2025-11-07 14:51:38.673543691,64.9ms,377µs
b4540564-5c54-40a3-bf94-6bb7d8c59e73,resnet18-1,CPU,5.619430816,0.096133,5.5233,5.619433,2025-11-07 14:51:33.150202519,2025-11-07 14:51:38.673502052,2025-11-07 14:51:38.769635098,93.8ms,2.25ms
4cbb6dc2-851a-4555-a1a7-a2db2a022a30,mobilenet_v3_small-1,CPU,5.103308532,0.040588,5.062722,5.10331,2025-11-07 14:51:33.70689683,2025-11-07 14:51:38.769618407,2025-11-07 14:51:38.810206805,40.4ms,148µs
0d387fa0-7ea9-46e2-86a1-8594a32c6427,mobilenet_v3_small-1,CPU,4.132416514,0.039582,4.092839,4.132421,2025-11-07 14:51:34.717345606,2025-11-07 14:51:38.810184513,2025-11-07 14:51:38.849766768,38.3ms,124µs
3b0dd8eb-cc0c-4776-b68a-5d300831205a,mobilenet_v3_small-1,CPU,3.972440939,0.668611,3.303831,3.972442,2025-11-07 14:51:35.544858298,2025-11-07 14:51:38.848689854,2025-11-07 14:51:39.51730098,668ms,213µs
877ab35f-ebaf-4c8b-b987-262530976a0b,resnet18-1,CPU,3.867595005,0.107478,3.760119,3.867597,2025-11-07 14:51:35.757164692,2025-11-07 14:51:39.517283978,2025-11-07 14:51:39.624761741,106ms,344µs
cf04152c-47a5-4739-9561-7e5268480744,resnet18-1,CPU,3.136313602,0.073617,3.062698,3.136315,2025-11-07 14:51:36.560919713,2025-11-07 14:51:39.623617979,2025-11-07 14:51:39.697234537,73.2ms,349µs
7a90ac2b-4eae-4e17-af40-d1508a7c9614,resnet18-1,CPU,3.815766392,0.887578,2.92819,3.815768,2025-11-07 14:51:36.769025115,2025-11-07 14:51:39.697215121,2025-11-07 14:51:40.584793811,887ms,234µs
1af3f39c-22c9-495d-8bcf-16cf15a07fd0,resnet18-1,CPU,3.002593496,0.100277,2.902319,3.002596,2025-11-07 14:51:37.681869451,2025-11-07 14:51:40.584188682,2025-11-07 14:51:40.684465502,98.7ms,185µs
13d4095f-7e5e-4c78-9532-a767b41dd1cc,resnet18-1,CPU,2.964584593,0.888672,2.075917,2.964589,2025-11-07 14:51:38.607217555,2025-11-07 14:51:40.683134689,2025-11-07 14:51:41.571806276,888ms,219µs
cedc57d6-f494-4c0d-a47f-bf26a2972747,mobilenet_v3_small-1,CPU,2.938416267,0.145967,2.792452,2.938419,2025-11-07 14:51:38.779136748,2025-11-07 14:51:41.571588747,2025-11-07 14:51:41.7175556,145ms,765µs
25d76b1b-3dd8-41db-b8c2-b53eee876b0a,resnet18-1,CPU,2.953442909,0.087337,2.866108,2.953445,2025-11-07 14:51:38.851433113,2025-11-07 14:51:41.717541834,2025-11-07 14:51:41.804878176,86.8ms,366µs
8c71a05d-870d-403e-8caf-138e9e53c003,resnet34-1,CPU,2.900140599,0.158056,2.742088,2.900144,2025-11-07 14:51:39.062781394,2025-11-07 14:51:41.804869349,2025-11-07 14:51:41.962925159,158ms,331µs
62fb1f57-0cb6-4131-80ba-cb48b4251623,resnet34-1,CPU,3.460780869,0.588277,2.872505,3.460782,2025-11-07 14:51:39.090392504,2025-11-07 14:51:41.962897838,2025-11-07 14:51:42.551174505,588ms,215µs
e0fde5e5-5c17-4d8f-b58a-405b83ddfefc,resnet34-1,CPU,3.576921254,0.161701,3.415222,3.576923,2025-11-07 14:51:39.135933849,2025-11-07 14:51:42.55115584,2025-11-07 14:51:42.712856536,161ms,283µs
c011ee8f-5328-4e25-af71-fbd4d43a3207,resnet34-1,CPU,4.137823338,0.955199,3.182627,4.137826,2025-11-07 14:51:39.530207434,2025-11-07 14:51:42.712834555,2025-11-07 14:51:43.668033127,955ms,223µs
6f0cf95f-35a4-4225-a817-2a60a9ffc76d,resnet18-1,CPU,1.420827965,0.102614,1.318215,1.420829,2025-11-07 14:51:42.349792056,2025-11-07 14:51:43.668007137,2025-11-07 14:51:43.770621053,102ms,426µs
e337ee46-364e-46a3-b098-800c1d74dc99,resnet34-1,CPU,2.080505563,0.798263,1.282249,2.080512,2025-11-07 14:51:42.48835237,2025-11-07 14:51:43.770601837,2025-11-07 14:51:44.568864766,797ms,736µs
a104ff2f-977c-483d-8bde-8d5e49b64478,resnet18-1,CPU,2.081197085,0.10151,1.979689,2.081199,2025-11-07 14:51:42.589074667,2025-11-07 14:51:44.568763897,2025-11-07 14:51:44.670273766,101ms,174µs
0b1f714f-df68-41cb-aab5-a8ee9f4fd725,resnet18-1,CPU,2.012748047,0.099978,1.912771,2.012749,2025-11-07 14:51:42.757485293,2025-11-07 14:51:44.670256433,2025-11-07 14:51:44.770234612,98.4ms,173µs
4fe43c32-6a34-489a-9484-7e225021b655,resnet18-1,CPU,1.937278295,0.855695,1.081585,1.93728,2025-11-07 14:51:43.6874045,2025-11-07 14:51:44.76898956,2025-11-07 14:51:45.624684318,854ms,201µs
20c1b532-844b-475c-8019-e0bb63b95bd5,resnet18-1,CPU,0.600150912,0.186454,0.413698,0.600152,2025-11-07 14:51:45.209597274,2025-11-07 14:51:45.623295376,2025-11-07 14:51:45.809749369,186ms,608µs
f0075cee-b852-44c3-a941-3be5f5d24315,mobilenet_v3_small-1,CPU,0.035948523,0.035877,7.4e-05,0.035951,2025-11-07 14:51:59.55584625,2025-11-07 14:51:59.5559205,2025-11-07 14:51:59.591797959,35.1ms,481µs
61da39bd-0436-4397-a58a-35a297fb5671,resnet34-1,CPU,0.139230577,0.139138,9.3e-05,0.139231,2025-11-07 14:51:59.675811272,2025-11-07 14:51:59.675904047,2025-11-07 14:51:59.81504253,138ms,533µs
f62818e5-6fd7-4d83-bd7a-b841b567b56f,resnet18-1,CPU,0.073040716,0.072987,5.8e-05,0.073045,2025-11-07 14:51:59.86980601,2025-11-07 14:51:59.869864911,2025-11-07 14:51:59.942851415,72.5ms,310µs
86028916-0521-423b-b42f-17bed13165d3,mobilenet_v3_small-1,CPU,8.952722281,8.952639,9.4e-05,8.952733,2025-11-07 14:52:11.569783259,2025-11-07 14:52:11.569877497,2025-11-07 14:52:20.522516781,8.95s,645µs
5beb9b67-411f-4ae7-babc-b39d3d44f6d9,mobilenet_v3_small-1,CPU,44.967018621,44.966965,6.5e-05,44.96703,2025-11-07 14:52:19.880242397,2025-11-07 14:52:19.880307359,2025-11-07 14:53:04.847272419,44.7s,805µs
749605c1-9ba1-4abf-892c-ccb2a61cda8e,resnet34-1,CPU,6.001882433,6.000598,0.001285,6.001883,2025-11-07 14:52:20.574576898,2025-11-07 14:52:20.575861525,2025-11-07 14:52:26.576459972,6.00s,2.36ms
6b25abfd-9610-4dd5-b691-6743a9873377,mobilenet_v3_small-1,CPU,5.5127462860000005,5.512686,6.3e-05,5.512749,2025-11-07 14:52:20.999014467,2025-11-07 14:52:20.999077775,2025-11-07 14:52:26.511763909,5.51s,247µs
d4c38ca4-277c-4e29-af91-fbbf6aafac86,mobilenet_v3_small-1,CPU,45.014082125,45.014019,7e-05,45.014089,2025-11-07 14:52:21.57895895,2025-11-07 14:52:21.579028189,2025-11-07 14:53:06.593047628,44.7s,700µs
b2908f5c-d884-4f11-be4d-68cd67dd3ffa,resnet34-1,CPU,45.24825874,45.24824,4.6e-05,45.248286,2025-11-07 14:52:26.539615614,2025-11-07 14:52:26.53966149,2025-11-07 14:53:11.787901074,45.1s,1.08ms
b0f297f7-ee37-48f4-be77-e17e0b879db1,resnet18-1,CPU,0.152312547,0.152246,6.8e-05,0.152314,2025-11-07 14:52:26.633911661,2025-11-07 14:52:26.633979889,2025-11-07 14:52:26.786225931,152ms,453µs
f188ebdc-04b3-489f-adcd-033f56ee5af3,resnet34-1,CPU,0.133275646,0.133205,7.5e-05,0.13328,2025-11-07 14:53:04.908948776,2025-11-07 14:53:04.909023616,2025-11-07 14:53:05.042228339,133ms,460µs
4a7165d1-e821-4ec6-9e9b-f16224ad4965,resnet18-1,CPU,0.067429117,0.067333,9.8e-05,0.067431,2025-11-07 14:53:05.103474136,2025-11-07 14:53:05.10357243,2025-11-07 14:53:05.170905387,65.4ms,652µs
ae48df8f-7aa0-40e7-b09e-f109b7529ccb,resnet34-1,CPU,0.098260358,0.098151,0.000111,0.098262,2025-11-07 14:53:06.623541833,2025-11-07 14:53:06.623652622,2025-11-07 14:53:06.721803433,97.4ms,521µs
530753ce-7872-44a7-bc1d-9c9bd0936006,resnet18-1,CPU,0.059396197,0.059318,8.1e-05,0.059399,2025-11-07 14:53:06.754182665,2025-11-07 14:53:06.754263627,2025-11-07 14:53:06.813581687,58.7ms,428µs
52001f0e-a015-40a7-9216-be816c3f5289,resnet18-1,CPU,0.09206267,0.091947,0.000122,0.092069,2025-11-07 14:53:11.839806794,2025-11-07 14:53:11.839928353,2025-11-07 14:53:11.931875415,90.8ms,708µs
25da6e5e-47ba-4cb9-912b-28c67f1a0bb1,vit_b_16-1,CPU,9.705430252,9.705284,0.000152,9.705436,2025-11-07 14:55:06.9907668,2025-11-07 14:55:06.990918686,2025-11-07 14:55:16.696202202,9.70s,874µs
29bc1df9-3499-4887-8d90-711b6287ea7c,vit_b_16-1,CPU,13.246193241,13.246134,6.6e-05,13.2462,2025-11-07 14:55:07.51105363,2025-11-07 14:55:07.511119524,2025-11-07 14:55:20.757253834,13.2s,465µs
fb386467-2629-4458-9282-bbeab88ba02d,vit_b_16-1,CPU,12.680559155,12.680484,7.8e-05,12.680562,2025-11-07 14:55:08.250037349,2025-11-07 14:55:08.250115296,2025-11-07 14:55:20.930599389,12.7s,335µs
80a7ca64-67df-4f6e-a4a3-2861c71d44c1,vit_b_16-1,CPU,12.517641144,12.517571,7.2e-05,12.517643,2025-11-07 14:55:08.349035325,2025-11-07 14:55:08.349107842,2025-11-07 14:55:20.866678263,12.5s,418µs
62455ec2-3f06-437d-9a16-8380aeeead91,vit_b_16-1,CPU,7.733870586,7.733794,8.1e-05,7.733875,2025-11-07 14:55:09.196151333,2025-11-07 14:55:09.196232706,2025-11-07 14:55:16.930026077,7.73s,434µs
4ebe0b92-1548-438f-ac85-8590834e5678,vit_b_16-1,CPU,12.534764593,12.534695,7.6e-05,12.534771,2025-11-07 14:55:11.180264496,2025-11-07 14:55:11.18034068,2025-11-07 14:55:23.715035231,12.5s,394µs
ad540eb3-da0b-4c40-ade3-c61f6de0a146,resnet101-1,CPU,10.861912263,10.86184,7.8e-05,10.861918,2025-11-07 14:55:16.757786252,2025-11-07 14:55:16.757864781,2025-11-07 14:55:27.619704897,10.9s,453µs
aa0a1fe7-b4ad-4ee3-a2bd-fdd2b5bf17e4,resnet101-1,CPU,47.607096227,47.607037,6.3e-05,47.6071,2025-11-07 14:55:16.948678032,2025-11-07 14:55:16.94874129,2025-11-07 14:56:04.555778948,47.3s,1.35ms
c5a1aca1-b406-4d5b-a032-eb118bf94a82,resnet101-1,CPU,75.981350464,75.980005,0.001349,75.981354,2025-11-07 14:55:20.801412728,2025-11-07 14:55:20.802761985,2025-11-07 14:56:36.782766749,75.7s,1.00ms
49010e15-ac9d-4e90-8742-0d492002f790,resnet101-1,CPU,81.666310386,81.666263,5.5e-05,81.666318,2025-11-07 14:55:20.938922675,2025-11-07 14:55:20.938977288,2025-11-07 14:56:42.605240535,81.4s,1.05ms
40285353-d7fe-49b9-a4c3-8b4e43e3927c,resnet101-1,CPU,80.787590185,80.787558,3.7e-05,80.787595,2025-11-07 14:55:21.007992696,2025-11-07 14:55:21.008029947,2025-11-07 14:56:41.795587369,80.6s,649µs
ced6335d-d6d1-40c8-94e5-6cb8f363098a,resnet101-1,CPU,76.846594608,76.846489,0.000111,76.8466,2025-11-07 14:55:23.76820319,2025-11-07 14:55:23.768314249,2025-11-07 14:56:40.614803859,76.6s,786µs
cdb1c745-54d4-44b9-b90b-f16f69da4de5,resnet50-1,CPU,0.195136916,0.195068,7.1e-05,0.195139,2025-11-07 14:55:27.669805227,2025-11-07 14:55:27.669876993,2025-11-07 14:55:27.864944588,194ms,487µs
37e5bfc0-9f92-4f5c-9ed0-479eb1b34b21,mobilenet_v3_small-1,CPU,0.040337505,0.040251,8.8e-05,0.040339,2025-11-07 14:55:27.900298129,2025-11-07 14:55:27.900386725,2025-11-07 14:55:27.940637016,39.7ms,391µs
5c0ff1ae-a342-45e4-8cfe-0d3544110d65,resnet34-1,CPU,0.188097495,0.188004,9.5e-05,0.188099,2025-11-07 14:55:27.990545355,2025-11-07 14:55:27.990640544,2025-11-07 14:55:28.178644683,187ms,595µs
5ae60dee-7b40-4ce5-888b-b02162ed24f6,resnet18-1,CPU,0.082782355,0.082727,5.7e-05,0.082784,2025-11-07 14:55:28.214572184,2025-11-07 14:55:28.21462905,2025-11-07 14:55:28.297356152,82.2ms,422µs
08fdb1fb-a7dc-46b3-a7d9-9e606600c80a,resnet50-1,CPU,0.239515671,0.239442,7.7e-05,0.239519,2025-11-07 14:56:04.62593283,2025-11-07 14:56:04.626009845,2025-11-07 14:56:04.865451326,239ms,359µs
be411435-3f4d-4179-847e-61515c5dfbb4,mobilenet_v3_small-1,CPU,0.034687479,0.0346,9.1e-05,0.034691,2025-11-07 14:56:04.880850813,2025-11-07 14:56:04.880941253,2025-11-07 14:56:04.915541388,34.1ms,356µs
b2d52820-07c2-41ac-96bd-5fd49b49fe24,resnet34-1,CPU,0.168594134,0.168522,7.6e-05,0.168598,2025-11-07 14:56:04.936575824,2025-11-07 14:56:04.936651277,2025-11-07 14:56:05.105173184,168ms,400µs
6ffd9fc6-fe40-4721-8539-8e038d949118,resnet18-1,CPU,0.063250497,0.063158,9.8e-05,0.063256,2025-11-07 14:56:05.121534781,2025-11-07 14:56:05.121632494,2025-11-07 14:56:05.184790708,62.5ms,441µs
d6e10caa-8cea-4bd8-b49b-4d96456f746f,resnet50-1,CPU,0.23040082,0.230321,8.3e-05,0.230404,2025-11-07 14:56:36.907552329,2025-11-07 14:56:36.907635595,2025-11-07 14:56:37.137956485,229ms,857µs
466e439c-8b3c-468f-8e57-a333d6c3c0c6,mobilenet_v3_small-1,CPU,0.052535533,0.052406,0.000131,0.052537,2025-11-07 14:56:37.234790076,2025-11-07 14:56:37.234921854,2025-11-07 14:56:37.287327081,50.8ms,1.33ms
fbd35a63-66ee-4bcf-b6aa-74ef8e484739,resnet34-1,CPU,0.181643764,0.18156,9.8e-05,0.181658,2025-11-07 14:56:37.355100859,2025-11-07 14:56:37.355198312,2025-11-07 14:56:37.53675895,179ms,833µs
670ac825-eefd-4211-a2aa-a2e5a378ff9a,resnet18-1,CPU,0.431424689,0.431371,5.5e-05,0.431426,2025-11-07 14:56:37.591492128,2025-11-07 14:56:37.591547381,2025-11-07 14:56:38.02291863,431ms,615µs
d2bb2424-6d03-4e07-809b-6b29d695cd5c,resnet50-1,CPU,15.054007054,15.053933,7.6e-05,15.054009,2025-11-07 14:56:40.689163075,2025-11-07 14:56:40.689239639,2025-11-07 14:56:55.743172052,15.1s,677µs
7476e709-0b57-4cc8-a4ca-656910a67797,resnet50-1,CPU,8.939231591,8.939158,8.5e-05,8.939243,2025-11-07 14:56:41.883822936,2025-11-07 14:56:41.883907936,2025-11-07 14:56:50.823065878,8.94s,1.17ms
26137694-5cc8-4cfa-979e-622a6cb6bd1e,resnet50-1,CPU,13.782498370999999,13.782399,0.0001,13.782499,2025-11-07 14:56:42.735335103,2025-11-07 14:56:42.735435682,2025-11-07 14:56:56.517834475,13.8s,826µs
56540617-fdb3-480e-9313-b4a9db1a83e1,mobilenet_v3_small-1,CPU,0.050174052,0.050083,9.3e-05,0.050176,2025-11-07 14:56:50.86109307,2025-11-07 14:56:50.861186987,2025-11-07 14:56:50.911269356,48.8ms,1.08ms
629fabb5-d404-4563-9b10-7278925481f5,resnet34-1,CPU,0.179303654,0.179211,9.5e-05,0.179306,2025-11-07 14:56:50.957450586,2025-11-07 14:56:50.957545584,2025-11-07 14:56:51.136756084,175ms,885µs
dea50e0b-8d0e-43f3-8031-c5d145bfe7e7,resnet18-1,CPU,0.072895733,0.07281,8.7e-05,0.072897,2025-11-07 14:56:51.170034203,2025-11-07 14:56:51.170121597,2025-11-07 14:56:51.242931308,72.1ms,564µs
4a9d77f2-1820-45ae-bd11-1f2548368ec3,mobilenet_v3_small-1,CPU,0.050261656,0.050209,5.5e-05,0.050264,2025-11-07 14:56:55.837222639,2025-11-07 14:56:55.837277724,2025-11-07 14:56:55.887486109,49.2ms,790µs
5fb558c2-792b-4819-b9f9-bdd348cd0f1b,resnet34-1,CPU,0.15679261,0.156715,8.7e-05,0.156802,2025-11-07 14:56:55.933754884,2025-11-07 14:56:55.933841398,2025-11-07 14:56:56.090556271,156ms,477µs
3064dc44-12f4-469e-ad53-1477c2ed0504,resnet18-1,CPU,0.075029316,0.074986,4.5e-05,0.075031,2025-11-07 14:56:56.129936819,2025-11-07 14:56:56.129981674,2025-11-07 14:56:56.204967508,74.4ms,437µs
0f15f15b-ee9a-44b1-a128-5127930b43a8,mobilenet_v3_small-1,CPU,0.036500481,0.036412,9.5e-05,0.036507,2025-11-07 14:56:56.55086019,2025-11-07 14:56:56.55095562,2025-11-07 14:56:56.587367213,35.8ms,371µs
8e07d9f7-3c2d-40eb-b638-0550cab76229,resnet34-1,CPU,0.096502038,0.096415,8.9e-05,0.096504,2025-11-07 14:56:56.616785682,2025-11-07 14:56:56.616874339,2025-11-07 14:56:56.713289383,95.7ms,581µs
cae0a91f-86ec-4dfd-891d-9816b1cd1c64,resnet18-1,CPU,0.088627556,0.088549,8.5e-05,0.088634,2025-11-07 14:56:56.74955415,2025-11-07 14:56:56.749639891,2025-11-07 14:56:56.838188078,87.9ms,386µs
bcfa49e0-ae51-4e96-81f7-f444ae1b1e5e,vit_b_16-1,CPU,0.320855416,0.320682,0.000177,0.320859,2025-11-07 14:58:44.383044372,2025-11-07 14:58:44.383221164,2025-11-07 14:58:44.703903795,319ms,1.14ms
ece296e3-3af6-47ad-93f5-155589b2ccb6,resnet101-1,CPU,0.680416254,0.680303,0.000115,0.680418,2025-11-07 14:58:44.85989085,2025-11-07 14:58:44.860005296,2025-11-07 14:58:45.540308686,679ms,710µs
db935531-4590-4aff-b195-4f1cd493e8c2,vit_b_16-1,CPU,11.18242625,11.182366,7.9e-05,11.182445,2025-11-07 14:58:45.628090036,2025-11-07 14:58:45.628169155,2025-11-07 14:58:56.810535182,11.2s,737µs
aa86158d-d2fd-4664-bb90-e94cad92acdb,resnet50-1,CPU,0.929058597,0.928957,0.000104,0.929061,2025-11-07 14:58:45.65063151,2025-11-07 14:58:45.650735846,2025-11-07 14:58:46.579692672,928ms,494µs
3d4922ac-020d-439b-8410-8a215a0ebc94,vit_b_16-1,CPU,12.984781784,12.98475,4.5e-05,12.984795,2025-11-07 14:58:46.213121637,2025-11-07 14:58:46.213166862,2025-11-07 14:58:59.197916996,13.0s,748µs
05d85c80-7070-43d7-8c82-1553dd2956d7,mobilenet_v3_small-1,CPU,7.221404267,7.221366,4.2e-05,7.221408,2025-11-07 14:58:46.623944776,2025-11-07 14:58:46.623986425,2025-11-07 14:58:53.84535237,7.22s,402µs
63f65658-c4eb-4eb8-9a63-3b3f87b446e4,vit_b_16-1,CPU,13.188961339,13.188914,6.3e-05,13.188977,2025-11-07 14:58:47.89679665,2025-11-07 14:58:47.89685997,2025-11-07 14:59:01.085773377,13.2s,856µs
0100ac42-002b-4d38-927a-ed12e204f5de,vit_b_16-1,CPU,13.137523867,13.137488,3.8e-05,13.137526,2025-11-07 14:58:47.992467652,2025-11-07 14:58:47.992505393,2025-11-07 14:59:01.129993743,13.1s,549µs
4fda2e23-77e5-4a94-8283-e44c573466d0,vit_b_16-1,CPU,6.549010719,6.548949,6.4e-05,6.549013,2025-11-07 14:58:48.178264232,2025-11-07 14:58:48.178328123,2025-11-07 14:58:54.727277616,6.55s,530µs
69d5ccd3-0c33-42a7-b2a2-aecc7194b22e,vit_b_16-1,CPU,18.024728546,12.951833,5.072904,18.024737,2025-11-07 14:58:48.771688663,2025-11-07 14:58:53.844592611,2025-11-07 14:59:06.796425965,13.0s,522µs
0474c942-fb11-4733-8aeb-93fcb7c10b4a,vit_b_16-1,CPU,16.569044085,10.883568,5.685489,16.569057,2025-11-07 14:58:49.041754587,2025-11-07 14:58:54.727243943,2025-11-07 14:59:05.610811286,10.9s,314µs
b7cda5b9-9302-4bed-be0c-6053e8f33af4,vit_b_16-1,CPU,20.475177567,12.847362,7.627827,20.475189,2025-11-07 14:58:49.182613243,2025-11-07 14:58:56.810440815,2025-11-07 14:59:09.657802021,12.8s,933µs
6624ad8e-178c-4a5e-a04f-5cd5a47708c4,resnet34-1,CPU,16.887004332,11.604954,5.282057,16.887011,2025-11-07 14:58:53.915771719,2025-11-07 14:58:59.1978287,2025-11-07 14:59:10.802782523,11.6s,641µs
904e2c84-1e9d-4038-b6f8-d44bd470de08,resnet101-1,CPU,43.369718248,37.076927,6.292796,43.369723,2025-11-07 14:58:54.79288899,2025-11-07 14:59:01.08568425,2025-11-07 14:59:38.162611216,37.1s,690µs
4f688bee-dad9-46e5-a10a-66d8202a637d,resnet101-1,CPU,40.827133225,36.571139,4.256004,40.827143,2025-11-07 14:58:56.873971075,2025-11-07 14:59:01.129975369,2025-11-07 14:59:37.70111497,36.6s,490µs
05faf68a-2aee-4cef-b76b-b0dc10ff996a,resnet101-1,CPU,42.652052519,36.29876,6.353302,42.652062,2025-11-07 14:58:59.257468742,2025-11-07 14:59:05.610770639,2025-11-07 14:59:41.909530649,36.3s,515µs
90c59b96-52b3-4d72-9b8d-a1885de8f410,resnet101-1,CPU,42.431165081,36.766644,5.66453,42.431174,2025-11-07 14:59:01.131709129,2025-11-07 14:59:06.796239705,2025-11-07 14:59:43.562883588,36.8s,511µs
a0b01820-ea9d-4754-bf70-53d84c8d1af0,resnet101-1,CPU,25.4447273,16.971123,8.473606,25.444729,2025-11-07 14:59:01.183643206,2025-11-07 14:59:09.657249381,2025-11-07 14:59:26.62837244,17.0s,653µs
a1779ab1-d3c3-4a4f-813d-683f8480a90d,resnet101-1,CPU,26.153278974,21.009986,5.143302,26.153288,2025-11-07 14:59:05.657496608,2025-11-07 14:59:10.80079817,2025-11-07 14:59:31.8107848,21.0s,633µs
d1abed20-1e15-44c8-9b3e-5df9e3592e89,resnet101-1,CPU,46.823188624,27.069509,19.753687,46.823196,2025-11-07 14:59:06.874248081,2025-11-07 14:59:26.627935658,2025-11-07 14:59:53.69744465,27.1s,296µs
a387c8e0-2fca-45fc-82d1-3afa491816ce,resnet101-1,CPU,55.285706004,33.196877,22.088833,55.28571,2025-11-07 14:59:09.721834226,2025-11-07 14:59:31.810667079,2025-11-07 15:00:05.007544628,33.2s,638µs
ed713009-c552-45a6-a867-921f1e7195b7,resnet18-1,CPU,33.214743621,6.463358,26.751399,33.214757,2025-11-07 14:59:10.949653441,2025-11-07 14:59:37.701052834,2025-11-07 14:59:44.164410848,6.46s,593µs
ebd3e8e4-9490-4185-8ca8-86bc17198aa3,resnet50-1,CPU,11.817383299,0.331391,11.486001,11.817392,2025-11-07 14:59:26.675994355,2025-11-07 14:59:38.161995226,2025-11-07 14:59:38.493386,331ms,344µs
6225bc6b-cc97-4879-94e3-c28e71ff9a96,resnet50-1,CPU,19.614205361,13.028639,6.585586,19.614225,2025-11-07 14:59:31.907711566,2025-11-07 14:59:38.493297875,2025-11-07 14:59:51.521936503,13.0s,531µs
8d578d56-d61f-4e35-8a25-55efaf2dfa8c,resnet50-1,CPU,21.780384702,17.790243,3.990144,21.780387,2025-11-07 14:59:37.919312387,2025-11-07 14:59:41.909456579,2025-11-07 14:59:59.699699012,17.8s,695µs
ba852db3-ef3e-4232-a809-9b378764c00c,resnet50-1,CPU,23.649670036,18.345283,5.304391,23.649674,2025-11-07 14:59:38.258435899,2025-11-07 14:59:43.56282605,2025-11-07 15:00:01.908109612,18.3s,570µs
48d526f9-fc1e-46a6-9c28-a9444398ae69,mobilenet_v3_small-1,CPU,14.092931839,8.509951,5.582992,14.092943,2025-11-07 14:59:38.581333765,2025-11-07 14:59:44.164325728,2025-11-07 14:59:52.674276104,8.51s,494µs
29175da4-3977-4a6e-b6d7-cef1485e33f4,resnet50-1,CPU,27.485393878,18.017721,9.467677,27.485398,2025-11-07 14:59:42.053574932,2025-11-07 14:59:51.521251995,2025-11-07 15:00:09.538972277,18.0s,655µs
5a126d9e-1305-49d2-a5ff-47a308106259,resnet50-1,CPU,19.02852105,10.049874,8.978648,19.028522,2025-11-07 14:59:43.695555057,2025-11-07 14:59:52.674203637,2025-11-07 15:00:02.724077589,10.0s,592µs
b0f93a2f-7966-4253-a777-dc6bd47ddb5b,mobilenet_v3_small-1,CPU,11.067209776,9.06766,1.99955,11.06721,2025-11-07 14:59:51.697855289,2025-11-07 14:59:53.697405606,2025-11-07 15:00:02.765065766,9.07s,493µs
b9da69d3-2061-4061-8c75-4be9f57abdb0,resnet34-1,CPU,19.79372227,12.908929,6.884795,19.793724,2025-11-07 14:59:52.814333407,2025-11-07 14:59:59.699128569,2025-11-07 15:00:12.608057811,12.9s,303µs
6c7a13a6-3935-42ae-a24c-8e2b6af0b7d9,resnet50-1,CPU,26.997227423,18.891416,8.105815,26.997231,2025-11-07 14:59:53.801611326,2025-11-07 15:00:01.907426427,2025-11-07 15:00:20.798842135,18.9s,435µs
ce0159ab-d0c4-4d80-ae7a-0c7fbc169223,mobilenet_v3_small-1,CPU,12.239069618,9.312196,2.926883,12.239079,2025-11-07 14:59:59.797132533,2025-11-07 15:00:02.724015363,2025-11-07 15:00:12.036211549,9.31s,387µs
6d38ed11-02ab-4ada-9d5e-445792b12a45,mobilenet_v3_small-1,CPU,10.169916119,9.453715,0.716204,10.169919,2025-11-07 15:00:02.048824362,2025-11-07 15:00:02.765028066,2025-11-07 15:00:12.218743426,9.45s,199µs
ed8aba6f-6ff1-4197-ab14-ff33fb9bdedd,mobilenet_v3_small-1,CPU,2.418052138,0.278362,2.139693,2.418055,2025-11-07 15:00:02.867777827,2025-11-07 15:00:05.007470409,2025-11-07 15:00:05.28583261,277ms,631µs
75c8e72e-1e5c-40ee-990d-b4e493c896df,resnet34-1,CPU,2.52381593,0.139605,2.384212,2.523817,2025-11-07 15:00:02.900786282,2025-11-07 15:00:05.28499846,2025-11-07 15:00:05.424603284,139ms,412µs
efa2511e-6678-42c5-9bed-190f24f9328c,resnet50-1,CPU,8.4262605,8.10144,0.32483,8.42627,2025-11-07 15:00:05.099919562,2025-11-07 15:00:05.424749038,2025-11-07 15:00:13.526189179,8.10s,281µs
1621b2de-ec65-42c5-a018-9c75b76c4666,resnet34-1,CPU,14.668559891,10.446688,4.221878,14.668566,2025-11-07 15:00:05.316310375,2025-11-07 15:00:09.538188212,2025-11-07 15:00:19.984876818,10.4s,429µs
bb560cf5-53d2-4994-b24a-9b07ba59631e,resnet18-1,CPU,13.362580703,6.79783,6.56476,13.36259,2025-11-07 15:00:05.471389697,2025-11-07 15:00:12.036149252,2025-11-07 15:00:18.833979637,6.80s,468µs
d5796925-bf84-4931-b769-8d6c50818548,mobilenet_v3_small-1,CPU,12.121668921,9.61476,2.506912,12.121672,2025-11-07 15:00:09.711785101,2025-11-07 15:00:12.21869725,2025-11-07 15:00:21.833457548,9.61s,281µs
bfd677ce-52fe-404f-ae51-fefd13677b61,resnet34-1,CPU,13.633675174,13.114222,0.519456,13.633678,2025-11-07 15:00:12.088572881,2025-11-07 15:00:12.608028035,2025-11-07 15:00:25.7222507,13.1s,466µs
ad3c5112-934b-4c8f-80f7-e9d303d3aa88,resnet34-1,CPU,48.415862608,47.159497,1.256367,48.415864,2025-11-07 15:00:12.269745401,2025-11-07 15:00:13.526112686,2025-11-07 15:01:00.685609722,46.8s,1.29ms
cfadb95e-6077-411e-a537-cc1f148171b4,resnet18-1,CPU,13.031515348,6.981993,6.049525,13.031518,2025-11-07 15:00:12.784398792,2025-11-07 15:00:18.833923783,2025-11-07 15:00:25.815916114,6.98s,293µs
22f4f454-fc52-4f7c-bbc7-8f8b6b03033c,mobilenet_v3_small-1,CPU,15.126584381,8.784056,6.342532,15.126588,2025-11-07 15:00:13.64229584,2025-11-07 15:00:19.984827765,2025-11-07 15:00:28.768883638,8.78s,422µs
d24d08cc-1d04-4dfa-bb2c-91b90d9f8258,resnet18-1,CPU,4.135048904,3.394307,0.740744,4.135051,2025-11-07 15:00:20.058070189,2025-11-07 15:00:20.798814924,2025-11-07 15:00:24.193121558,3.06s,1.59ms
d5241032-bc89-4b2b-9ebe-0b5c35d4d556,mobilenet_v3_small-1,CPU,8.043997599,7.039282,1.004717,8.043999,2025-11-07 15:00:20.828699823,2025-11-07 15:00:21.833416652,2025-11-07 15:00:28.872698645,7.04s,308µs
1b14a949-1742-4398-a43b-e5844d18ae60,resnet34-1,CPU,2.430021205,0.113789,2.316234,2.430023,2025-11-07 15:00:21.87686138,2025-11-07 15:00:24.193095017,2025-11-07 15:00:24.306884749,113ms,257µs
c1364c12-acbc-41f6-93a8-5880694d99c2,resnet18-1,CPU,3.195280331,3.195224,6.4e-05,3.195288,2025-11-07 15:00:24.350090116,2025-11-07 15:00:24.350154578,2025-11-07 15:00:27.545378092,3.19s,296µs
08b938da-394e-4385-99a5-bc06cdb02b56,resnet18-1,CPU,5.903578051,5.903518,6.4e-05,5.903582,2025-11-07 15:00:25.962439943,2025-11-07 15:00:25.962503954,2025-11-07 15:00:31.866021271,5.90s,448µs
9b54e3ee-8df0-4a59-b52d-b81bfbb4a3a9,resnet34-1,CPU,3.73836049,3.734578,0.003784,3.738362,2025-11-07 15:00:28.867981331,2025-11-07 15:00:28.87176575,2025-11-07 15:00:32.606343163,3.73s,341µs
829f0449-9d1d-4a47-8fd0-bba8960a0073,resnet34-1,CPU,3.668927663,3.668847,8.8e-05,3.668935,2025-11-07 15:00:28.887432332,2025-11-07 15:00:28.887520999,2025-11-07 15:00:32.556367319,3.67s,397µs
7931aeb9-fd0b-4eb7-b571-a00fa198a857,resnet18-1,CPU,1.004449329,1.004417,3.5e-05,1.004452,2025-11-07 15:00:32.606293851,2025-11-07 15:00:32.606328235,2025-11-07 15:00:33.610745324,1.00s,322µs
57e0e1bf-e070-4a92-92fe-e2262f124f9e,resnet18-1,CPU,0.89040001,0.886918,0.003485,0.890403,2025-11-07 15:00:32.652285571,2025-11-07 15:00:32.655770747,2025-11-07 15:00:33.542688106,886ms,443µs
c58afb0e-745c-4a69-82a8-ab28715a565b,resnet18-1,CPU,0.084069753,0.083991,8.1e-05,0.084072,2025-11-07 15:01:00.755959305,2025-11-07 15:01:00.756040638,2025-11-07 15:01:00.840031182,83.2ms,601µs
7958cdd5-e824-4835-a0a6-113e596976c4,vit_b_16-1,CPU,0.483889757,0.483802,9.4e-05,0.483896,2025-11-07 15:01:45.145364212,2025-11-07 15:01:45.145458308,2025-11-07 15:01:45.629260661,483ms,614µs
a7334e4e-790e-49cc-8a14-6d87338a6ad1,vit_b_16-1,CPU,11.15368835,11.153587,0.000105,11.153692,2025-11-07 15:01:45.499255172,2025-11-07 15:01:45.499360289,2025-11-07 15:01:56.652947239,11.2s,565µs
03fa0f1b-4370-486c-919f-59609ef73e7c,vit_b_16-1,CPU,7.19158879,7.191551,4.1e-05,7.191592,2025-11-07 15:01:45.746099161,2025-11-07 15:01:45.746140689,2025-11-07 15:01:52.937691598,7.19s,468µs
7e4e3802-0292-4a62-b190-cc88b2fa455b,resnet101-1,CPU,22.738038467,22.737939,0.000104,22.738043,2025-11-07 15:01:45.803714059,2025-11-07 15:01:45.803818234,2025-11-07 15:02:08.541757215,22.7s,359µs
d13dcbfa-313a-4614-bcc4-511e2f07cb86,vit_b_16-1,CPU,4.780205591,4.780138,7.1e-05,4.780209,2025-11-07 15:01:46.857472059,2025-11-07 15:01:46.857543574,2025-11-07 15:01:51.637681677,4.78s,378µs
d2ad5205-455e-478e-a7f4-f38356d64fa8,resnet101-1,CPU,32.753144104,32.753067,8.3e-05,32.75315,2025-11-07 15:01:51.794663005,2025-11-07 15:01:51.794746383,2025-11-07 15:02:24.547813341,32.8s,474µs
7c482572-85f0-4d7c-bc0b-128115de3caf,resnet101-1,CPU,29.558723624,29.558637,8.8e-05,29.558725,2025-11-07 15:01:53.011202439,2025-11-07 15:01:53.011290625,2025-11-07 15:02:22.569927105,29.6s,551µs
c31a9222-5651-45ba-9f41-6b55dbb85dcd,resnet101-1,CPU,22.126166868,22.126118,5e-05,22.126168,2025-11-07 15:01:56.742360727,2025-11-07 15:01:56.74241038,2025-11-07 15:02:18.868528918,22.1s,363µs
f0bf397b-9ac0-4983-963e-10248f69a815,resnet50-1,CPU,14.921899736,14.921867,3.4e-05,14.921901,2025-11-07 15:02:08.712162397,2025-11-07 15:02:08.712196401,2025-11-07 15:02:23.634063546,14.9s,298µs
6d869c69-79c1-4958-be47-0ee7ed26cba0,resnet50-1,CPU,1.553026087,1.552983,4.4e-05,1.553027,2025-11-07 15:02:18.951785183,2025-11-07 15:02:18.951829566,2025-11-07 15:02:20.504812483,1.55s,369µs
135953f7-6e55-479b-9cc5-f84ffe3e78b1,mobilenet_v3_small-1,CPU,0.288812185,0.288782,3.2e-05,0.288814,2025-11-07 15:02:20.708894211,2025-11-07 15:02:20.708926501,2025-11-07 15:02:20.997708239,288ms,364µs
fe625fd1-b7c6-4164-897b-798f50dbbaec,resnet34-1,CPU,7.488765734,7.488664,0.000104,7.488768,2025-11-07 15:02:21.112177735,2025-11-07 15:02:21.11228123,2025-11-07 15:02:28.600945212,7.49s,313µs
96492905-0375-44b4-9fb2-40ffc7970160,resnet50-1,CPU,0.914237604,0.914189,5e-05,0.914239,2025-11-07 15:02:22.604653224,2025-11-07 15:02:22.604703909,2025-11-07 15:02:23.518892522,913ms,650µs
cb8382da-6238-44d6-a171-dcc126462e64,mobilenet_v3_small-1,CPU,4.954771264,4.954647,0.000125,4.954772,2025-11-07 15:02:23.652054019,2025-11-07 15:02:23.652179185,2025-11-07 15:02:28.606826105,4.95s,804µs
a7a64635-9177-4c42-8a71-9fe67f15ff03,mobilenet_v3_small-1,CPU,0.327601459,0.327546,5.7e-05,0.327603,2025-11-07 15:02:23.735702793,2025-11-07 15:02:23.73575926,2025-11-07 15:02:24.063305264,327ms,360µs
52297de2-ea83-4abe-bb68-7cc1d5d09185,resnet34-1,CPU,0.154567368,0.154523,4.6e-05,0.154569,2025-11-07 15:02:24.163128365,2025-11-07 15:02:24.163174392,2025-11-07 15:02:24.317697196,154ms,338µs
9421b384-6d11-4b26-a5cf-ce20ad7534bf,resnet18-1,CPU,0.048031941,0.047962,7.4e-05,0.048036,2025-11-07 15:02:24.37071772,2025-11-07 15:02:24.370791169,2025-11-07 15:02:24.418753498,45.0ms,283µs
660eb4ec-41a8-4c3f-a9be-63b6d78dd9de,resnet50-1,CPU,3.962432925,3.962401,3.7e-05,3.962438,2025-11-07 15:02:24.584396142,2025-11-07 15:02:24.584433933,2025-11-07 15:02:28.546834507,3.96s,217µs
d48d81da-32e2-49d0-a5f2-4d94b4d5ebc7,mobilenet_v3_small-1,CPU,0.063241513,0.062188,0.001057,0.063245,2025-11-07 15:02:28.599646839,2025-11-07 15:02:28.600703337,2025-11-07 15:02:28.662891027,61.8ms,220µs
31a090d8-ce06-42bf-b4aa-8b3a79d2f10c,resnet18-1,CPU,3.141122364,3.141055,7.2e-05,3.141127,2025-11-07 15:02:28.693860919,2025-11-07 15:02:28.693932123,2025-11-07 15:02:31.834987521,3.14s,559µs
7849a4fb-d3a5-4f4d-8153-dce375edd82f,resnet34-1,CPU,4.900346738,4.900239,0.00011,4.900349,2025-11-07 15:02:28.717357963,2025-11-07 15:02:28.717467959,2025-11-07 15:02:33.617706705,4.90s,664µs
d2f35dff-9202-4878-9ecc-ee3920f8ccb1,resnet34-1,CPU,4.837735462,4.834812,0.002934,4.837746,2025-11-07 15:02:28.751839731,2025-11-07 15:02:28.75477303,2025-11-07 15:02:33.589585051,4.83s,417µs
d4f9301a-21b5-4028-82f6-6da1ad1faa4a,resnet18-1,CPU,0.240362701,0.240296,6.7e-05,0.240363,2025-11-07 15:02:33.713123368,2025-11-07 15:02:33.713190243,2025-11-07 15:02:33.953486721,240ms,486µs
70d99fb3-b9de-487a-9eae-c658eac3a27c,resnet18-1,CPU,0.18578618,0.185724,6.3e-05,0.185787,2025-11-07 15:02:33.716021048,2025-11-07 15:02:33.716084318,2025-11-07 15:02:33.901808731,182ms,513µs
034a8881-70b5-47d4-8758-ae92470530b4,vit_b_16-1,CPU,6.724568464,6.724403,0.000174,6.724577,2025-11-07 15:02:52.798504253,2025-11-07 15:02:52.79867818,2025-11-07 15:02:59.523081013,6.72s,602µs
699d02a3-465d-4de2-84c9-3b1335a4f875,vit_b_16-1,CPU,1.939425,1.939309,0.000125,1.939434,2025-11-07 15:02:52.901916839,2025-11-07 15:02:52.902041853,2025-11-07 15:02:54.841350475,1.94s,500µs
290dc595-cb5f-4899-af39-d7ec73d45b68,vit_b_16-1,CPU,5.081390719,5.080914,0.000485,5.081399,2025-11-07 15:02:53.497082095,2025-11-07 15:02:53.497567308,2025-11-07 15:02:58.578481791,5.08s,1.79ms
0fdae33f-7af5-48e9-a573-a72c269f2cb7,resnet101-1,CPU,0.830215967,0.830064,0.000159,0.830223,2025-11-07 15:02:55.012704135,2025-11-07 15:02:55.012863905,2025-11-07 15:02:55.842927927,829ms,874µs
d841ae33-5703-4d3b-803e-031590969190,resnet50-1,CPU,0.156338021,0.15629,5.3e-05,0.156343,2025-11-07 15:02:55.912432713,2025-11-07 15:02:55.912485181,2025-11-07 15:02:56.068775313,156ms,377µs
b1ecc760-77f1-420e-a892-aaa4adfc96da,mobilenet_v3_small-1,CPU,0.04141878,0.041305,0.000116,0.041421,2025-11-07 15:02:56.102668695,2025-11-07 15:02:56.102784793,2025-11-07 15:02:56.144089278,40.8ms,342µs
4a905e25-9bdf-4dbd-96c7-f3ee78ab4ad8,resnet34-1,CPU,0.153147018,0.153019,0.00013,0.153149,2025-11-07 15:02:56.185511103,2025-11-07 15:02:56.185641989,2025-11-07 15:02:56.338660315,152ms,554µs
f8f2de03-1470-4fde-8a32-1dd4dc6dd8b6,resnet18-1,CPU,0.080585842,0.080501,8.6e-05,0.080587,2025-11-07 15:02:56.379746389,2025-11-07 15:02:56.37983214,2025-11-07 15:02:56.460333704,79.9ms,462µs
d30aa65f-1bd0-47be-8254-6e15a54f05de,vit_b_16-1,CPU,0.218361844,0.21816,0.000209,0.218369,2025-11-07 15:02:56.74843163,2025-11-07 15:02:56.748640853,2025-11-07 15:02:56.966800868,215ms,787µs
fbe99230-df51-4054-b8aa-7e0da7ef4ec7,resnet101-1,CPU,10.493372014,10.49332,5.8e-05,10.493378,2025-11-07 15:02:57.057399346,2025-11-07 15:02:57.057457476,2025-11-07 15:03:07.550777141,10.5s,456µs
040846b3-d74d-4985-9f75-40a6e4272480,resnet101-1,CPU,4.922965348,4.92291,6.2e-05,4.922972,2025-11-07 15:02:58.76163579,2025-11-07 15:02:58.761697395,2025-11-07 15:03:03.684607109,4.92s,581µs
1a5f3d4f-37f0-4f90-bcf0-fd023b596716,resnet101-1,CPU,8.011602402,8.011528,7.5e-05,8.011603,2025-11-07 15:02:59.55840702,2025-11-07 15:02:59.558482783,2025-11-07 15:03:07.570010975,8.01s,417µs
78c6bf1b-faec-43e8-a908-4dbf06d9670b,resnet50-1,CPU,3.816743679,3.816695,5e-05,3.816745,2025-11-07 15:03:03.793594252,2025-11-07 15:03:03.793644126,2025-11-07 15:03:07.610339363,3.82s,464µs
a87802a3-1c3a-4ac6-8f67-5346875dfbe6,resnet50-1,CPU,2.91217743,2.912129,5.2e-05,2.912181,2025-11-07 15:03:07.607947513,2025-11-07 15:03:07.60799917,2025-11-07 15:03:10.52012863,2.91s,386µs
a8538245-7854-4277-bb98-6b1e318533a5,resnet50-1,CPU,3.025482896,3.025432,5.4e-05,3.025486,2025-11-07 15:03:07.624326867,2025-11-07 15:03:07.624380328,2025-11-07 15:03:10.649812869,3.02s,321µs
046affbe-6068-49b0-ad28-3b8bae2d945e,mobilenet_v3_small-1,CPU,2.9001971319999997,2.900155,4.4e-05,2.900199,2025-11-07 15:03:07.674553556,2025-11-07 15:03:07.674597208,2025-11-07 15:03:10.574752862,2.90s,282µs
4d50ac2b-dcc6-4b28-89ed-77596d7da2c4,resnet34-1,CPU,7.983305307,7.98323,7.7e-05,7.983307,2025-11-07 15:03:10.730698395,2025-11-07 15:03:10.730775631,2025-11-07 15:03:18.714005666,7.98s,382µs
ffbaaf63-8494-4ceb-ab5b-8e405549600a,mobilenet_v3_small-1,CPU,4.798935826,4.798831,0.00011,4.798941,2025-11-07 15:03:10.781059498,2025-11-07 15:03:10.781169335,2025-11-07 15:03:15.580000554,4.80s,702µs
85f3dfa9-eb88-4cdd-b7d6-84aa24b40fe0,mobilenet_v3_small-1,CPU,7.861946999,7.861885,7.3e-05,7.861958,2025-11-07 15:03:10.794839843,2025-11-07 15:03:10.794912309,2025-11-07 15:03:18.656797252,7.86s,298µs
7092f710-66e8-4ec8-a433-de1e9730422a,resnet34-1,CPU,4.950596767,4.950557,4.9e-05,4.950606,2025-11-07 15:03:15.645209689,2025-11-07 15:03:15.64525803,2025-11-07 15:03:20.595815543,4.95s,408µs
9e5381f6-9848-4842-a622-6fd130c67eab,resnet34-1,CPU,1.909457389,1.909423,3.7e-05,1.90946,2025-11-07 15:03:18.726393942,2025-11-07 15:03:18.72643051,2025-11-07 15:03:20.635853795,1.91s,431µs
de264181-5746-4c9b-9e0a-05ae55faccac,resnet18-1,CPU,0.143053732,0.143007,4.9e-05,0.143056,2025-11-07 15:03:18.831995675,2025-11-07 15:03:18.832044457,2025-11-07 15:03:18.975051291,142ms,370µs
2c5708e6-671b-4827-a96b-970039a2e266,resnet18-1,CPU,0.898363869,0.898275,8.9e-05,0.898364,2025-11-07 15:03:20.71621205,2025-11-07 15:03:20.71630179,2025-11-07 15:03:21.61457643,898ms,491µs
30dd3d28-7533-4dbc-8ba7-8231cfd6bed2,resnet18-1,CPU,0.824430971,0.824378,5.3e-05,0.824431,2025-11-07 15:03:20.729904209,2025-11-07 15:03:20.729957009,2025-11-07 15:03:21.554335771,824ms,348µs
013f8bf9-872a-4441-9b48-f614eaf96468,vit_b_16-1,CPU,1.12531223,1.125212,0.000106,1.125318,2025-11-07 15:03:30.401806681,2025-11-07 15:03:30.401912059,2025-11-07 15:03:31.527124051,1.12s,582µs
9f0cceec-7264-45a5-a9c5-aacacbd79c14,resnet101-1,CPU,0.918774279,0.918664,0.000118,0.918782,2025-11-07 15:03:31.602932006,2025-11-07 15:03:31.603050189,2025-11-07 15:03:32.52171419,918ms,698µs
99b30862-408e-4b1b-a19f-be1e653e6420,resnet50-1,CPU,0.183512896,0.183451,6.5e-05,0.183516,2025-11-07 15:03:32.689456077,2025-11-07 15:03:32.689521491,2025-11-07 15:03:32.872972861,183ms,648µs
e2dcde26-b6d1-4519-b4e8-91e2ab7a16ee,mobilenet_v3_small-1,CPU,0.035037666,0.034962,8.2e-05,0.035044,2025-11-07 15:03:32.911945779,2025-11-07 15:03:32.912027293,2025-11-07 15:03:32.946989205,34.3ms,374µs
19baea71-e4f4-4170-824c-8e6b2cf81b3e,resnet34-1,CPU,0.148744378,0.14866,8.7e-05,0.148747,2025-11-07 15:03:32.984960269,2025-11-07 15:03:32.985047092,2025-11-07 15:03:33.133707733,148ms,444µs
18eec781-2328-41b9-8872-af794270914b,resnet18-1,CPU,0.114316631,0.114222,9.7e-05,0.114319,2025-11-07 15:03:33.189018767,2025-11-07 15:03:33.1891159,2025-11-07 15:03:33.303337692,114ms,386µs
41536ab2-0cd9-4216-b6d3-6d77ddc69ac8,vit_b_16-1,CPU,0.913242865,0.913195,6e-05,0.913255,2025-11-07 15:03:34.585374094,2025-11-07 15:03:34.585434036,2025-11-07 15:03:35.498629272,912ms,530µs
a651298e-6f73-4e00-a3e3-762380db8d59,resnet101-1,CPU,0.285316426,0.285229,9.4e-05,0.285323,2025-11-07 15:03:35.642156574,2025-11-07 15:03:35.64225028,2025-11-07 15:03:35.927479692,284ms,594µs
0a3b067e-58f9-4e29-ab69-23c6c0ea0140,resnet50-1,CPU,0.186472115,0.186427,4.8e-05,0.186475,2025-11-07 15:03:35.974214172,2025-11-07 15:03:35.974262223,2025-11-07 15:03:36.160689422,186ms,301µs
4a6efe2c-b2fa-467a-a403-e6412f3ccc43,resnet34-1,CPU,0.133599607,0.133512,8.9e-05,0.133601,2025-11-07 15:03:36.237258048,2025-11-07 15:03:36.237347146,2025-11-07 15:03:36.370859318,133ms,495µs
58b37265-6f2f-4739-a2c2-4c3a391e23a5,mobilenet_v3_small-1,CPU,0.046094104,0.04606,3.7e-05,0.046097,2025-11-07 15:03:36.489989525,2025-11-07 15:03:36.490026565,2025-11-07 15:03:36.536086525,45.3ms,507µs
51e77533-9c51-42b8-b042-12fd80c26e8f,resnet18-1,CPU,0.109821113,0.109739,8.4e-05,0.109823,2025-11-07 15:03:36.594707366,2025-11-07 15:03:36.594791394,2025-11-07 15:03:36.704530442,109ms,479µs
c4f4770c-960d-4d55-b535-07c2dc270593,vit_b_16-1,CPU,0.727747107,0.727713,3.9e-05,0.727752,2025-11-07 15:03:37.431146993,2025-11-07 15:03:37.431185665,2025-11-07 15:03:38.158898749,726ms,572µs
7841bf0f-8398-468b-840c-fe8ea9a9b6a3,resnet101-1,CPU,0.299305484,0.299217,9.3e-05,0.29931,2025-11-07 15:03:38.316564089,2025-11-07 15:03:38.316657646,2025-11-07 15:03:38.615874072,298ms,796µs
2f756906-76fd-4503-9b0b-935cf82bd7aa,resnet50-1,CPU,0.135145324,0.135036,0.000111,0.135147,2025-11-07 15:03:38.695790676,2025-11-07 15:03:38.695901575,2025-11-07 15:03:38.830937734,134ms,690µs
7eab77a6-0ab0-4397-8736-61f0c1150702,resnet34-1,CPU,0.154257299,0.154153,0.000114,0.154267,2025-11-07 15:03:38.971826864,2025-11-07 15:03:38.971940848,2025-11-07 15:03:39.12609318,153ms,506µs
69706b68-8f17-4d47-8c48-67b11acf0caa,mobilenet_v3_small-1,CPU,0.047771982,0.047687,9.3e-05,0.04778,2025-11-07 15:03:39.187042843,2025-11-07 15:03:39.187135056,2025-11-07 15:03:39.234822699,46.9ms,551µs
62efced5-afcf-405d-a976-5d0a009cf5bf,resnet18-1,CPU,0.062736013,0.062579,0.000159,0.062738,2025-11-07 15:03:39.302503085,2025-11-07 15:03:39.302662143,2025-11-07 15:03:39.365241212,61.9ms,583µs
8e275933-8ef7-4432-82e2-c553dbb37d37,vit_b_16-1,CPU,0.714763452,0.714652,0.000114,0.714766,2025-11-07 15:03:40.188340703,2025-11-07 15:03:40.188454687,2025-11-07 15:03:40.90310679,714ms,621µs
efb07e99-9b8d-45f6-a52b-b00217b973fb,resnet101-1,CPU,0.583902588,0.583861,4.3e-05,0.583904,2025-11-07 15:03:40.9600152,2025-11-07 15:03:40.960058461,2025-11-07 15:03:41.543919611,583ms,505µs
78da27ad-8b72-4beb-984f-0036fc85084d,resnet50-1,CPU,0.19370462,0.193619,8.7e-05,0.193706,2025-11-07 15:03:41.611225581,2025-11-07 15:03:41.611312184,2025-11-07 15:03:41.804931504,193ms,524µs
cc6da0af-4bc0-4bdf-a526-5a7464b16bff,resnet34-1,CPU,0.157583837,0.157507,7.9e-05,0.157586,2025-11-07 15:03:41.887693852,2025-11-07 15:03:41.887772891,2025-11-07 15:03:42.045279964,157ms,431µs
ad5eac2d-284c-428a-9dfa-5d6604a292d6,mobilenet_v3_small-1,CPU,0.050985248,0.050901,8.7e-05,0.050988,2025-11-07 15:03:42.102179086,2025-11-07 15:03:42.102266551,2025-11-07 15:03:42.153167429,50.1ms,610µs
d04fb000-ef1a-413b-a0b5-f1385855400b,resnet18-1,CPU,0.115622447,0.115475,0.000149,0.115624,2025-11-07 15:03:42.215451743,2025-11-07 15:03:42.215600573,2025-11-07 15:03:42.331075903,115ms,506µs
97129b47-c939-4c3c-897b-ef571d6a6be9,vit_b_16-1,CPU,0.744184872,0.744054,0.000132,0.744186,2025-11-07 15:03:45.136644674,2025-11-07 15:03:45.136776562,2025-11-07 15:03:45.880830969,743ms,492µs
14955356-c6e9-4a36-885b-6568f0e4c585,resnet101-1,CPU,0.582389953,0.582173,0.000233,0.582406,2025-11-07 15:03:45.956156567,2025-11-07 15:03:45.956389245,2025-11-07 15:03:46.53856254,581ms,551µs
ca0b1810-bbce-430a-bdd0-cb04f1ef4fa5,resnet50-1,CPU,0.174242226,0.174131,0.000112,0.174243,2025-11-07 15:03:46.677769527,2025-11-07 15:03:46.677881808,2025-11-07 15:03:46.852012344,173ms,544µs
44d1c991-c7ba-4895-9a1f-ab8f45a1d08d,vit_b_16-1,CPU,0.733429909,0.733383,5.5e-05,0.733438,2025-11-07 15:03:46.883965447,2025-11-07 15:03:46.88402074,2025-11-07 15:03:47.617403672,733ms,306µs
8749d96d-dd3d-4ab2-8327-7d92ec8b0d3b,resnet34-1,CPU,0.151044787,0.15097,7.5e-05,0.151045,2025-11-07 15:03:46.903369471,2025-11-07 15:03:46.903444943,2025-11-07 15:03:47.054414799,150ms,336µs
eeca8ed6-f3bf-46d1-842f-9ba0af443e25,mobilenet_v3_small-1,CPU,0.123116325,0.123036,8.3e-05,0.123119,2025-11-07 15:03:47.08688326,2025-11-07 15:03:47.086966968,2025-11-07 15:03:47.210002601,123ms,339µs
6cc550f4-5390-4e39-8905-e2cf8c3b0988,resnet18-1,CPU,0.12595777,0.12586,9.8e-05,0.125958,2025-11-07 15:03:47.235957068,2025-11-07 15:03:47.236055013,2025-11-07 15:03:47.361915379,125ms,522µs
c67de236-f8c2-4af8-ab3a-131ede330261,resnet101-1,CPU,0.266125243,0.26608,4.9e-05,0.266129,2025-11-07 15:03:47.652385513,2025-11-07 15:03:47.652434455,2025-11-07 15:03:47.918514643,265ms,609µs
776b6fa9-2b99-4093-ab4a-a22bb7ca02a5,resnet50-1,CPU,0.164359875,0.16427,9.4e-05,0.164364,2025-11-07 15:03:48.000289093,2025-11-07 15:03:48.00038304,2025-11-07 15:03:48.164653407,163ms,593µs
e56449fa-2728-4d0e-96ff-0927e03bd46d,resnet34-1,CPU,0.111267805,0.111218,5.2e-05,0.11127,2025-11-07 15:03:48.221274166,2025-11-07 15:03:48.221326625,2025-11-07 15:03:48.332544886,111ms,308µs
5d64139c-3a52-407c-9c88-79047891daef,mobilenet_v3_small-1,CPU,0.035783108,0.035702,8.3e-05,0.035785,2025-11-07 15:03:48.357606684,2025-11-07 15:03:48.357689892,2025-11-07 15:03:48.393391485,35.2ms,312µs
91ce1420-d037-4bad-8b9f-508b933dee5e,resnet18-1,CPU,0.125593445,0.125507,8.9e-05,0.125596,2025-11-07 15:03:48.431225141,2025-11-07 15:03:48.431314208,2025-11-07 15:03:48.556821301,124ms,436µs
