REQ-00000,1000,500,0.23153305053710938,9.059906005859375e-06,['mobilenet_v3_small'],redshank,1.0,weighted_majority,230.44795899477322,True,n02028035,1.0,redshank,,,,,,0.8532957434654236,-1.0,-1.0,-1.0,-1.0,-1.0,0.28899863098456907,-1.0,-1.0,-1.0,-1.0,-1.0,greedy,0.5
REQ-00001,1000,500,0.18994879722595215,0.3059711456298828,['mobilenet_v3_small'],komodo_dragon,1.0,weighted_majority,189.82616599532776,True,n01695060,1.0,komodo_dragon,,,,,,0.9244802594184875,-1.0,-1.0,-1.0,-1.0,-1.0,0.2633170678861122,-1.0,-1.0,-1.0,-1.0,-1.0,greedy,0.5
REQ-00002,1000,500,0.2249610424041748,0.5713870525360107,['mobilenet_v3_small'],chiton,1.0,weighted_majority,224.80208400520496,True,n01955084,1.0,chiton,,,,,,0.9846599102020264,-1.0,-1.0,-1.0,-1.0,-1.0,0.24055556109750098,-1.0,-1.0,-1.0,-1.0,-1.0,greedy,0.5
REQ-00003,1000,500,0.3133208751678467,0.8773791790008545,['mobilenet_v3_small'],peacock,1.0,weighted_majority,312.3794999992242,True,n01806143,1.0,peacock,,,,,,0.9999996423721313,-1.0,-1.0,-1.0,-1.0,-1.0,0.22034510498775087,-1.0,-1.0,-1.0,-1.0,-1.0,greedy,0.5
REQ-00004,1000,500,0.18876218795776367,1.2321102619171143,['mobilenet_v3_small'],ptarmigan,1.0,weighted_majority,188.6199170112377,True,n01796340,1.0,ptarmigan,,,,,,0.9999788999557495,-1.0,-1.0,-1.0,-1.0,-1.0,0.21114319448897578,-1.0,-1.0,-1.0,-1.0,-1.0,greedy,0.5
REQ-00005,1000,500,0.31569695472717285,1.802732229232788,['mobilenet_v3_small'],marmot,1.0,weighted_majority,315.6494169961661,True,n01796340,1.0,marmot,,,,,,0.24133451282978058,-1.0,-1.0,-1.0,-1.0,-1.0,0.1935055750400782,-1.0,-1.0,-1.0,-1.0,-1.0,greedy,0.5
REQ-00006,1000,500,0.21842026710510254,1.91776704788208,['mobilenet_v3_small'],tailed_frog,1.0,weighted_majority,218.37866699206643,True,n01644900,1.0,tailed_frog,,,,,,0.7089799642562866,-1.0,-1.0,-1.0,-1.0,-1.0,0.1935055750400782,-1.0,-1.0,-1.0,-1.0,-1.0,greedy,0.5
REQ-00007,1000,500,0.15509510040283203,2.034550189971924,['mobilenet_v3_small'],black_grouse,1.0,weighted_majority,154.40491700428538,True,n01795545,1.0,black_grouse,,,,,,0.9985435009002686,-1.0,-1.0,-1.0,-1.0,-1.0,0.1780568175360704,-1.0,-1.0,-1.0,-1.0,-1.0,greedy,0.5
REQ-00008,1000,500,0.2035379409790039,2.665860891342163,['mobilenet_v3_small'],goose,1.0,weighted_majority,202.33850000659004,True,n01855672,1.0,goose,,,,,,0.9725023508071899,-1.0,-1.0,-1.0,-1.0,-1.0,0.15513438220421705,-1.0,-1.0,-1.0,-1.0,-1.0,greedy,0.5
REQ-00009,1000,500,0.17100906372070312,3.371457099914551,['mobilenet_v3_small'],scorpion,1.0,weighted_majority,169.8327909980435,True,n01770393,1.0,scorpion,,,,,,0.9982024431228638,-1.0,-1.0,-1.0,-1.0,-1.0,0.14351854398379535,-1.0,-1.0,-1.0,-1.0,-1.0,greedy,0.5
REQ-00010,1000,500,0.19510722160339355,3.7177062034606934,['mobilenet_v3_small'],water_ouzel,1.0,weighted_majority,194.9590000003809,True,n01601694,1.0,water_ouzel,,,,,,0.9999816417694092,-1.0,-1.0,-1.0,-1.0,-1.0,0.13307198958541583,-1.0,-1.0,-1.0,-1.0,-1.0,greedy,0.5
REQ-00011,1000,500,0.17344117164611816,3.9202730655670166,['mobilenet_v3_small'],harvestman,1.0,weighted_majority,172.15887499332894,True,n01770081,1.0,harvestman,,,,,,0.9961807727813721,-1.0,-1.0,-1.0,-1.0,-1.0,0.12351959062687425,-1.0,-1.0,-1.0,-1.0,-1.0,greedy,0.5
REQ-00012,1000,500,0.15513086318969727,4.173736095428467,['mobilenet_v3_small'],electric_ray,1.0,weighted_majority,154.70104198902845,True,n01496331,1.0,electric_ray,,,,,,0.9993109703063965,-1.0,-1.0,-1.0,-1.0,-1.0,0.11475383156418682,-1.0,-1.0,-1.0,-1.0,-1.0,greedy,0.5
REQ-00013,1000,500,0.17033076286315918,4.562730073928833,['mobilenet_v3_small'],chambered_nautilus,1.0,weighted_majority,168.12208299234044,True,n01968897,1.0,chambered_nautilus,,,,,,0.9999915361404419,-1.0,-1.0,-1.0,-1.0,-1.0,0.10665064840776815,-1.0,-1.0,-1.0,-1.0,-1.0,greedy,0.5
REQ-00014,1000,500,0.2039628028869629,4.956923007965088,['mobilenet_v3_small'],peacock,1.0,weighted_majority,203.73645900690462,True,n01806143,1.0,peacock,,,,,,0.9999948740005493,-1.0,-1.0,-1.0,-1.0,-1.0,0.09891368356699135,-1.0,-1.0,-1.0,-1.0,-1.0,greedy,0.5
REQ-00015,1000,500,0.1702711582183838,5.054092168807983,['mobilenet_v3_small'],garden_spider,1.0,weighted_majority,169.8971250007162,True,n01773549,1.0,garden_spider,,,,,,0.4604611098766327,-1.0,-1.0,-1.0,-1.0,-1.0,0.09891368356699135,-1.0,-1.0,-1.0,-1.0,-1.0,greedy,0.5
REQ-00016,1000,500,0.19315385818481445,5.252316951751709,['mobilenet_v3_small'],bee_eater,1.0,weighted_majority,192.6503330032574,True,n01828970,1.0,bee_eater,,,,,,0.9987121820449829,-1.0,-1.0,-1.0,-1.0,-1.0,0.08819030368926299,-1.0,-1.0,-1.0,-1.0,-1.0,greedy,0.5
REQ-00017,1000,500,0.24881696701049805,5.871443033218384,['mobilenet_v3_small'],american_alligator,1.0,weighted_majority,248.4744159883121,True,n01698640,1.0,american_alligator,,,,,,0.9783731698989868,-1.0,-1.0,-1.0,-1.0,-1.0,0.0834783733203367,-1.0,-1.0,-1.0,-1.0,-1.0,greedy,0.5

REQ-00000,1000,500,0.26500797271728516,3.0994415283203125e-06,['mobilenet_v3_small'],crayfish,1.0,weighted_majority,264.9707090022275,True,n01986214,1.0,crayfish,,,,,,0.20548443496227264,-1.0,-1.0,-1.0,-1.0,-1.0,0.044952815757465237,-1.0,-1.0,-1.0,-1.0,-1.0,greedy,0.5
REQ-00001,1000,500,0.1726362705230713,0.1800529956817627,['mobilenet_v3_small'],crane,1.0,weighted_majority,172.60541699943133,True,n02012849,1.0,crane,,,,,,0.8993787169456482,-1.0,-1.0,-1.0,-1.0,-1.0,0.044112634181718714,-1.0,-1.0,-1.0,-1.0,-1.0,greedy,0.5
REQ-00002,1000,500,0.20818805694580078,0.2641270160675049,['mobilenet_v3_small'],diamondback,1.0,weighted_majority,208.1448749959236,True,n01755581,1.0,diamondback,,,,,,0.569057822227478,-1.0,-1.0,-1.0,-1.0,-1.0,0.044112634181718714,-1.0,-1.0,-1.0,-1.0,-1.0,greedy,0.5
REQ-00003,1000,500,0.14279699325561523,0.38654112815856934,['mobilenet_v3_small'],macaw,1.0,weighted_majority,142.63999999093357,True,n01818515,1.0,macaw,,,,,,0.9875380992889404,-1.0,-1.0,-1.0,-1.0,-1.0,0.04300125368719216,-1.0,-1.0,-1.0,-1.0,-1.0,greedy,0.5
REQ-00004,1000,500,0.17700505256652832,0.5491023063659668,['mobilenet_v3_small'],snail,1.0,weighted_majority,176.96287500439212,True,n01944390,1.0,snail,,,,,,0.3981674611568451,-1.0,-1.0,-1.0,-1.0,-1.0,0.042444028318472944,-1.0,-1.0,-1.0,-1.0,-1.0,greedy,0.5
REQ-00005,1000,500,0.2258899211883545,0.6344671249389648,['mobilenet_v3_small'],rock_crab,1.0,weighted_majority,225.8557920140447,True,n01632777,1.0,rock_crab,,,,,,0.3416040539741516,-1.0,-1.0,-1.0,-1.0,-1.0,0.042444028318472944,-1.0,-1.0,-1.0,-1.0,-1.0,greedy,0.5
REQ-00007,1000,500,0.1632671356201172,0.9885120391845703,['mobilenet_v3_small'],stole,1.0,weighted_majority,163.22604200104252,True,n01698640,1.0,stole,,,,,,0.35472115874290466,-1.0,-1.0,-1.0,-1.0,-1.0,0.041303852937963084,-1.0,-1.0,-1.0,-1.0,-1.0,greedy,0.5
REQ-00006,1000,500,0.5993809700012207,0.7783763408660889,['mobilenet_v3_small'],hermit_crab,1.0,weighted_majority,599.325624993071,True,n01986214,1.0,hermit_crab,,,,,,0.8647536635398865,-1.0,-1.0,-1.0,-1.0,-1.0,0.041303852937963084,-1.0,-1.0,-1.0,-1.0,-1.0,greedy,0.5
REQ-00008,1000,500,0.14623093605041504,1.2875871658325195,['mobilenet_v3_small'],albatross,1.0,weighted_majority,144.91604099748656,True,n02058221,1.0,albatross,,,,,,0.9852981567382812,-1.0,-1.0,-1.0,-1.0,-1.0,0.04181886764416678,-1.0,-1.0,-1.0,-1.0,-1.0,greedy,0.5
REQ-00009,1000,500,0.27686190605163574,1.9205551147460938,['mobilenet_v3_small'],oystercatcher,1.0,weighted_majority,276.78416699927766,True,n02037110,1.0,oystercatcher,,,,,,0.9995096921920776,-1.0,-1.0,-1.0,-1.0,-1.0,0.0781213927917751,-1.0,-1.0,-1.0,-1.0,-1.0,greedy,0.5
REQ-00010,1000,500,0.24685025215148926,2.1048052310943604,['mobilenet_v3_small'],electric_ray,1.0,weighted_majority,246.72229199495632,True,n01496331,1.0,electric_ray,,,,,,0.7608193159103394,-1.0,-1.0,-1.0,-1.0,-1.0,0.0781213927917751,-1.0,-1.0,-1.0,-1.0,-1.0,greedy,0.5
REQ-00011,1000,500,0.18729400634765625,3.8295490741729736,['mobilenet_v3_small'],black_grouse,1.0,weighted_majority,186.47150001197588,True,n01795545,1.0,black_grouse,,,,,,0.9989925026893616,-1.0,-1.0,-1.0,-1.0,-1.0,0.08166409816133784,-1.0,-1.0,-1.0,-1.0,-1.0,greedy,0.5
REQ-00012,1000,500,0.19339489936828613,4.656783103942871,['mobilenet_v3_small'],green_mamba,1.0,weighted_majority,193.2656659919303,True,n01749939,1.0,green_mamba,,,,,,0.996738851070404,-1.0,-1.0,-1.0,-1.0,-1.0,0.07723698834520405,-1.0,-1.0,-1.0,-1.0,-1.0,greedy,0.5
REQ-00013,1000,500,0.2178490161895752,5.4031312465667725,['mobilenet_v3_small'],whiptail,1.0,weighted_majority,217.81458299665246,True,n01685808,1.0,whiptail,,,,,,0.9672612547874451,-1.0,-1.0,-1.0,-1.0,-1.0,0.07329118951068365,-1.0,-1.0,-1.0,-1.0,-1.0,greedy,0.5
REQ-00014,1000,500,0.15800094604492188,5.529743194580078,['mobilenet_v3_small'],king_snake,1.0,weighted_majority,157.86154200031888,True,n01734418,1.0,king_snake,,,,,,0.8975380659103394,-1.0,-1.0,-1.0,-1.0,-1.0,0.07329118951068365,-1.0,-1.0,-1.0,-1.0,-1.0,greedy,0.5
REQ-00015,1000,500,0.20835518836975098,5.916751146316528,['mobilenet_v3_small'],white_stork,1.0,weighted_majority,207.08783400186803,True,n02002556,1.0,white_stork,,,,,,0.8771817088127136,-1.0,-1.0,-1.0,-1.0,-1.0,0.06658339350365378,-1.0,-1.0,-1.0,-1.0,-1.0,greedy,0.5





REQ-00000,1000,750,0.24200010299682617,1.6689300537109375e-06,['mobilenet_v3_small'],white_stork,1.0,weighted_majority,241.96133299847133,True,n02002556,1.0,white_stork,,,,,,0.9989550113677979,-1.0,-1.0,-1.0,-1.0,-1.0,0.04252903099507905,-1.0,-1.0,-1.0,-1.0,-1.0,greedy,0.5
REQ-00001,1000,750,0.1770308017730713,0.1460249423980713,['mobilenet_v3_small'],ptarmigan,1.0,weighted_majority,176.9152079941705,True,n01796340,1.0,ptarmigan,,,,,,0.9503339529037476,-1.0,-1.0,-1.0,-1.0,-1.0,0.041962527895571144,-1.0,-1.0,-1.0,-1.0,-1.0,greedy,0.5
REQ-00002,1000,750,0.22536587715148926,1.0357887744903564,['mobilenet_v3_small'],agama,1.0,weighted_majority,225.2094580035191,True,n01687978,1.0,agama,,,,,,0.5267120599746704,-1.0,-1.0,-1.0,-1.0,-1.0,0.04128787510601403,-1.0,-1.0,-1.0,-1.0,-1.0,greedy,0.5
REQ-00003,1000,750,0.19945073127746582,1.4751417636871338,['mobilenet_v3_small'],horned_viper,1.0,weighted_majority,198.64220899762586,True,n01753488,1.0,horned_viper,,,,,,0.6253466606140137,-1.0,-1.0,-1.0,-1.0,-1.0,0.040993787595412626,-1.0,-1.0,-1.0,-1.0,-1.0,greedy,0.5
REQ-00004,1000,750,0.304049015045166,1.8714637756347656,['mobilenet_v3_small'],great_grey_owl,1.0,weighted_majority,303.9325839927187,True,n01622779,1.0,great_grey_owl,,,,,,1.0,-1.0,-1.0,-1.0,-1.0,-1.0,0.04076520883587136,-1.0,-1.0,-1.0,-1.0,-1.0,greedy,0.5
REQ-00005,1000,750,0.15183210372924805,2.0688300132751465,['mobilenet_v3_small'],nematode,1.0,weighted_majority,150.9386250108946,True,n01930112,1.0,nematode,,,,,,0.9999626874923706,-1.0,-1.0,-1.0,-1.0,-1.0,0.04044708795228423,-1.0,-1.0,-1.0,-1.0,-1.0,greedy,0.5
REQ-00006,1000,750,0.2105851173400879,2.969416856765747,['mobilenet_v3_small'],garden_spider,1.0,weighted_majority,210.4698329931125,True,n01773797,1.0,garden_spider,,,,,,0.8498355746269226,-1.0,-1.0,-1.0,-1.0,-1.0,0.039614279157055815,-1.0,-1.0,-1.0,-1.0,-1.0,greedy,0.5
REQ-00007,1000,750,0.19519901275634766,4.6454758644104,['mobilenet_v3_small'],goldfish,1.0,weighted_majority,193.9647499966668,True,n01443537,1.0,goldfish,,,,,,0.9669688940048218,-1.0,-1.0,-1.0,-1.0,-1.0,0.03901045124135024,-1.0,-1.0,-1.0,-1.0,-1.0,greedy,0.5
REQ-00008,1000,750,0.26277899742126465,5.149022817611694,['mobilenet_v3_small'],hermit_crab,1.0,weighted_majority,262.7376250020461,True,n01986214,1.0,hermit_crab,,,,,,0.9390929937362671,-1.0,-1.0,-1.0,-1.0,-1.0,0.03883220611721522,-1.0,-1.0,-1.0,-1.0,-1.0,greedy,0.5
REQ-00009,1000,750,0.1611778736114502,5.318528890609741,['mobilenet_v3_small'],green_snake,1.0,weighted_majority,161.0450000007404,True,n01729977,1.0,green_snake,,,,,,0.5650647282600403,-1.0,-1.0,-1.0,-1.0,-1.0,0.0386364855054937,-1.0,-1.0,-1.0,-1.0,-1.0,greedy,0.5
REQ-00010,1000,750,0.21941924095153809,6.614816904067993,['mobilenet_v3_small'],garter_snake,1.0,weighted_majority,219.04295800777618,True,n01728572,1.0,garter_snake,,,,,,0.9464477896690369,-1.0,-1.0,-1.0,-1.0,-1.0,0.03846113695494433,-1.0,-1.0,-1.0,-1.0,-1.0,greedy,0.5






REQ-00000,1000,1000,0.1984119415283203,2.1457672119140625e-06,['mobilenet_v3_small'],goose,1.0,weighted_majority,198.2961659959983,True,n01855672,1.0,goose,,,,,,0.9976747632026672,-1.0,-1.0,-1.0,-1.0,-1.0,0.03912946481444397,-1.0,-1.0,-1.0,-1.0,-1.0,greedy,0.5
REQ-00001,1000,1000,0.19483709335327148,0.2836449146270752,['mobilenet_v3_small'],hummingbird,1.0,weighted_majority,194.6749579947209,True,n01833805,1.0,hummingbird,,,,,,0.973839521408081,-1.0,-1.0,-1.0,-1.0,-1.0,0.03892741833299958,-1.0,-1.0,-1.0,-1.0,-1.0,greedy,0.5
REQ-00002,1000,1000,0.18126583099365234,1.8015410900115967,['mobilenet_v3_small'],green_mamba,1.0,weighted_majority,180.34183399868198,True,n01749939,1.0,green_mamba,,,,,,0.6699283123016357,-1.0,-1.0,-1.0,-1.0,-1.0,0.038725276499699625,-1.0,-1.0,-1.0,-1.0,-1.0,greedy,0.5
REQ-00003,1000,1000,0.22438621520996094,3.6875178813934326,['mobilenet_v3_small'],sea_anemone,1.0,weighted_majority,224.09983300894964,True,n01914609,1.0,sea_anemone,,,,,,0.9925466179847717,-1.0,-1.0,-1.0,-1.0,-1.0,0.03812594884972966,-1.0,-1.0,-1.0,-1.0,-1.0,greedy,0.5
REQ-00004,1000,1000,0.24428892135620117,4.015567064285278,['mobilenet_v3_small'],red-backed_sandpiper,1.0,weighted_majority,243.47116699209437,True,n02027492,1.0,red-backed_sandpiper,,,,,,0.911267876625061,-1.0,-1.0,-1.0,-1.0,-1.0,0.038968353964756695,-1.0,-1.0,-1.0,-1.0,-1.0,greedy,0.5
REQ-00005,1000,1000,0.19610285758972168,4.756422996520996,['mobilenet_v3_small'],magpie,1.0,weighted_majority,195.37833399954252,True,n01582220,1.0,magpie,,,,,,0.3419545590877533,-1.0,-1.0,-1.0,-1.0,-1.0,0.04326691856828103,-1.0,-1.0,-1.0,-1.0,-1.0,greedy,0.5
REQ-00006,1000,1000,0.19061517715454102,6.749664068222046,['mobilenet_v3_small'],chambered_nautilus,1.0,weighted_majority,190.47166599193588,True,n01968897,1.0,chambered_nautilus,,,,,,0.999998927116394,-1.0,-1.0,-1.0,-1.0,-1.0,0.04223442671145292,-1.0,-1.0,-1.0,-1.0,-1.0,greedy,0.5
REQ-00007,1000,1000,0.18986797332763672,8.05848503112793,['mobilenet_v3_small'],indigo_bunting,1.0,weighted_majority,188.89874999877065,True,n01537544,1.0,indigo_bunting,,,,,,0.9999645948410034,-1.0,-1.0,-1.0,-1.0,-1.0,0.04176088404030763,-1.0,-1.0,-1.0,-1.0,-1.0,greedy,0.5
REQ-00008,1000,1000,0.3177981376647949,8.7654390335083,['mobilenet_v3_small'],common_newt,1.0,weighted_majority,317.76137500128243,True,n01630670,1.0,common_newt,,,,,,0.807025134563446,-1.0,-1.0,-1.0,-1.0,-1.0,0.04139239563627687,-1.0,-1.0,-1.0,-1.0,-1.0,greedy,0.5
REQ-00009,1000,1000,0.3208138942718506,8.846256971359253,['mobilenet_v3_small'],coucal,1.0,weighted_majority,320.76404099643696,True,n01824575,1.0,coucal,,,,,,0.9999850988388062,-1.0,-1.0,-1.0,-1.0,-1.0,0.04139239563627687,-1.0,-1.0,-1.0,-1.0,-1.0,greedy,0.5
REQ-00010,1000,1000,0.1281132698059082,9.093063831329346,['mobilenet_v3_small'],hummingbird,1.0,weighted_majority,128.01270800991915,True,n01833805,1.0,hummingbird,,,,,,0.7328695058822632,-1.0,-1.0,-1.0,-1.0,-1.0,0.058963940465384265,-1.0,-1.0,-1.0,-1.0,-1.0,greedy,0.5


REQ-00000,1000,2000,0.16286420822143555,2.1457672119140625e-06,['mobilenet_v3_small'],redshank,1.0,weighted_majority,162.74566600623075,True,n02028035,1.0,redshank,,,,,,0.9817060828208923,-1.0,-1.0,-1.0,-1.0,-1.0,0.05101334497312934,-1.0,-1.0,-1.0,-1.0,-1.0,greedy,0.5
REQ-00001,1000,2000,0.19548487663269043,0.915067195892334,['mobilenet_v3_small'],nematode,1.0,weighted_majority,195.31270799052436,True,n01930112,1.0,nematode,,,,,,0.9984816908836365,-1.0,-1.0,-1.0,-1.0,-1.0,0.04912421047581641,-1.0,-1.0,-1.0,-1.0,-1.0,greedy,0.5
REQ-00002,1000,2000,0.2043449878692627,4.681535959243774,['mobilenet_v3_small'],crane,1.0,weighted_majority,202.82729099562857,True,n02012849,1.0,crane,,,,,,0.9889483451843262,-1.0,-1.0,-1.0,-1.0,-1.0,0.04799908942823477,-1.0,-1.0,-1.0,-1.0,-1.0,greedy,0.5
REQ-00003,1000,2000,0.19524502754211426,5.864580154418945,['mobilenet_v3_small'],jellyfish,1.0,weighted_majority,194.56137499946635,True,n01910747,1.0,jellyfish,,,,,,0.9995449185371399,-1.0,-1.0,-1.0,-1.0,-1.0,0.04669298048541129,-1.0,-1.0,-1.0,-1.0,-1.0,greedy,0.5
REQ-00004,1000,2000,0.20039582252502441,6.897520065307617,['mobilenet_v3_small'],green_snake,1.0,weighted_majority,200.28737500251736,True,n01749939,1.0,green_snake,,,,,,0.5233606696128845,-1.0,-1.0,-1.0,-1.0,-1.0,0.045355182436870166,-1.0,-1.0,-1.0,-1.0,-1.0,greedy,0.5
REQ-00005,1000,2000,0.18748807907104492,7.1684250831604,['mobilenet_v3_small'],conch,1.0,weighted_majority,187.38870800007135,True,n01943899,1.0,conch,,,,,,0.4983408749103546,-1.0,-1.0,-1.0,-1.0,-1.0,0.04457436419318315,-1.0,-1.0,-1.0,-1.0,-1.0,greedy,0.5
REQ-00006,1000,2000,0.1895897388458252,7.5183961391448975,['mobilenet_v3_small'],goldfinch,1.0,weighted_majority,189.29374999424908,True,n01531178,1.0,goldfinch,,,,,,1.0,-1.0,-1.0,-1.0,-1.0,-1.0,0.04371672777386484,-1.0,-1.0,-1.0,-1.0,-1.0,greedy,0.5
REQ-00007,1000,2000,0.16689085960388184,9.977701187133789,['mobilenet_v3_small'],hummingbird,1.0,weighted_majority,166.4968750119442,True,n01833805,1.0,hummingbird,,,,,,0.9998226761817932,-1.0,-1.0,-1.0,-1.0,-1.0,0.04313795499647836,-1.0,-1.0,-1.0,-1.0,-1.0,greedy,0.5
REQ-00008,1000,2000,0.20385003089904785,11.127309083938599,['mobilenet_v3_small'],albatross,1.0,weighted_majority,203.73954199021682,True,n02058221,1.0,albatross,,,,,,0.9999629259109497,-1.0,-1.0,-1.0,-1.0,-1.0,0.04252665949683052,-1.0,-1.0,-1.0,-1.0,-1.0,greedy,0.5



REQ-00000,1000,5000,0.16561484336853027,1.9073486328125e-06,['mobilenet_v3_small'],prairie_chicken,1.0,weighted_majority,165.5069169937633,True,n01798484,1.0,prairie_chicken,,,,,,0.999998927116394,-1.0,-1.0,-1.0,-1.0,-1.0,0.04709213822599386,-1.0,-1.0,-1.0,-1.0,-1.0,greedy,0.5
REQ-00001,1000,5000,0.2081279754638672,4.843786954879761,['mobilenet_v3_small'],african_crocodile,1.0,weighted_majority,207.26679101062473,True,n01753488,1.0,african_crocodile,,,,,,0.1804201602935791,-1.0,-1.0,-1.0,-1.0,-1.0,0.046562124403394474,-1.0,-1.0,-1.0,-1.0,-1.0,greedy,0.5
REQ-00002,1000,5000,0.22974491119384766,9.811751127243042,['mobilenet_v3_small'],american_chameleon,1.0,weighted_majority,229.61395898892079,True,n01693334,1.0,american_chameleon,,,,,,0.40473803877830505,-1.0,-1.0,-1.0,-1.0,-1.0,0.04621131196305503,-1.0,-1.0,-1.0,-1.0,-1.0,greedy,0.5
REQ-00003,1000,5000,0.19023799896240234,14.524862051010132,['mobilenet_v3_small'],redshank,1.0,weighted_majority,189.75270800001454,True,n02028035,1.0,redshank,,,,,,0.9944498538970947,-1.0,-1.0,-1.0,-1.0,-1.0,0.04580168076674953,-1.0,-1.0,-1.0,-1.0,-1.0,greedy,0.5
REQ-00004,1000,5000,0.2204296588897705,18.718698978424072,['mobilenet_v3_small'],howler_monkey,1.0,weighted_majority,218.6504999990575,True,n01819313,1.0,howler_monkey,,,,,,0.20144891738891602,-1.0,-1.0,-1.0,-1.0,-1.0,0.045121912690074574,-1.0,-1.0,-1.0,-1.0,-1.0,greedy,0.5
REQ-00005,1000,5000,0.2071058750152588,19.32693314552307,['mobilenet_v3_small'],sea_anemone,1.0,weighted_majority,206.91195801191498,True,n01950731,1.0,sea_anemone,,,,,,0.47194769978523254,-1.0,-1.0,-1.0,-1.0,-1.0,0.04453822142106712,-1.0,-1.0,-1.0,-1.0,-1.0,greedy,0.5
REQ-00000,1000,5000,0.22498202323913574,2.86102294921875e-06,['mobilenet_v3_small'],chickadee,1.0,weighted_majority,224.86187500180677,True,n01592084,1.0,chickadee,,,,,,0.9992958307266235,-1.0,-1.0,-1.0,-1.0,-1.0,0.04397539927896041,-1.0,-1.0,-1.0,-1.0,-1.0,greedy,0.5
REQ-00001,1000,5000,0.21796035766601562,8.877789735794067,['mobilenet_v3_small'],oystercatcher,1.0,weighted_majority,217.4070000037318,True,n02018207,1.0,oystercatcher,,,,,,0.6161566376686096,-1.0,-1.0,-1.0,-1.0,-1.0,0.04357785935106437,-1.0,-1.0,-1.0,-1.0,-1.0,greedy,0.5
REQ-00002,1000,5000,0.20189285278320312,16.881555795669556,['mobilenet_v3_small'],bittern,1.0,weighted_majority,201.74412500637118,True,n02011460,1.0,bittern,,,,,,0.9902495741844177,-1.0,-1.0,-1.0,-1.0,-1.0,0.04304817341595794,-1.0,-1.0,-1.0,-1.0,-1.0,greedy,0.5




REQ-00006,1000,500,8.542915105819702,2.7896833419799805,"['mobilenet_v3_small', 'resnet50']",rock_crab,1.0,weighted_majority,18542.342125001596,True,n01978455,2.0,rock_crab,,,rock_crab,,,0.9966410398483276,-1.0,-1.0,0.9888446927070618,-1.0,-1.0,0.04421619663467309,0.06209494772323296,0.09809952090739704,0.13213545841200297,50.58355842235692,29.6779244879,greedy,0.5
REQ-00002,1000,500,7.47676992416382,0.20473599433898926,"['resnet101', 'mobilenet_v3_small']",goldfish,1.0,weighted_majority,27476.01504198974,True,n01443537,2.0,goldfish,,,,goldfish,,0.9999724626541138,-1.0,-1.0,-1.0,0.9990629553794861,-1.0,0.040814950739698236,0.05731841328298427,0.09055340391452035,0.12197119238031043,0.24838755391101497,27.3950072196,greedy,0.5
REQ-00007,1000,500,7.291641235351562,4.328413248062134,"['mobilenet_v3_small', 'resnet50']",vine_snake,1.0,weighted_majority,29290.92304200458,True,n01739381,2.0,vine_snake,,,vine_snake,,,0.9357349276542664,-1.0,-1.0,0.9539816975593567,-1.0,-1.0,0.08843239326943855,0.1063111443579984,0.14231571754216252,0.17635165504676842,50.627774618991694,29.722140684534764,greedy,0.5
REQ-00008,1000,500,6.815627098083496,5.01610541343689,"['mobilenet_v3_small', 'resnet50']",peacock,1.0,weighted_majority,41814.509750009165,True,n01806143,2.0,peacock,,,peacock,,,0.9998717308044434,-1.0,-1.0,0.9998683929443359,-1.0,-1.0,0.08843239326939237,0.10631114435795222,0.14231571754211633,0.17635165504672223,50.62777461899165,29.72214068453472,greedy,0.5
REQ-00003,1000,500,4.038334131240845,1.981687068939209,"['resnet101', 'mobilenet_v3_small']",black_and_gold_garden_spider,1.0,weighted_majority,45037.138792002224,True,n01773157,2.0,black_and_gold_garden_spider,,,,black_and_gold_garden_spider,,0.6487670540809631,-1.0,-1.0,-1.0,0.5580514669418335,-1.0,0.040814950739698236,0.05731841328298427,0.09055340391452035,0.12197119238031043,0.24838755391101497,27.3950072196,greedy,0.5
REQ-00005,1000,500,4.374744176864624,2.676417112350464,"['resnet101', 'mobilenet_v3_small']",red-backed_sandpiper,1.0,weighted_majority,44373.784124996746,True,n02027492,2.0,red-backed_sandpiper,,,,red-backed_sandpiper,,0.9624010324478149,-1.0,-1.0,-1.0,0.9991720914840698,-1.0,0.040814950739698236,0.05731841328298427,0.09055340391452035,0.12197119238031043,0.24838755391101497,27.3950072196,greedy,0.5
REQ-00009,1000,500,4.49791169166565,5.792159080505371,"['mobilenet_v3_small', 'resnet50']",chickadee,1.0,weighted_majority,43496.7015000002,True,n01592084,2.0,chickadee,,,chickadee,,,0.9969684481620789,-1.0,-1.0,0.9999498128890991,-1.0,-1.0,0.08843239326937696,0.10631114435793683,0.14231571754210093,0.17635165504670686,50.62777461899163,29.722140684534704,greedy,0.5
REQ-00004,1000,500,4.56081485748291,2.141533374786377,"['resnet101', 'mobilenet_v3_small']",bulbul,1.0,weighted_majority,47559.5292920043,True,n01560419,2.0,bulbul,,,,bulbul,,0.9834836721420288,-1.0,-1.0,-1.0,0.9978970289230347,-1.0,0.040814950739698236,0.05731841328298427,0.09055340391452035,0.12197119238031043,0.24838755391101497,27.3950072196,greedy,0.5
REQ-00000,1000,500,5.31231188774109,3.0994415283203125e-06,"['vit_b_16', 'resnet101']",ptarmigan,1.0,weighted_majority,50310.618666000664,True,n01796340,2.0,,,,,ptarmigan,ptarmigan,-1.0,-1.0,-1.0,-1.0,0.9586495161056519,0.814058244228363,0.040814950739698236,0.05731841328298427,0.09055340391452035,0.12197119238031043,0.24838755391101497,0.2010032221700989,greedy,0.5
REQ-00001,1000,500,5.39625883102417,0.12764620780944824,"['vit_b_16', 'resnet101']",terrapin,1.0,weighted_majority,50395.14725000481,True,n01667778,2.0,,,,,terrapin,terrapin,-1.0,-1.0,-1.0,-1.0,0.9858308434486389,0.8699179291725159,0.040814950739698236,0.05731841328298427,0.09055340391452035,0.12197119238031043,0.24838755391101497,0.2010032221700989,greedy,0.5
REQ-00010,1000,500,4.353734254837036,5.953347206115723,"['mobilenet_v3_small', 'resnet50']",tick,1.0,weighted_majority,45351.0104159941,True,n01776313,2.0,tick,,,tick,,,0.45339235663414,-1.0,-1.0,0.7959606647491455,-1.0,-1.0,0.08843239326936927,0.10631114435792913,0.14231571754209324,0.17635165504669914,50.62777461899162,29.722140684534697,greedy,0.5




REQ-00007,1000,750,0.718242168426514,6.4960551261901855,"['mobilenet_v3_small', 'resnet50']",hermit_crab,1.0,weighted_majority,24717.485999994096,True,n01986214,2.0,hermit_crab,,,hermit_crab,,,0.9369065761566162,-1.0,-1.0,0.9776761531829834,-1.0,-1.0,0.34528043771344397,0.24401664923303457,0.2731185099908628,0.47656858952882114,50.75619864121369,1.3199869343894672,greedy,0.5
REQ-00002,1000,750,3.00870394706726,1.46868896484375,"['resnet101', 'mobilenet_v3_small']",lorikeet,1.0,weighted_majority,35007.696915999986,True,n01820546,2.0,lorikeet,,,,lorikeet,,0.9992955923080444,-1.0,-1.0,-1.0,0.9998596906661987,-1.0,0.15936020202154688,0.06588593573193821,0.09274919181608737,0.2805492652357412,0.6763543169564383,27.3950072196,greedy,0.5
REQ-00001,1000,750,6.30592918395996,0.09154200553894043,"['vit_b_16', 'resnet101']",black_and_gold_garden_spider,1.0,weighted_majority,37305.01841699879,True,n01773157,2.0,,,,,black_and_gold_garden_spider,black_and_gold_garden_spider,-1.0,-1.0,-1.0,-1.0,0.8158316612243652,0.6242294311523438,0.15936020202154688,0.06588593573193821,0.09274919181608737,0.2805492652357412,0.6763543169564383,0.3084239949090585,greedy,0.5
REQ-00004,1000,750,3.35201811790466,3.5039141178131104,"['vit_b_16', 'resnet101']",hummingbird,1.0,weighted_majority,36350.9827079979,True,n01833805,2.0,,,,,hummingbird,hummingbird,-1.0,-1.0,-1.0,-1.0,0.96584552526474,0.8769303560256958,0.15936020202154688,0.06588593573193821,0.09274919181608737,0.2805492652357412,0.6763543169564383,0.5931431954181527,greedy,0.5
REQ-00003,1000,750,7.09837794303894,1.8241050243377686,"['resnet101', 'mobilenet_v3_small']",tick,1.0,weighted_majority,45097.28833299596,True,n01776313,2.0,tick,,,,tick,,0.8349143862724304,-1.0,-1.0,-1.0,0.9998180270195007,-1.0,0.15936020202154688,0.06588593573193821,0.09274919181608737,0.2805492652357412,0.6763543169564383,27.3950072196,greedy,0.5
REQ-00008,1000,750,7.29819703102112,6.590152978897095,"['mobilenet_v3_small', 'resnet50']",drake,1.0,weighted_majority,43297.185374991386,True,n01847000,2.0,drake,,,drake,,,0.9999759197235107,-1.0,-1.0,0.9963706731796265,-1.0,-1.0,0.3452804377133978,0.24401664923298838,0.2731185099908166,0.47656858952877496,50.75619864121364,1.319986934389421,greedy,0.5
REQ-00010,1000,750,4.395737171173096,7.90206503868103,"['mobilenet_v3_small', 'resnet50']",peacock,1.0,weighted_majority,43394.75058398966,True,n01806143,2.0,peacock,,,peacock,,,1.0,-1.0,-1.0,0.9999380111694336,-1.0,-1.0,0.3452804377133747,0.2440166492329653,0.2731185099907935,0.47656858952875186,50.75619864121362,1.319986934389398,greedy,0.5
REQ-00009,1000,750,4.50153684616089,6.825677871704102,"['mobilenet_v3_small', 'resnet50']",toucan,1.0,weighted_majority,44500.55170900305,True,n01843383,2.0,toucan,,,toucan,,,0.3657943308353424,-1.0,-1.0,0.9780182242393494,-1.0,-1.0,0.34528043771338235,0.24401664923297298,0.27311850999080123,0.4765685895287595,50.75619864121363,1.3199869343894057,greedy,0.5
REQ-00000,1000,750,5.39376091957092,2.86102294921875e-06,"['vit_b_16', 'resnet101']",goose,1.0,weighted_majority,54392.38379099697,True,n01855672,2.0,,,,,goose,goose,-1.0,-1.0,-1.0,-1.0,0.9155675172805786,0.8238525986671448,0.15936020202154688,0.06588593573193821,0.09274919181608737,0.2805492652357412,0.6763543169564383,0.3084239949090585,greedy,0.5
REQ-00005,1000,750,5.12795686721802,4.206289052963257,"['resnet101', 'mobilenet_v3_small']",toucan,1.0,weighted_majority,51126.87849999929,True,n01843383,2.0,toucan,,,,toucan,,0.9999520778656006,-1.0,-1.0,-1.0,0.9998761415481567,-1.0,0.15936020202154688,0.06588593573193821,0.09274919181608737,0.2805492652357412,0.6763543169564383,27.3950072196,greedy,0.5
REQ-00006,1000,750,4.05506205558777,6.313322067260742,"['mobilenet_v3_small', 'resnet50']",green_snake,1.0,weighted_majority,49053.90262498986,True,n01729977,2.0,green_snake,,,green_snake,,,0.6084762215614319,-1.0,-1.0,0.7340341210365295,-1.0,-1.0,0.1726402188566758,0.0713764303762664,0.10047829113409465,0.30392837067205297,50.58355842235692,1.147346715532699,greedy,0.5





REQ-00000,1000,1000,2.508915901184082,2.86102294921875e-06,"['vit_b_16', 'resnet101']",flatworm,1.0,weighted_majority,2508.7482079979964,True,n01924916,2.0,,,,,flatworm,flatworm,-1.0,-1.0,-1.0,-1.0,0.9998964071273804,0.8959215879440308,0.17798212823153897,0.05287333503159801,0.09256051241996842,0.293625964160092,0.614023387062369,0.28244716086292043,greedy,0.5
REQ-00001,1000,1000,2.24579095840454,0.2641758918762207,"['vit_b_16', 'resnet101']",american_coot,1.0,weighted_majority,27245.17841701163,True,n02018207,2.0,,,,,american_coot,american_coot,-1.0,-1.0,-1.0,-1.0,0.9999668598175049,0.9037368893623352,0.17798212823153897,0.05287333503159801,0.09256051241996842,0.293625964160092,0.614023387062369,0.2682495447766284,greedy,0.5
REQ-00011,1000,1000,2.33402395248413,9.372107744216919,['mobilenet_v3_small'],sea_anemone,1.0,weighted_majority,22333.41062499676,Skipped,n01914609,2.0,sea_anemone,,,,,,0.7181153893470764,-1.0,-1.0,-1.0,-1.0,-1.0,13.01862544130991,12.883090915343308,12.926085357514042,13.143906263565842,63.643155512338645,13.991158975216289,greedy,0.5
REQ-00012,1000,1000,2.450324058532715,9.473365783691406,['mobilenet_v3_small'],tarantula,1.0,weighted_majority,26449.725165992277,Skipped,n01774750,2.0,tarantula,,,,,,0.9930001497268677,-1.0,-1.0,-1.0,-1.0,-1.0,10.492025941948262,10.35649141598166,10.399485858152394,10.617306764204194,61.116556012977,11.46455947585464,greedy,0.5
REQ-00008,1000,1000,2.413350820541382,6.900928020477295,"['resnet34', 'resnet18']",wallaby,1.0,weighted_majority,29412.554334005108,True,n01877812,2.0,,wallaby,wallaby,,,,-1.0,0.9933273792266846,0.9857670068740845,-1.0,-1.0,-1.0,1.0150738829700772,0.8795393570034743,0.922533799174209,1.1403547052260095,1.6445198214383863,30.500184398619243,greedy,0.5
REQ-00003,1000,1000,3.525367975234985,2.3648955821990967,"['resnet101', 'mobilenet_v3_small']",kite,1.0,weighted_majority,36524.41520799766,True,n01608432,2.0,kite,,,,kite,,0.9715309143066406,-1.0,-1.0,-1.0,0.9998595714569092,-1.0,0.17798212823153897,0.05287333503159801,0.09256051241996842,0.293625964160092,0.614023387062369,27.3950072196,greedy,0.5
REQ-00005,1000,1000,3.988816261291504,4.035602807998657,"['resnet101', 'mobilenet_v3_small']",european_fire_salamander,0.5746994942984677,weighted_majority,36987.97312499664,True,n01630670,2.0,spotted_salamander,,,,european_fire_salamander,,0.4383506774902344,-1.0,-1.0,-1.0,0.5923339128494263,-1.0,0.17798212823153897,0.05287333503159801,0.09256051241996842,0.293625964160092,0.7590091483561321,27.3950072196,greedy,0.5
REQ-00002,1000,1000,4.57242965698242,1.1698079109191895,"['vit_b_16', 'resnet101']",chickadee,1.0,weighted_majority,40571.433041011915,True,n01592084,2.0,,,,,chickadee,chickadee,-1.0,-1.0,-1.0,-1.0,0.9992640614509583,0.8738774061203003,0.17798212823153897,0.05287333503159801,0.09256051241996842,0.293625964160092,0.614023387062369,0.2682495447766284,greedy,0.5
REQ-00006,1000,1000,3.939688205718994,4.213131666183472,"['resnet101', 'mobilenet_v3_small']",hermit_crab,1.0,weighted_majority,37938.79874999402,True,n01986214,2.0,hermit_crab,,,,hermit_crab,,0.9656215906143188,-1.0,-1.0,-1.0,0.9729810953140259,-1.0,0.17798212823153897,0.05287333503159801,0.09256051241996842,0.293625964160092,0.7590091483561321,27.3950072196,greedy,0.5
REQ-00010,1000,1000,3.97266697883606,8.462373733520508,"['mobilenet_v3_small', 'resnet50']",jellyfish,1.0,weighted_majority,33971.87679201306,True,n01910747,2.0,jellyfish,,,jellyfish,,,0.9999954700469971,-1.0,-1.0,0.999997615814209,-1.0,-1.0,0.5645965627258482,0.42906203675924554,0.47205647892998015,0.6898773849817808,1.1940425011941576,30.049707078375015,greedy,0.5
REQ-00004,1000,1000,3.44944214820862,3.0043678283691406,"['resnet101', 'mobilenet_v3_small']",pelican,1.0,weighted_majority,39448.61508300528,True,n02051845,2.0,pelican,,,,pelican,,0.9995482563972473,-1.0,-1.0,-1.0,0.9997524619102478,-1.0,0.17798212823153897,0.05287333503159801,0.09256051241996842,0.293625964160092,0.7590091483561321,27.3950072196,greedy,0.5
REQ-00007,1000,1000,3.243232011795044,5.534610986709595,"['resnet101', 'mobilenet_v3_small']",oystercatcher,1.0,weighted_majority,37242.40929099324,True,n02037110,2.0,oystercatcher,,,,oystercatcher,,0.9999988079071045,-1.0,-1.0,-1.0,0.9998528957366943,-1.0,0.19281397225083388,0.05727944628423118,0.10027388845496579,0.31809479450676637,0.8222599107191431,29.6779244879,greedy,0.5
REQ-00009,1000,1000,3.58074402809143,8.005388736724854,"['mobilenet_v3_small', 'resnet50']",green_mamba,0.5644460674226297,weighted_majority,35578.59666600416,True,n01729977,2.0,green_snake,,,green_mamba,,,0.6214950084686279,-1.0,-1.0,0.8054121136665344,-1.0,-1.0,0.6540808718379384,0.5185463458713356,0.5615407880420703,0.7793616940938708,1.2835268103062476,30.139191387487106,greedy,0.5




REQ-00000,1000,2000,0.6546390056610107,3.0994415283203125e-06,"['vit_b_16', 'resnet101']",hammerhead,1.0,weighted_majority,654.5493750018068,True,n01494475,2.0,,,,,hammerhead,hammerhead,-1.0,-1.0,-1.0,-1.0,0.9991267323493958,0.9033218622207642,0.16967459475719912,0.05838350817967311,0.13602769465588144,0.16129077558621652,0.6360496989432909,0.2616230244626559,greedy,0.5
REQ-00001,1000,2000,0.8538589477539062,0.5532510280609131,"['vit_b_16', 'resnet101']",sulphur-crested_cockatoo,1.0,weighted_majority,853.4117090021027,True,n01819313,2.0,,,,,sulphur-crested_cockatoo,sulphur-crested_cockatoo,-1.0,-1.0,-1.0,-1.0,0.9366922974586487,0.900524377822876,0.16967459475719912,0.05838350817967311,0.13602769465588144,0.16129077558621652,0.5956393290489618,0.24932052201639032,greedy,0.5
REQ-00002,1000,2000,0.7650222778320312,2.8975789546966553,"['vit_b_16', 'resnet101']",limpkin,0.6197428516972968,weighted_majority,763.8485000061337,True,n02013706,2.0,,,,,bustard,limpkin,-1.0,-1.0,-1.0,-1.0,0.5357246994972229,0.8731237649917603,0.16967459475719912,0.05838350817967311,0.13602769465588144,0.16129077558621652,0.5885836961440656,0.2390595698147513,greedy,0.5
REQ-00003,1000,2000,0.5898261070251465,5.261404991149902,"['vit_b_16', 'resnet101']",harvestman,1.0,weighted_majority,587.5027500005672,True,n01770081,2.0,,,,,harvestman,harvestman,-1.0,-1.0,-1.0,-1.0,0.9999562501907349,0.8849661946296692,0.16967459475719912,0.05838350817967311,0.13602769465588144,0.16129077558621652,0.5537167265296591,0.22879611283327617,greedy,0.5
REQ-00005,1000,2000,1.1079208850860596,7.470813989639282,"['vit_b_16', 'resnet101']",chickadee,1.0,weighted_majority,1107.6849999953993,True,n01592084,2.0,,,,,chickadee,chickadee,-1.0,-1.0,-1.0,-1.0,0.9996598958969116,0.9070215821266174,0.16967459475719912,0.05838350817967311,0.13602769465588144,0.16129077558621652,0.5223589538766932,0.21988970154994855,greedy,0.5
REQ-00007,1000,2000,2.621803045272827,9.759455919265747,"['resnet101', 'resnet50']",bee_eater,1.0,weighted_majority,2621.5069590107305,True,n01828970,2.0,,,,bee_eater,bee_eater,,-1.0,-1.0,-1.0,0.9979236125946045,0.9998741149902344,-1.0,0.16967459475719912,0.05838350817967311,0.13602769465588144,0.16129077558621652,0.49500055848902386,27.3950072196,greedy,0.5
REQ-00006,1000,2000,3.307983160018921,9.1177339553833,"['vit_b_16', 'resnet101']",mud_turtle,1.0,weighted_majority,3307.810917001916,True,n01667114,2.0,,,,,mud_turtle,mud_turtle,-1.0,-1.0,-1.0,-1.0,0.5791552662849426,0.908776044845581,0.16967459475719912,0.05838350817967311,0.13602769465588144,0.16129077558621652,0.49500055848902386,0.2634753313949537,greedy,0.5
REQ-00008,1000,2000,2.5119469165802,13.034846067428589,"['resnet101', 'vit_b_16']",harvestman,1.0,weighted_majority,2511.756499996409,True,n01770081,2.0,,,,,harvestman,harvestman,-1.0,-1.0,-1.0,-1.0,0.9766948223114014,0.9001331329345703,0.16967459475719912,0.05838350817967311,0.13602769465588144,0.3523638980275949,0.5256031223761093,0.8697398184299125,greedy,0.5
REQ-00004,1000,2000,9.051527976989746,7.3105480670928955,"['vit_b_16', 'resnet101']",magpie,1.0,weighted_majority,9049.230874996283,True,n01582220,2.0,,,,,magpie,magpie,-1.0,-1.0,-1.0,-1.0,0.999840497970581,0.8913018703460693,0.16967459475719912,0.05838350817967311,0.13602769465588144,0.16129077558621652,0.5223589538766932,0.21988970154994855,greedy,0.5


REQ-00000,1000,5000,0.6819789409637451,1.9073486328125e-06,"['vit_b_16', 'resnet101']",sea_slug,1.0,weighted_majority,681.5038330096286,True,n01950731,2.0,,,,,sea_slug,sea_slug,-1.0,-1.0,-1.0,-1.0,0.8937248587608337,0.8809201717376709,0.049092997185352025,0.05125203811501075,0.09436975604028978,0.13937064036944025,0.2544064866550174,0.21624172500620414,greedy,0.5
REQ-00001,1000,5000,0.6473050117492676,4.032109022140503,"['vit_b_16', 'resnet101']",crane,1.0,weighted_majority,645.9840000024997,True,n02012849,2.0,,,,,crane,crane,-1.0,-1.0,-1.0,-1.0,0.6870351433753967,0.6848520636558533,0.049092997185352025,0.05125203811501075,0.09436975604028978,0.13937064036944025,0.2507810379895157,0.20840795250558375,greedy,0.5
REQ-00002,1000,5000,0.641456127166748,13.15037989616394,"['vit_b_16', 'resnet101']",ptarmigan,1.0,weighted_majority,640.6438340054592,True,n01796340,2.0,,,,,ptarmigan,ptarmigan,-1.0,-1.0,-1.0,-1.0,0.9999097585678101,0.915561318397522,0.049092997185352025,0.05125203811501075,0.09436975604028978,0.13937064036944025,0.24873343419056412,0.2012872572550254,greedy,0.5
REQ-00003,1000,5000,0.9372971057891846,13.85428500175476,"['vit_b_16', 'resnet101']",king_snake,1.0,weighted_majority,936.7433750012424,True,n01734418,2.0,,,,,king_snake,king_snake,-1.0,-1.0,-1.0,-1.0,0.8875420093536377,0.8416749238967896,0.049092997185352025,0.05125203811501075,0.09436975604028978,0.13937064036944025,0.2457726907715077,0.19496763152952284,greedy,0.5
REQ-00004,1000,5000,0.6965651512145996,17.7630877494812,"['vit_b_16', 'resnet101']",spoonbill,1.0,weighted_majority,694.732624993776,True,n02006656,2.0,,,,,spoonbill,spoonbill,-1.0,-1.0,-1.0,-1.0,0.999294638633728,0.8798291683197021,0.049092997185352025,0.05125203811501075,0.09436975604028978,0.13937064036944025,0.25253712169435694,0.20848276837657057,greedy,0.5




REQ-00003,1000,500,5.02753472328186,2.4302480220794678,"['resnet101', 'mobilenet_v3_small', 'resnet50']",ptarmigan,1.0,weighted_majority,11027.07370799908,True,n01796340,3.0,ptarmigan,,,ptarmigan,ptarmigan,,0.9989123344421387,-1.0,-1.0,0.9753367304801941,0.9983299374580383,-1.0,0.23237422423314913,0.05550978603006242,0.09600649586070036,0.3246094653788646,0.6694494755729004,27.3950072196,greedy,0.5
REQ-00000,1000,500,9.9716112613678,3.0994415283203125e-06,"['vit_b_16', 'resnet101', 'mobilenet_v3_small']",hermit_crab,1.0,weighted_majority,33970.66929200082,True,n01986214,3.0,hermit_crab,,,,hermit_crab,hermit_crab,0.9076095819473267,-1.0,-1.0,-1.0,0.9999984502792358,0.9230329990386963,0.23237422423314913,0.05550978603006242,0.09600649586070036,0.3246094653788646,0.6694494755729004,0.3287821774135218,greedy,0.5
REQ-00002,1000,500,7.7876501083374,0.9084532260894775,"['vit_b_16', 'resnet101', 'mobilenet_v3_small']",macaw,1.0,weighted_majority,33786.68329100765,True,n01818515,3.0,macaw,,,,macaw,macaw,0.9999760389328003,-1.0,-1.0,-1.0,0.9998540878295898,0.8450109362602234,0.23237422423314913,0.05550978603006242,0.09600649586070036,0.3246094653788646,0.6694494755729004,0.33183645967216957,greedy,0.5
REQ-00001,1000,500,8.02475881576538,0.6919240951538086,"['vit_b_16', 'resnet101', 'mobilenet_v3_small']",prairie_chicken,1.0,weighted_majority,35023.83270900464,True,n01798484,3.0,prairie_chicken,,,,prairie_chicken,prairie_chicken,0.4524364471435547,-1.0,-1.0,-1.0,0.4372812807559967,0.8665482401847839,0.23237422423314913,0.05550978603006242,0.09600649586070036,0.3246094653788646,0.6694494755729004,0.33183645967216957,greedy,0.5
REQ-00004,1000,500,7.0828218460083,3.120983123779297,"['resnet101', 'mobilenet_v3_small', 'resnet50']",chambered_nautilus,1.0,weighted_majority,33081.94816700416,True,n01968897,3.0,chambered_nautilus,,,chambered_nautilus,chambered_nautilus,,1.0,-1.0,-1.0,0.9999762773513794,0.9999076128005981,-1.0,0.23237422423314913,0.05550978603006242,0.09600649586070036,0.3246094653788646,0.6615283280156103,27.3950072196,greedy,0.5
REQ-00006,1000,500,4.35176181793213,5.806244134902954,"['resnet101', 'mobilenet_v3_small', 'resnet50']",great_white_shark,1.0,weighted_majority,40350.6820420007,True,n01484850,3.0,great_white_shark,,,great_white_shark,great_white_shark,,0.9647279977798462,-1.0,-1.0,0.9880643486976624,0.941055178642273,-1.0,0.2517387429192449,0.060135601532567626,0.10400703718242539,0.35166025416043667,0.7166556886835779,29.6779244879,greedy,0.5
REQ-00005,1000,500,4.259192943573,4.415359973907471,"['vit_b_16', 'resnet101', 'mobilenet_v3_small']",terrapin,1.0,weighted_majority,42255.561750003835,True,n01667778,3.0,terrapin,,,,terrapin,terrapin,0.7269593477249146,-1.0,-1.0,-1.0,0.9882925152778625,0.7584409117698669,0.23237422423314913,0.05550978603006242,0.09600649586070036,0.3246094653788646,0.6615283280156103,0.5907404137049526,greedy,0.5



REQ-00007,1000,750,5.2156031131744385,4.9522178173065186,['resnet18'],scorpion,1.0,weighted_majority,5215.454958000919,True,n01770393,3.0,,scorpion,,,,,-1.0,0.4188328981399536,-1.0,-1.0,-1.0,-1.0,1.0256471673418261,0.971458586962108,1.0228443946850811,1.057112549646728,1.8185251241379752,30.58718704996904,greedy,0.5
REQ-00005,1000,750,3.81068301200867,4.569563865661621,"['vit_b_16', 'resnet101', 'resnet50']",common_newt,1.0,weighted_majority,37810.19200000446,True,n01630670,3.0,,,,common_newt,common_newt,common_newt,-1.0,-1.0,-1.0,0.9355627298355103,0.6372209787368774,0.8742403388023376,0.10743194332872878,0.057411715285911935,0.10484476856865649,0.1364769116101766,0.8393192880636355,0.553705426517683,greedy,0.5
REQ-00002,1000,750,4.51170611381531,0.30605101585388184,"['resnet101', 'resnet50', 'mobilenet_v3_small']",redshank,1.0,weighted_majority,42511.35762500053,True,n02028035,3.0,redshank,,,redshank,redshank,,0.9623019099235535,-1.0,-1.0,0.9993601441383362,0.9988250136375427,-1.0,0.10743194332872878,0.057411715285911935,0.10484476856865649,0.1364769116101766,0.6884270978484839,27.3950072196,greedy,0.5
REQ-00003,1000,750,4.42113900184631,3.083695888519287,"['vit_b_16', 'resnet101', 'resnet50']",dungeness_crab,1.0,weighted_majority,42420.797625003615,True,n01978287,3.0,,,,dungeness_crab,dungeness_crab,dungeness_crab,-1.0,-1.0,-1.0,0.9923547506332397,0.9952253103256226,0.9088284373283386,0.10743194332872878,0.057411715285911935,0.10484476856865649,0.1364769116101766,0.8393192880636355,0.4925088072418699,greedy,0.5
REQ-00010,1000,750,4.94994902610779,6.24583888053894,"['resnet50', 'mobilenet_v3_small', 'resnet34']",scorpion,1.0,weighted_majority,42949.61733400123,True,n01770393,3.0,scorpion,,scorpion,scorpion,,,0.8413475155830383,-1.0,0.9733681082725525,0.9976446032524109,-1.0,-1.0,0.4331742458021622,0.3789856654224439,0.4303714731454172,0.46463962810706394,1.2260522025983112,29.994714128429372,greedy,0.5
REQ-00006,1000,750,4.72537112236023,4.659541845321655,"['resnet101', 'resnet50', 'mobilenet_v3_small']",wallaby,1.0,weighted_majority,47724.959624989424,True,n01877812,3.0,wallaby,,,wallaby,wallaby,,0.9938143491744995,-1.0,-1.0,0.9990942478179932,0.9996985197067261,-1.0,0.11638460527278952,0.062196024893071265,0.11358183261604453,0.14784998757769133,0.9092625620689385,29.6779244879,greedy,0.5
REQ-00015,1000,750,4.681658029556274,7.431719779968262,"['resnet50', 'mobilenet_v3_small', 'resnet34']",black_grouse,1.0,weighted_majority,45681.20649999764,True,n01795545,3.0,black_grouse,,black_grouse,black_grouse,,,0.9997760653495789,-1.0,0.9996010661125183,0.9965824484825134,-1.0,-1.0,0.4041381195264559,0.3499495391467376,0.4013353468697109,0.4356035018313577,1.1970160763226048,1.0189766301084073,greedy,0.5
REQ-00012,1000,750,4.63666105270386,6.514626979827881,"['vit_b_16', 'resnet50', 'mobilenet_v3_small']",hen,1.0,weighted_majority,46636.18170899281,True,n01514859,3.0,hen,,,hen,,hen,0.830960750579834,-1.0,-1.0,0.8824159502983093,-1.0,0.8792981505393982,0.3768610281516017,0.3226724477718835,0.3740582554948568,0.40832641045650353,1.1697389849477509,0.9916995387335531,greedy,0.5
REQ-00011,1000,750,5.15052103996277,6.339562892913818,"['resnet50', 'mobilenet_v3_small', 'resnet34']",peacock,1.0,weighted_majority,51150.01333299733,True,n01806143,3.0,peacock,,peacock,peacock,,,0.9999961853027344,-1.0,0.9971250891685486,0.9996434450149536,-1.0,-1.0,0.4331742458021622,0.34519773483210764,0.39658354255508094,0.4308516975167277,1.192264272007975,29.960926197839036,greedy,0.5
REQ-00009,1000,750,5.755691051483154,5.655611753463745,"['resnet50', 'mobilenet_v3_small', 'resnet34']",agama,1.0,weighted_majority,52755.125541007146,True,n01687978,3.0,agama,,agama,agama,,,0.9577506184577942,-1.0,0.9526395797729492,0.8906735777854919,-1.0,-1.0,0.48948746345272254,0.4352988830730043,0.48668469079597754,0.5209528457576243,1.2823654202488715,30.051027346079934,greedy,0.5
REQ-00014,1000,750,5.39332294464111,7.067026853561401,"['resnet50', 'mobilenet_v3_small', 'resnet34']",hen,1.0,weighted_majority,53392.900416001794,True,n01514859,3.0,hen,,hen,hen,,,0.9962363839149475,-1.0,0.979828417301178,0.9925903081893921,-1.0,-1.0,0.4216260603609528,0.3674374799812345,0.4188232877042078,0.45309144266585455,1.2145040171571018,1.0364645709429041,greedy,0.5
REQ-00008,1000,750,5.46683192253113,5.203856706619263,"['resnet50', 'mobilenet_v3_small', 'resnet34']",stingray,1.0,weighted_majority,56466.2910830084,True,n01498041,3.0,stingray,,stingray,stingray,,,0.9743561148643494,-1.0,0.9959514141082764,0.9979208111763,-1.0,-1.0,0.6021138987538435,0.5479253183741252,0.5993111260970986,0.6335792810587453,1.3949918555499925,30.163653781381054,greedy,0.5
REQ-00000,1000,750,6.8505687713623,3.0994415283203125e-06,"['vit_b_16', 'resnet101', 'resnet50']",albatross,1.0,weighted_majority,64849.584209005116,True,n02058221,3.0,,,,albatross,albatross,albatross,-1.0,-1.0,-1.0,0.8598783016204834,0.9350443482398987,0.8826152086257935,0.10743194332872878,0.057411715285911935,0.10484476856865649,0.1364769116101766,0.6884270978484839,0.3037764524909665,greedy,0.5
REQ-00013,1000,750,5.73730993270874,6.7657856941223145,"['resnet50', 'mobilenet_v3_small', 'resnet34']",sea_slug,0.7225691265285967,weighted_majority,59736.76349999732,True,n01950731,3.0,sea_slug,,eel,sea_slug,,,0.5239484906196594,-1.0,0.43860873579978943,0.6184086203575134,-1.0,-1.0,0.44411055571959157,0.38992197533987333,0.44130778306284657,0.4755759380244934,1.2369885125157407,1.058949066301543,greedy,0.5
REQ-00001,1000,750,6.43261194229126,0.09628987312316895,"['vit_b_16', 'resnet101', 'resnet50']",bustard,1.0,weighted_majority,67431.91908299923,True,n02018795,3.0,,,,bustard,bustard,bustard,-1.0,-1.0,-1.0,0.8230013251304626,0.9785272479057312,0.8992497324943542,0.10743194332872878,0.057411715285911935,0.10484476856865649,0.1364769116101766,0.6884270978484839,0.3037764524909665,greedy,0.5
REQ-00004,1000,750,6.719032764434814,3.8343148231506348,"['resnet101', 'resnet50', 'mobilenet_v3_small']",common_iguana,1.0,weighted_majority,63717.55504200701,True,n01677366,3.0,common_iguana,,,common_iguana,common_iguana,,0.3855225443840027,-1.0,-1.0,0.9810314774513245,0.9681985974311829,-1.0,0.10743194332872878,0.057411715285911935,0.10484476856865649,0.1364769116101766,0.8393192880636355,27.3950072196,greedy,0.5







REQ-00000,1000,1000,0.7111361026763916,2.1457672119140625e-06,"['vit_b_16', 'resnet101', 'mobilenet_v3_small']",sidewinder,1.0,weighted_majority,710.1056250103284,True,n01756291,3.0,sidewinder,,,,sidewinder,sidewinder,0.6187812089920044,-1.0,-1.0,-1.0,0.6883403658866882,0.7786839008331299,0.13249253732355915,0.05826291553229052,0.16633237090131586,0.3969053087468217,0.6600435554200641,0.2582119937090779,greedy,0.5
REQ-00001,1000,1000,0.7698900699615479,1.4139940738677979,"['vit_b_16', 'resnet101', 'mobilenet_v3_small']",macaw,1.0,weighted_majority,769.4677090039477,True,n01818515,3.0,macaw,,,,macaw,macaw,0.9905937910079956,-1.0,-1.0,-1.0,0.9998935461044312,0.8926176428794861,0.12295688359120323,0.05826291553229052,0.16633237090131586,0.3969053087468217,0.6179245998780578,0.2542987943381701,greedy,0.5
REQ-00009,1000,1000,2.436450958251953,8.558495998382568,"['mobilenet_v3_small', 'resnet101', 'resnet50']",fiddler_crab,0.44299644801144067,weighted_majority,28435.198666004,True,n01685808,3.0,american_lobster,,,crayfish,fiddler_crab,,0.2774205207824707,-1.0,-1.0,0.25658056139945984,0.42470210790634155,-1.0,0.2329558901323979,0.17959610355955988,0.296671346876004,0.5464586962086353,0.7450311299473514,29.794402432966244,greedy,0.5
REQ-00002,1000,1000,3.42293882369995,5.051220417022705,"['vit_b_16', 'mobilenet_v3_small', 'resnet101']",flamingo,1.0,weighted_majority,37422.148708006716,True,n02007558,3.0,flamingo,,,,flamingo,flamingo,0.999934196472168,-1.0,-1.0,-1.0,0.9992245435714722,0.8844078183174133,0.11446669523208292,0.05826291553229052,0.16633237090131586,0.3969053087468217,0.580202939890252,0.25015411490435313,greedy,0.5
REQ-00003,1000,1000,3.25754427909851,5.13886833190918,"['vit_b_16', 'mobilenet_v3_small', 'resnet101']",green_snake,1.0,weighted_majority,38257.04354199115,True,n01729977,3.0,green_snake,,,,green_snake,green_snake,0.8727751970291138,-1.0,-1.0,-1.0,0.640171229839325,0.8209159970283508,0.11446669523208292,0.05826291553229052,0.16633237090131586,0.3969053087468217,0.580202939890252,0.25015411490435313,greedy,0.5
REQ-00006,1000,1000,3.532679080963135,7.723395109176636,"['vit_b_16', 'mobilenet_v3_small', 'resnet101']",hen,1.0,weighted_majority,36532.12316700956,True,n01514859,3.0,hen,,,,hen,hen,0.9797168374061584,-1.0,-1.0,-1.0,0.9929882884025574,0.8943743705749512,0.10751810313798717,0.05826291553229052,0.16633237090131586,0.3969053087468217,0.580202939890252,0.47509376276527343,greedy,0.5
REQ-00004,1000,1000,3.032488107681274,7.001242160797119,"['vit_b_16', 'mobilenet_v3_small', 'resnet101']",garden_spider,1.0,weighted_majority,38031.459292004,True,n01773797,3.0,garden_spider,,,,garden_spider,garden_spider,0.5579882860183716,-1.0,-1.0,-1.0,0.4818078577518463,0.5366652607917786,0.10751810313798717,0.05826291553229052,0.16633237090131586,0.3969053087468217,0.580202939890252,0.5064764030725261,greedy,0.5
REQ-00007,1000,1000,4.91222882270813,8.01351523399353,"['mobilenet_v3_small', 'resnet101', 'resnet50']",mud_turtle,0.7299380584903198,weighted_majority,40911.47533300682,True,n01667114,3.0,mud_turtle,,,box_turtle,mud_turtle,,0.7114675641059875,-1.0,-1.0,0.47009265422821045,0.5591243505477905,-1.0,0.10751810313798717,0.05826291553229052,0.16633237090131586,0.3969053087468217,0.580202939890252,27.3950072196,greedy,0.5
REQ-00005,1000,1000,4.62936210632324,7.379927158355713,"['vit_b_16', 'mobilenet_v3_small', 'resnet101']",tench,1.0,weighted_majority,41628.7004580081,True,n01440764,3.0,tench,,,,tench,tench,0.8991017937660217,-1.0,-1.0,-1.0,0.9958066940307617,0.8697161674499512,0.10751810313798717,0.05826291553229052,0.16633237090131586,0.3969053087468217,0.580202939890252,0.5064764030725261,greedy,0.5
REQ-00008,1000,1000,4.66295599937439,8.441606283187866,"['mobilenet_v3_small', 'resnet101', 'resnet50']",agama,1.0,weighted_majority,41660.18862499914,True,n01687978,3.0,agama,,,agama,agama,,0.9996613264083862,-1.0,-1.0,0.9996862411499023,0.9998681545257568,-1.0,0.11647794506615276,0.06311815849331473,0.18019340180975885,0.42998075114239015,0.6285531848811063,29.6779244879,greedy,0.5


REQ-00000,1000,2000,0.7216031551361084,2.86102294921875e-06,"['vit_b_16', 'resnet101', 'mobilenet_v3_small']",harvestman,1.0,weighted_majority,720.8107500046026,True,n01770081,3.0,harvestman,,,,harvestman,harvestman,0.9727296233177185,-1.0,-1.0,-1.0,0.9990739822387695,0.8732406497001648,0.11677601021744362,0.07019494599035975,0.10529995531036553,0.22998259607822005,0.709890500109815,0.28132385107820845,greedy,0.5
REQ-00001,1000,2000,0.9412260055541992,2.101710796356201,"['vit_b_16', 'mobilenet_v3_small', 'resnet101']",black_and_gold_garden_spider,0.6303222616867514,weighted_majority,941.0957910004072,True,n01773797,3.0,black_and_gold_garden_spider,,,,garden_spider,black_and_gold_garden_spider,0.48749589920043945,-1.0,-1.0,-1.0,0.5743892788887024,0.49187156558036804,0.10884240919569925,0.07019494599035975,0.10529995531036553,0.22998259607822005,0.6621890500988336,0.2696715659703876,greedy,0.5
REQ-00002,1000,2000,1.088365077972412,3.8588829040527344,"['vit_b_16', 'mobilenet_v3_small', 'resnet101']",box_turtle,1.0,weighted_majority,1088.2513749966165,True,n01667114,3.0,box_turtle,,,,box_turtle,box_turtle,0.8396938443183899,-1.0,-1.0,-1.0,0.8842683434486389,0.6736020445823669,0.10206006827612933,0.07019494599035975,0.10529995531036553,0.22998259607822005,0.6200780450889501,0.28237890937334886,greedy,0.5
REQ-00003,1000,2000,1.1267342567443848,4.271337985992432,"['vit_b_16', 'mobilenet_v3_small', 'resnet101']",black_widow,1.0,weighted_majority,1126.1308749963064,True,n01774384,3.0,black_widow,,,,black_widow,black_widow,0.32826048135757446,-1.0,-1.0,-1.0,0.9697167873382568,0.7757050395011902,0.10206006827612933,0.07019494599035975,0.10529995531036553,0.22998259607822005,0.6200780450889501,0.287704818436014,greedy,0.5
REQ-00004,1000,2000,0.7910940647125244,6.034771919250488,"['vit_b_16', 'resnet101', 'mobilenet_v3_small']",axolotl,1.0,weighted_majority,791.0427919996437,True,n01632777,3.0,axolotl,,,,axolotl,axolotl,0.997092604637146,-1.0,-1.0,-1.0,0.9999812841415405,0.8626961708068848,0.09765108530366476,0.07019494599035975,0.10529995531036553,0.22998259607822005,0.5477940665220496,0.3153362365924126,greedy,0.5
REQ-00005,1000,2000,0.8253028392791748,6.57239294052124,"['vit_b_16', 'resnet101', 'mobilenet_v3_small']",goldfinch,1.0,weighted_majority,824.5267089951085,True,n01531178,3.0,goldfinch,,,,goldfinch,goldfinch,0.9999992847442627,-1.0,-1.0,-1.0,0.9997772574424744,0.8898420929908752,0.09765108530366476,0.07019494599035975,0.10529995531036553,0.22998259607822005,0.5477940665220496,0.30151751293317136,greedy,0.5
REQ-00006,1000,2000,0.6933300495147705,8.088392972946167,"['vit_b_16', 'mobilenet_v3_small', 'resnet101']",flamingo,1.0,weighted_majority,692.9324579978129,True,n02007558,3.0,flamingo,,,,flamingo,flamingo,0.9999920129776001,-1.0,-1.0,-1.0,0.9984124898910522,0.872633159160614,0.09184770909596847,0.07019494599035975,0.10529995531036553,0.22998259607822005,0.4943186138828603,0.3060761616398542,greedy,0.5
REQ-00007,1000,2000,1.1296710968017578,11.909081935882568,"['vit_b_16', 'mobilenet_v3_small', 'resnet101']",common_newt,1.0,weighted_majority,1128.9419590029866,True,n01630670,3.0,common_newt,,,,common_newt,common_newt,0.9524196982383728,-1.0,-1.0,-1.0,0.9843491911888123,0.7511890530586243,0.08684953818637162,0.07019494599035975,0.10529995531036553,0.22998259607822005,0.4692878524945743,0.2911724454758688,greedy,0.5
REQ-00008,1000,2000,10.56438684463501,13.533827781677246,"['vit_b_16', 'mobilenet_v3_small', 'resnet101']",flatworm,1.0,weighted_majority,10564.173833001405,True,n01924916,3.0,flatworm,,,,flatworm,flatworm,0.94676673412323,-1.0,-1.0,-1.0,0.9991161227226257,0.8597282767295837,0.08243398436773447,0.07019494599035975,0.10529995531036553,0.22998259607822005,0.48683356724511684,0.27757560092828193,greedy,0.5
REQ-00009,1000,2000,10.475943326950073,13.648613929748535,"['vit_b_16', 'mobilenet_v3_small', 'resnet101']",green_lizard,0.6179333766830708,weighted_majority,10475.407791003818,True,n01693334,3.0,american_chameleon,,,,green_lizard,green_lizard,0.6970437169075012,-1.0,-1.0,-1.0,0.5838931798934937,0.5434666872024536,0.08243398436773447,0.07019494599035975,0.10529995531036553,0.22998259607822005,0.48683356724511684,0.27757560092828193,greedy,0.5


REQ-00000,1000,5000,0.932110071182251,1.9073486328125e-06,"['vit_b_16', 'resnet101', 'mobilenet_v3_small']",limpkin,1.0,weighted_majority,931.2408330006292,True,n02013706,3.0,limpkin,,,,limpkin,limpkin,0.9993982315063477,-1.0,-1.0,-1.0,0.9999494552612305,0.8729596734046936,0.056673390526854876,0.060176279954664055,0.0968830077346632,0.13660971194659335,0.30209546416059446,0.19744236161469322,greedy,0.5
REQ-00001,1000,5000,0.6635088920593262,3.6579809188842773,"['vit_b_16', 'resnet101', 'mobilenet_v3_small']",tailed_frog,1.0,weighted_majority,660.5818749958416,True,n01644900,3.0,tailed_frog,,,,tailed_frog,tailed_frog,0.504822850227356,-1.0,-1.0,-1.0,0.869511604309082,0.7646684050559998,0.05487035147416939,0.060176279954664055,0.0968830077346632,0.13660971194659335,0.298498317744535,0.21618772545322393,greedy,0.5
REQ-00002,1000,5000,0.7501847743988037,11.875705003738403,"['vit_b_16', 'resnet101', 'mobilenet_v3_small']",crayfish,0.378428087896463,weighted_majority,748.3807500102557,True,n01985128,3.0,american_lobster,,,,spiny_lobster,crayfish,0.5218065977096558,-1.0,-1.0,-1.0,0.6204987168312073,0.695463240146637,0.05301641632675245,0.060176279954664055,0.0968830077346632,0.13660971194659335,0.2927930859700815,0.20969305290790155,greedy,0.5
REQ-00003,1000,5000,0.7294011116027832,16.27844786643982,"['vit_b_16', 'resnet101', 'mobilenet_v3_small']",macaw,1.0,weighted_majority,727.2123750008177,True,n01818515,3.0,macaw,,,,macaw,macaw,0.9918726086616516,-1.0,-1.0,-1.0,0.9994708895683289,0.8852468729019165,0.05158487469407721,0.060176279954664055,0.0968830077346632,0.13660971194659335,0.29117817737307333,0.20460224761711138,greedy,0.5
REQ-00000,1000,5000,0.7090680599212646,3.0994415283203125e-06,"['vit_b_16', 'resnet101', 'mobilenet_v3_small']",crane,1.0,weighted_majority,707.5676249951357,True,n02012849,3.0,crane,,,,crane,crane,0.9957101345062256,-1.0,-1.0,-1.0,0.9995321035385132,0.8954526782035828,0.05007918722466949,0.060176279954664055,0.0968830077346632,0.13660971194659335,0.287070759635766,0.20028992285540023,greedy,0.5
REQ-00001,1000,5000,0.8381330966949463,2.067756175994873,"['vit_b_16', 'resnet101', 'mobilenet_v3_small']",garter_snake,1.0,weighted_majority,836.6293330036569,True,n01735189,3.0,garter_snake,,,,garter_snake,garter_snake,0.597743570804596,-1.0,-1.0,-1.0,0.9217633605003357,0.8001795411109924,0.04848036850220254,0.060176279954664055,0.0968830077346632,0.13660971194659335,0.28159498367218944,0.1995686305698602,greedy,0.5
REQ-00002,1000,5000,0.6784288883209229,3.731384038925171,"['vit_b_16', 'resnet101', 'mobilenet_v3_small']",dungeness_crab,1.0,weighted_majority,678.1581249961164,True,n01978287,3.0,dungeness_crab,,,,dungeness_crab,dungeness_crab,0.5807335376739502,-1.0,-1.0,-1.0,0.7527866363525391,0.7242911458015442,0.047145031651982285,0.060176279954664055,0.0968830077346632,0.13660971194659335,0.28639288530497053,0.1941152675128742,greedy,0.5
REQ-00003,1000,5000,0.7973840236663818,4.452010154724121,"['vit_b_16', 'resnet101', 'mobilenet_v3_small']",king_snake,1.0,weighted_majority,795.4902500059688,True,n01734418,3.0,king_snake,,,,king_snake,king_snake,0.9911960363388062,-1.0,-1.0,-1.0,0.9679752588272095,0.8605746626853943,0.04538692848678406,0.060176279954664055,0.0968830077346632,0.13660971194659335,0.2821303967744735,0.1906792407615868,greedy,0.5
REQ-00004,1000,5000,0.7836160659790039,18.5943500995636,"['vit_b_16', 'resnet101', 'mobilenet_v3_small']",wombat,1.0,weighted_majority,781.8072919908445,True,n01883070,3.0,wombat,,,,wombat,wombat,0.9883162379264832,-1.0,-1.0,-1.0,0.9894152879714966,0.8491471409797668,0.043895235638105656,0.060176279954664055,0.0968830077346632,0.13660971194659335,0.27700895709702616,0.1996122166854281,greedy,0.5





REQ-00003,500000,500,10.290428876876831,0.9729330539703369,"['vit_b_16', 'resnet18']",kite,1.0,weighted_majority,8290.350207826123,True,n01608432,2.0,,kite,,,,kite,-1.0,0.9558928608894348,-1.0,-1.0,-1.0,0.8539353013038635,-1.0,0.08645730827735172,-1.0,-1.0,-1.0,0.34454260711280593,randomized
REQ-00001,500000,500,16.48825979232788,0.10722088813781738,"['resnet34', 'mobilenet_v3_small']",common_iguana,1.0,weighted_majority,10488.188167102635,True,n01677366,2.0,common_iguana,,common_iguana,,,,0.9882335662841797,-1.0,0.9995905756950378,-1.0,-1.0,-1.0,0.0564524339374297,-1.0,0.14320037875272196,-1.0,-1.0,-1.0,randomized
REQ-00000,500000,500,12.403231859207153,3.0994415283203125e-06,"['resnet18', 'resnet50']",spiny_lobster,1.0,weighted_majority,19403.129833051935,True,n01984695,2.0,,spiny_lobster,,spiny_lobster,,,-1.0,0.9998600482940674,-1.0,0.9978519678115845,-1.0,-1.0,-1.0,0.08970467586372413,-1.0,0.1939473277382225,-1.0,-1.0,randomized
REQ-00002,500000,500,8.59595012664795,0.6908400058746338,"['resnet34', 'resnet18']",electric_ray,1.0,weighted_majority,26595.59754212387,True,n01496331,2.0,,electric_ray,electric_ray,,,,-1.0,0.8326042890548706,0.9633820652961731,-1.0,-1.0,-1.0,-1.0,0.08645730827735172,45.983040609,-1.0,-1.0,-1.0,randomized
REQ-00007,500000,500,8.2206609249115,3.8998169898986816,"['resnet34', 'resnet18']",scorpion,1.0,weighted_majority,28220.682790968567,True,n01770393,2.0,,scorpion,scorpion,,,,-1.0,0.9716065526008606,0.9852024912834167,-1.0,-1.0,-1.0,-1.0,57.47307938666667,102.84112568058333,-1.0,-1.0,-1.0,randomized
REQ-00009,500000,500,8.359004020690918,4.763569116592407,"['resnet50', 'resnet34']",loggerhead,1.0,weighted_majority,28359.082874841988,True,n01664065,2.0,,,loggerhead,loggerhead,,,-1.0,-1.0,0.9192034006118774,0.9449213147163391,-1.0,-1.0,-1.0,-1.0,101.77072422688889,102.39024449838888,-1.0,-1.0,randomized
REQ-00005,500000,500,12.093507051467896,2.074826955795288,"['resnet34', 'vit_b_16']",spotted_salamander,1.0,weighted_majority,50093.587999930605,True,n01632458,2.0,,,spotted_salamander,,,spotted_salamander,-1.0,-1.0,0.9657572507858276,-1.0,-1.0,0.8680525422096252,-1.0,-1.0,45.983040609,-1.0,-1.0,0.35514554640152535,randomized
REQ-00006,500000,500,11.95370507240295,3.363276958465576,"['resnet101', 'resnet50']",white_stork,1.0,weighted_majority,67954.05679219402,True,n02002556,2.0,,,,white_stork,white_stork,,-1.0,-1.0,-1.0,0.9676622748374939,0.9141632914543152,-1.0,-1.0,-1.0,-1.0,50.43448093125,53.02616502083333,-1.0,randomized





REQ-00000,500000,750,3.6448938846588135,2.86102294921875e-06,"['mobilenet_v3_small', 'resnet50']",hornbill,1.0,weighted_majority,643.2780830655247,True,n01829413,2.0,hornbill,,,hornbill,,,0.9997355341911316,-1.0,-1.0,0.9998306035995483,-1.0,-1.0,0.08016792751602805,-1.0,-1.0,0.3425862010035139,-1.0,-1.0,randomized
REQ-00002,500000,750,7.783200979232788,1.257638931274414,"['resnet34', 'vit_b_16']",ptarmigan,0.7669424556325691,weighted_majority,7783.17791596055,True,n01796340,2.0,,,otter,,,ptarmigan,-1.0,-1.0,0.21301871538162231,-1.0,-1.0,0.7009989619255066,-1.0,-1.0,0.209816993204928,-1.0,-1.0,0.24015384148838628,randomized
REQ-00003,500000,750,7.85677695274353,1.8370039463043213,"['resnet18', 'vit_b_16']",axolotl,1.0,weighted_majority,17856.655542040244,True,n01632777,2.0,,axolotl,,,,axolotl,-1.0,0.9999879598617554,-1.0,-1.0,-1.0,0.9020338654518127,-1.0,0.14819665386025438,-1.0,-1.0,-1.0,35.054733401,randomized
REQ-00005,500000,750,5.249361991882324,3.6580307483673096,"['resnet34', 'mobilenet_v3_small']",tarantula,1.0,weighted_majority,25249.16754104197,True,n01774750,2.0,tarantula,,tarantula,,,,0.9999901056289673,-1.0,0.9997490048408508,-1.0,-1.0,-1.0,0.07701623476442525,-1.0,0.2043095938844352,-1.0,-1.0,-1.0,randomized
REQ-00007,500000,750,6.781079053878784,4.357923746109009,"['resnet34', 'resnet18']",tiger_shark,1.0,weighted_majority,26781.146832974628,True,n01491361,2.0,,tiger_shark,tiger_shark,,,,-1.0,0.8380895256996155,0.7741107940673828,-1.0,-1.0,-1.0,-1.0,4.446914365833333,0.2213353933748048,-1.0,-1.0,-1.0,randomized
REQ-00010,500000,750,9.280910968780518,4.852370977401733,"['resnet50', 'resnet101']",goldfinch,1.0,weighted_majority,29281.028292141855,True,n01531178,2.0,,,,goldfinch,goldfinch,,-1.0,-1.0,-1.0,0.9998363256454468,0.9902122616767883,-1.0,-1.0,-1.0,-1.0,17.273669856677618,17.89892071289667,-1.0,randomized
REQ-00004,500000,750,6.34909915924072,3.4158458709716797,"['resnet34', 'vit_b_16']",dungeness_crab,1.0,weighted_majority,36348.69895898737,True,n01978287,2.0,,,dungeness_crab,,,dungeness_crab,-1.0,-1.0,0.6469465494155884,-1.0,-1.0,0.7544411420822144,-1.0,-1.0,0.2043095938844352,-1.0,-1.0,35.054733401,randomized
REQ-00006,500000,750,9.71220779418945,4.248510837554932,"['mobilenet_v3_small', 'resnet101']",bustard,1.0,weighted_majority,39712.38416596316,True,n02018795,2.0,bustard,,,,bustard,,0.8607790470123291,-1.0,-1.0,-1.0,0.990504801273346,-1.0,0.07701623476442525,-1.0,-1.0,-1.0,0.9097413293227394,-1.0,randomized
REQ-00008,500000,750,10.712778091430664,4.4952850341796875,"['resnet101', 'resnet18']",black_widow,1.0,weighted_majority,39713.006916921586,True,n01774384,2.0,,black_widow,,,black_widow,,-1.0,0.9978518486022949,-1.0,-1.0,0.9997546076774597,-1.0,-1.0,4.668249759208138,-1.0,-1.0,1.2068885001411058,-1.0,randomized
REQ-00001,500000,750,8.52515006065369,1.1512928009033203,"['resnet50', 'vit_b_16']",thunder_snake,0.8182157004577775,weighted_majority,43525.18304204568,True,n01728572,2.0,,,,common_newt,,thunder_snake,-1.0,-1.0,-1.0,0.16893595457077026,-1.0,0.7603849768638611,-1.0,-1.0,-1.0,0.32855888090316254,-1.0,0.24015384148838628,randomized
REQ-00009,500000,750,4.38606810569763,4.598849058151245,"['mobilenet_v3_small', 'vit_b_16']",great_white_shark,1.0,weighted_majority,53383.54199985042,True,n01484850,2.0,great_white_shark,,,,,great_white_shark,0.9709599018096924,-1.0,-1.0,-1.0,-1.0,0.9122874140739441,50.13665856832055,-1.0,-1.0,-1.0,-1.0,38.57940543448722,randomized



REQ-00005,500000,1000,7.97683310508728,2.97418212890625,"['resnet18', 'resnet50']",drake,0.8109094020316948,weighted_majority,32976.853125030175,True,n01847000,2.0,,african_grey,,drake,,,-1.0,0.20569691061973572,-1.0,0.8821250796318054,-1.0,-1.0,-1.0,0.10456379004757352,-1.0,46.554905475,-1.0,-1.0,randomized
REQ-00006,500000,1000,9.018752098083496,4.918762922286987,"['resnet34', 'mobilenet_v3_small']",sea_slug,0.6868466084103474,weighted_majority,39018.90454115346,True,n01950731,2.0,sea_anemone,,sea_slug,,,,0.4361814260482788,-1.0,0.9566868543624878,-1.0,-1.0,-1.0,0.12748207013641896,-1.0,0.2645176578856646,-1.0,-1.0,-1.0,randomized
REQ-00002,500000,1000,3.83244180679321,0.355877161026001,"['resnet101', 'resnet18']",stingray,1.0,weighted_majority,44832.5937918853,True,n01498041,2.0,,stingray,,,stingray,,-1.0,0.8944335579872131,-1.0,-1.0,0.8061237335205078,-1.0,-1.0,0.10456379004757352,-1.0,-1.0,0.9799580842201305,-1.0,randomized
REQ-00001,500000,1000,9.76057291030884,0.23454689979553223,"['resnet50', 'vit_b_16']",thunder_snake,1.0,weighted_majority,45760.74704201892,True,n01728572,2.0,,,,thunder_snake,,thunder_snake,-1.0,-1.0,-1.0,0.934705913066864,-1.0,0.913210391998291,-1.0,-1.0,-1.0,0.24482993069117606,-1.0,0.38501402066687984,randomized
REQ-00008,500000,1000,6.34422993659973,5.557708024978638,"['resnet101', 'resnet34']",flatworm,1.0,weighted_majority,45344.06562498771,True,n01924916,2.0,,,flatworm,,flatworm,,-1.0,-1.0,0.997916042804718,-1.0,0.9993392825126648,-1.0,-1.0,-1.0,25.614016952453493,-1.0,26.411120552472966,-1.0,randomized
REQ-00000,500000,1000,6.923388719558716,3.0994415283203125e-06,"['resnet101', 'resnet34']",bittern,1.0,weighted_majority,50923.72441710904,True,n02011460,2.0,,,bittern,,bittern,,-1.0,-1.0,0.9999725818634033,-1.0,0.9999995231628418,-1.0,-1.0,-1.0,0.24417014574061346,-1.0,0.9799580842201305,-1.0,randomized
REQ-00003,500000,1000,4.44817018508911,1.4752428531646729,"['resnet50', 'vit_b_16']",bulbul,1.0,weighted_majority,50448.4083338175,True,n01560419,2.0,,,,bulbul,,bulbul,-1.0,-1.0,-1.0,0.9999488592147827,-1.0,0.9056021571159363,-1.0,-1.0,-1.0,46.554905475,-1.0,0.38501402066687984,randomized
REQ-00007,500000,1000,4.86969804763794,5.374440908432007,"['resnet50', 'resnet18']",tiger_shark,1.0,weighted_majority,51869.99212484807,True,n01491361,2.0,,tiger_shark,,tiger_shark,,,-1.0,0.36462318897247314,-1.0,0.9294402599334717,-1.0,-1.0,-1.0,4.446914365833333,-1.0,50.43448093125,-1.0,-1.0,randomized
REQ-00004,500000,1000,4.3089439868927,1.6686158180236816,"['vit_b_16', 'resnet101']",black_swan,1.0,weighted_majority,69305.42466579936,True,n01860187,2.0,,,,,black_swan,black_swan,-1.0,-1.0,-1.0,-1.0,0.9957990050315857,0.8685535788536072,-1.0,-1.0,-1.0,-1.0,0.9799580842201305,0.38501402066687984,randomized



REQ-00000,500000,2000,2.827573299407959,1.9073486328125e-06,"['resnet34', 'resnet50']",green_snake,1.0,weighted_majority,827.3920000065118,True,n01729977,2.0,,,green_snake,green_snake,,,-1.0,-1.0,0.9590539336204529,0.9966579675674438,-1.0,-1.0,-1.0,-1.0,0.22775087259273416,0.24796676386954417,-1.0,-1.0,randomized
REQ-00001,500000,2000,3.44562697410583496,1.5370769500732422,"['resnet34', 'mobilenet_v3_small']",indigo_bunting,1.0,weighted_majority,444.69566689804196,True,n01537544,2.0,indigo_bunting,,indigo_bunting,,,,0.9536298513412476,-1.0,0.9996267557144165,-1.0,-1.0,-1.0,0.08838109490463707,-1.0,0.22288738533346075,-1.0,-1.0,-1.0,randomized
REQ-00002,500000,2000,4.9505538940429688,5.438852787017822,"['resnet34', 'resnet18']",diamondback,1.0,weighted_majority,949.0359160117805,True,n01755581,2.0,,diamondback,diamondback,,,,-1.0,0.8079321980476379,0.5967928767204285,-1.0,-1.0,-1.0,-1.0,0.10759632431721186,0.21676284680011468,-1.0,-1.0,-1.0,randomized
REQ-00000,500000,2000,5.0499329566955566,3.0994415283203125e-06,"['resnet101', 'resnet50']",stingray,1.0,weighted_majority,1047.636458883062,True,n01498041,2.0,,,,stingray,stingray,,-1.0,-1.0,-1.0,0.5921434164047241,0.9696817398071289,-1.0,-1.0,-1.0,-1.0,0.24132638748258978,0.8149583948779839,-1.0,randomized



REQ-00000,500000,5000,1.3664379119873047,2.1457672119140625e-06,"['resnet18', 'resnet101']",prairie_chicken,1.0,weighted_majority,1365.4659169260412,True,n01798484,2.0,,prairie_chicken,,,prairie_chicken,,-1.0,0.9999072551727295,-1.0,-1.0,0.9990519881248474,-1.0,-1.0,0.08306369891373597,-1.0,-1.0,0.5307564789908851,-1.0,randomized
REQ-00001,500000,5000,1.0345930099487305,3.2560410499572754,"['resnet34', 'resnet18']",diamondback,1.0,weighted_majority,633.9895830024034,True,n01755581,2.0,,diamondback,diamondback,,,,-1.0,0.8200871348381042,0.8351167440414429,-1.0,-1.0,-1.0,-1.0,0.08084992902236238,0.1366157703210246,-1.0,-1.0,-1.0,randomized
REQ-00000,500000,5000,0.9428957939147949,1.9073486328125e-06,"['resnet34', 'mobilenet_v3_small']",macaw,1.0,weighted_majority,542.7896669134498,True,n01818515,2.0,macaw,,macaw,,,,0.999967098236084,-1.0,0.9999456405639648,-1.0,-1.0,-1.0,0.05031047049894282,-1.0,0.13777889328892215,-1.0,-1.0,-1.0,randomized
REQ-00001,500000,5000,0.8143798828125,6.171587944030762,"['resnet34', 'resnet50']",black_widow,1.0,weighted_majority,613.78866690211,True,n01774384,2.0,,,black_widow,black_widow,,,-1.0,-1.0,0.9744385480880737,0.9539088010787964,-1.0,-1.0,-1.0,-1.0,0.13386040396002993,0.17577519284143026,-1.0,-1.0,randomized



REQ-00000,500000,5000,1.0321557521820068,2.86102294921875e-06,"['resnet50', 'mobilenet_v3_small']",hammerhead,1.0,weighted_majority,530.6065829936415,True,n01494475,3.0,hammerhead,,,hammerhead,,,0.9871417284011841,-1.0,-1.0,0.9870454668998718,-1.0,-1.0,0.057911502797766155,-1.0,-1.0,0.16818115330599614,-1.0,-1.0,randomized
REQ-00001,500000,5000,1.2220969676971436,8.940958023071289,"['vit_b_16', 'resnet18']",banded_gecko,1.0,weighted_majority,920.9925839677453,True,n01675722,3.0,,banded_gecko,,,,banded_gecko,-1.0,0.9985332489013672,-1.0,-1.0,-1.0,0.8596894145011902,-1.0,0.08298080585084919,-1.0,-1.0,-1.0,0.27184305404664727,randomized
REQ-00000,500000,5000,1.8692910671234131,1.9073486328125e-06,"['resnet50', 'resnet34']",kite,1.0,weighted_majority,869.156250031665,True,n01608432,3.0,,,kite,kite,,,-1.0,-1.0,0.9686998128890991,0.9820379018783569,-1.0,-1.0,-1.0,-1.0,0.13770043135061044,0.16863603797539656,-1.0,-1.0,randomized
REQ-00001,500000,5000,1.5196449756622314,2.3144967555999756,"['vit_b_16', 'resnet34']",chickadee,1.0,weighted_majority,1518.9283329527825,True,n01592084,3.0,,,chickadee,,,chickadee,-1.0,-1.0,0.9991776347160339,-1.0,-1.0,0.8057843446731567,-1.0,-1.0,0.13852548821554939,-1.0,-1.0,0.26257544864198257,randomized
REQ-00002,500000,5000,1.4288029670715332,6.998703956604004,"['vit_b_16', 'resnet50']",flatworm,1.0,weighted_majority,928.3154169097543,True,n01924916,3.0,,,,flatworm,,flatworm,-1.0,-1.0,-1.0,0.9965916872024536,-1.0,0.8906761407852173,-1.0,-1.0,-1.0,0.1704964341778569,-1.0,0.2545098037777843,randomized
REQ-00003,500000,5000,1.9017332553863525,8.178339004516602,"['resnet101', 'resnet50']",scorpion,1.0,weighted_majority,2301.700833020732,True,n01770393,3.0,,,,scorpion,scorpion,,-1.0,-1.0,-1.0,0.9990781545639038,0.9997963309288025,-1.0,-1.0,-1.0,-1.0,0.1723795907600712,0.40050669448165865,-1.0,randomized
REQ-00004,500000,5000,1.6956350803375244,9.763949871063232,"['resnet101', 'resnet18']",american_coot,1.0,weighted_majority,1693.5585420578718,True,n02018207,3.0,,american_coot,,,american_coot,,-1.0,0.9945628046989441,-1.0,-1.0,0.9998929500579834,-1.0,-1.0,0.08470902526576428,-1.0,-1.0,0.40050669448165865,-1.0,randomized



REQ-00000,500000,2000,5.1938676834106445,1.9073486328125e-06,"['vit_b_16', 'resnet18']",whiptail,1.0,weighted_majority,5193.628707900643,True,n01685808,3.0,,whiptail,,,,whiptail,-1.0,0.9996939897537231,-1.0,-1.0,-1.0,0.8746644258499146,-1.0,0.08660401820655701,-1.0,-1.0,-1.0,0.34497387076794794,randomized
REQ-00002,500000,2000,1.454577207565308,5.621829986572266,"['resnet18', 'mobilenet_v3_small']",chickadee,1.0,weighted_majority,11454.238374950364,True,n01592084,3.0,chickadee,chickadee,,,,,0.9971665740013123,0.9995296001434326,-1.0,-1.0,-1.0,-1.0,0.05210272408197922,0.49900151638590134,-1.0,-1.0,-1.0,-1.0,randomized
REQ-00003,500000,2000,1.697872161865234,7.010552883148193,"['resnet18', 'resnet50']",scorpion,1.0,weighted_majority,10697.745749959722,True,n01770393,3.0,,scorpion,,scorpion,,,-1.0,0.9265109896659851,-1.0,0.9787673950195312,-1.0,-1.0,-1.0,4.10484403,-1.0,0.17767764856465992,-1.0,-1.0,randomized
REQ-00001,500000,2000,2.725605010986328,0.5119318962097168,"['resnet34', 'resnet50']",sea_snake,1.0,weighted_majority,18725.415207911283,True,n01751748,3.0,,,sea_snake,sea_snake,,,-1.0,-1.0,0.43243351578712463,0.9008414149284363,-1.0,-1.0,-1.0,-1.0,0.13521977032856272,0.17767764856465992,-1.0,-1.0,randomized
REQ-00004,500000,2000,2.357020854949951,8.757487773895264,"['resnet18', 'resnet101']",cock,1.0,weighted_majority,13356.947916094214,True,n01514668,3.0,,cock,,,cock,,-1.0,0.9921802282333374,-1.0,-1.0,0.9730406999588013,-1.0,-1.0,4.10484403,-1.0,-1.0,0.43626093035953883,-1.0,randomized
REQ-00005,500000,2000,3.085654020309448,9.440358877182007,"['resnet101', 'resnet18']",lorikeet,1.0,weighted_majority,13084.03129200451,True,n01820546,3.0,,lorikeet,,,lorikeet,,-1.0,0.9944432377815247,-1.0,-1.0,0.9993975162506104,-1.0,-1.0,4.10484403,-1.0,-1.0,0.43626093035953883,-1.0,randomized


REQ-00000,500000,2000,3.4592459201812744,3.0994415283203125e-06,"['resnet34', 'mobilenet_v3_small']",flamingo,1.0,weighted_majority,459.1280841268599,True,n02007558,3.0,flamingo,,flamingo,,,,0.9999178647994995,-1.0,0.9998828172683716,-1.0,-1.0,-1.0,0.06726331564623077,-1.0,0.14578820258009303,-1.0,-1.0,-1.0,randomized
REQ-00001,500000,2000,3.8863370418548584,1.7269999980926514,"['resnet50', 'vit_b_16']",american_coot,1.0,weighted_majority,886.1612498294562,True,n02018207,3.0,,,,american_coot,,american_coot,-1.0,-1.0,-1.0,0.4940453767776489,-1.0,0.9126700758934021,-1.0,-1.0,-1.0,0.22324456907167034,-1.0,0.29426476033001225,randomized
REQ-00002,500000,2000,2.45304393768310547,3.4795470237731934,"['resnet50', 'mobilenet_v3_small']",hognose_snake,1.0,weighted_majority,452.9354579281062,True,n01729322,3.0,hognose_snake,,,hognose_snake,,,0.7539598941802979,-1.0,-1.0,0.9830095171928406,-1.0,-1.0,0.06617758408160769,-1.0,-1.0,0.2179601121645033,-1.0,-1.0,randomized



REQ-00003,500000,1000,8.834187030792236,2.252824068069458,"['mobilenet_v3_small', 'resnet18']",sidewinder,1.0,weighted_majority,8834.159999853,True,n01756291,3.0,sidewinder,sidewinder,,,,,0.7251419425010681,0.7620132565498352,-1.0,-1.0,-1.0,-1.0,0.05500693362524214,0.08645922301731344,-1.0,-1.0,-1.0,-1.0,randomized
REQ-00005,500000,1000,9.285063982009888,5.5766379833221436,"['resnet34', 'vit_b_16']",great_grey_owl,1.0,weighted_majority,13284.7853328567,True,n01622779,3.0,,,great_grey_owl,,,great_grey_owl,-1.0,-1.0,0.9157928824424744,-1.0,-1.0,0.887855589389801,-1.0,-1.0,0.13644954333926235,-1.0,-1.0,0.270871585604944,randomized
REQ-00004,500000,1000,4.398503065109253,4.718671798706055,"['resnet18', 'mobilenet_v3_small']",hummingbird,1.0,weighted_majority,15398.47020781599,True,n01833805,3.0,hummingbird,hummingbird,,,,,0.997944176197052,0.9648540616035461,-1.0,-1.0,-1.0,-1.0,0.05396254026271792,0.08645922301731344,-1.0,-1.0,-1.0,-1.0,randomized
REQ-00002,500000,1000,3.22261667251587,2.0457940101623535,"['mobilenet_v3_small', 'resnet50']",common_newt,1.0,weighted_majority,20222.09362499416,True,n01630670,3.0,common_newt,,,common_newt,,,0.25782880187034607,-1.0,-1.0,0.3559703528881073,-1.0,-1.0,0.05539737069471348,-1.0,-1.0,0.16550169926997524,-1.0,-1.0,randomized
REQ-00001,500000,1000,11.015033960342407,1.1317551136016846,"['resnet18', 'resnet34']",prairie_chicken,1.0,weighted_majority,22014.84691700898,True,n01798484,3.0,,prairie_chicken,prairie_chicken,,,,-1.0,0.5349704027175903,0.897732675075531,-1.0,-1.0,-1.0,-1.0,0.08645922301731344,0.13644954333926235,-1.0,-1.0,-1.0,randomized
REQ-00006,500000,1000,10.074259281158447,6.116954803466797,"['resnet50', 'mobilenet_v3_small']",agama,1.0,weighted_majority,19074.17633314617,True,n01687978,3.0,agama,,,agama,,,0.9979115128517151,-1.0,-1.0,0.9911709427833557,-1.0,-1.0,0.05845941861794442,-1.0,-1.0,0.17929350754247317,-1.0,-1.0,randomized
REQ-00007,500000,1000,7.69293212890625,6.2666990756988525,"['resnet18', 'resnet50']",great_white_shark,1.0,weighted_majority,19692.809833213687,True,n01484850,3.0,,great_white_shark,,great_white_shark,,,-1.0,0.9965131878852844,-1.0,0.9669463038444519,-1.0,-1.0,-1.0,5.284678846481633,-1.0,0.3585870150849387,-1.0,-1.0,randomized
REQ-00000,500000,1000,7.2382869720459,3.0994415283203125e-06,"['resnet101', 'resnet34']",night_snake,1.0,weighted_majority,26237.328249961138,True,n01740131,3.0,,,night_snake,,night_snake,,-1.0,-1.0,0.49645763635635376,-1.0,0.7131558656692505,-1.0,-1.0,-1.0,0.13644954333926235,-1.0,0.4297918647911225,-1.0,randomized



REQ-00003,500000,750,11.40571117401123,0.9373807907104492,"['resnet18', 'mobilenet_v3_small']",goldfinch,1.0,weighted_majority,12405.63145908527,True,n01531178,3.0,goldfinch,goldfinch,,,,,0.9998605251312256,0.9997850060462952,-1.0,-1.0,-1.0,-1.0,0.0484115865970357,0.148602983775887,-1.0,-1.0,-1.0,-1.0,randomized
REQ-00002,500000,750,9.591790199279785,0.7914738655090332,"['resnet18', 'resnet50']",tench,1.0,weighted_majority,13591.639374848455,True,n01440764,3.0,,tench,,tench,,,-1.0,0.999994158744812,-1.0,0.9998226761817932,-1.0,-1.0,-1.0,0.148602983775887,-1.0,0.33906127516253265,-1.0,-1.0,randomized
REQ-00007,500000,750,15.73430109024048,3.5889780521392822,"['mobilenet_v3_small', 'vit_b_16']",harvestman,1.0,weighted_majority,18734.141165856272,True,n01770081,3.0,harvestman,,,,,harvestman,0.9881993532180786,-1.0,-1.0,-1.0,-1.0,0.8794690370559692,0.2503247275948354,-1.0,-1.0,-1.0,-1.0,0.5752024024802336,randomized
REQ-00005,500000,750,9.666396856307983,2.720104932785034,"['resnet18', 'resnet50']",red-backed_sandpiper,1.0,weighted_majority,30666.401041904464,True,n02027492,3.0,,red-backed_sandpiper,,red-backed_sandpiper,,,-1.0,0.996959924697876,-1.0,0.9987668991088867,-1.0,-1.0,-1.0,0.14300888539829829,-1.0,0.33906127516253265,-1.0,-1.0,randomized
REQ-00008,500000,750,6.113665103912354,4.831094026565552,"['vit_b_16', 'resnet34']",american_coot,1.0,weighted_majority,30113.577999873087,True,n02018207,3.0,,,american_coot,,,american_coot,-1.0,-1.0,0.999339759349823,-1.0,-1.0,0.90260249376297,-1.0,-1.0,0.3230412059121387,-1.0,-1.0,0.5024859241629379,randomized
REQ-00000,500000,750,7.560081243515015,2.86102294921875e-06,"['resnet34', 'resnet101']",terrapin,1.0,weighted_majority,35560.02025003545,True,n01667778,3.0,,,terrapin,,terrapin,,-1.0,-1.0,0.9141145348548889,-1.0,0.9484817981719971,-1.0,-1.0,-1.0,0.18356425027318635,-1.0,0.5963287500418658,-1.0,randomized
REQ-00004,500000,750,7.008089780807495,2.569058895111084,"['resnet34', 'resnet101']",albatross,1.0,weighted_majority,33008.02312488668,True,n02058221,3.0,,,albatross,,albatross,,-1.0,-1.0,0.999498724937439,-1.0,0.9999794960021973,-1.0,-1.0,-1.0,0.18060932524586773,-1.0,0.5963287500418658,-1.0,randomized
REQ-00006,500000,750,6.15408992767334,3.265393018722534,"['resnet34', 'resnet101']",kite,1.0,weighted_majority,43153.35583407432,True,n01608432,3.0,,,kite,,kite,,-1.0,-1.0,0.9975411891937256,-1.0,0.9981285929679871,-1.0,-1.0,-1.0,0.18265739272128095,-1.0,0.5963287500418658,-1.0,randomized
REQ-00001,500000,750,8.99264216423035,0.45053696632385254,"['resnet34', 'resnet101']",scorpion,1.0,weighted_majority,45991.29575002007,True,n01770393,3.0,,,scorpion,,scorpion,,-1.0,-1.0,0.9451915621757507,-1.0,0.9530003070831299,-1.0,-1.0,-1.0,0.18060932524586773,-1.0,0.5963287500418658,-1.0,randomized

REQ-00000,500000,500,11.483552932739258,2.1457672119140625e-06,"['vit_b_16', 'resnet34']",flatworm,1.0,weighted_majority,11483.266541967168,True,n01924916,3.0,,,flatworm,,,flatworm,-1.0,-1.0,0.9879213571548462,-1.0,-1.0,0.8182691931724548,-1.0,-1.0,0.22517723742004273,-1.0,-1.0,0.4149384591480365,randomized
REQ-00004,500000,500,10.019850969314575,4.15358304977417,"['resnet34', 'vit_b_16']",dungeness_crab,1.0,weighted_majority,14019.726291997358,True,n01978287,3.0,,,dungeness_crab,,,dungeness_crab,-1.0,-1.0,0.970849335193634,-1.0,-1.0,0.8454724550247192,-1.0,-1.0,0.22517723742004273,-1.0,-1.0,0.39160061323323286,randomized
REQ-00003,500000,500,10.4551100730896,3.29032301902771,"['resnet50', 'resnet34']",spotted_salamander,1.0,weighted_majority,17455.07137500681,True,n01632458,3.0,,,spotted_salamander,spotted_salamander,,,-1.0,-1.0,0.9822300672531128,0.9932199120521545,-1.0,-1.0,-1.0,-1.0,0.22517723742004273,0.2921659563610492,-1.0,-1.0,randomized
REQ-00002,500000,500,9.478577852249146,2.801453113555908,"['resnet50', 'resnet101']",chickadee,1.0,weighted_majority,25478.321708971635,True,n01592084,3.0,,,,chickadee,chickadee,,-1.0,-1.0,-1.0,0.9998027682304382,0.9996885061264038,-1.0,-1.0,-1.0,-1.0,0.30322850706783244,1.119121394174683,-1.0,randomized
REQ-00001,500000,500,11.394356966018677,1.1099870204925537,"['resnet101', 'resnet18']",dungeness_crab,1.0,weighted_majority,27393.897333182395,True,n01978287,3.0,,dungeness_crab,,,dungeness_crab,,-1.0,0.9967221617698669,-1.0,-1.0,0.9951240420341492,-1.0,-1.0,0.12796623706180968,-1.0,-1.0,1.119121394174683,-1.0,randomized




REQ-00002,500000,500,11.845746994018555,0.6404459476470947,"['resnet18', 'vit_b_16']",sea_slug,0.5654007782837606,weighted_majority,13845.641667023301,True,n01950731,3.0,,sea_anemone,,,,sea_slug,-1.0,0.6514877080917358,-1.0,-1.0,-1.0,0.8475663065910339,-1.0,0.08346527308451338,-1.0,-1.0,-1.0,0.3100996376202448,randomized
REQ-00000,500000,500,11.494163036346436,3.0994415283203125e-06,"['resnet101', 'resnet50']",american_alligator,1.0,weighted_majority,15493.864667136222,True,n01698640,3.0,,,,american_alligator,american_alligator,,-1.0,-1.0,-1.0,0.30775701999664307,0.994139552116394,-1.0,-1.0,-1.0,-1.0,0.2370904687821658,0.628219175484349,-1.0,randomized
REQ-00004,500000,500,9.097838163375854,2.1530838012695312,"['vit_b_16', 'resnet101']",ptarmigan,1.0,weighted_majority,15097.567667020485,True,n01796340,3.0,,,,,ptarmigan,ptarmigan,-1.0,-1.0,-1.0,-1.0,0.9877134561538696,0.8550228476524353,-1.0,-1.0,-1.0,-1.0,0.6213978579359141,0.3100996376202448,randomized
REQ-00003,500000,500,12.174773931503296,1.4813802242279053,"['resnet50', 'resnet34']",rock_crab,1.0,weighted_majority,16174.60387502797,True,n01978455,3.0,,,rock_crab,rock_crab,,,-1.0,-1.0,0.9455676078796387,0.8436330556869507,-1.0,-1.0,-1.0,-1.0,0.19307009030025632,0.2370904687821658,-1.0,-1.0,randomized
REQ-00006,500000,500,12.50083875656128,5.905510902404785,"['resnet50', 'resnet34']",black_grouse,1.0,weighted_majority,12500.78966608271,True,n01795545,3.0,,,black_grouse,black_grouse,,,-1.0,-1.0,0.9898148775100708,0.9941619038581848,-1.0,-1.0,-1.0,-1.0,0.19307009030025632,0.2370904687821658,-1.0,-1.0,randomized
REQ-00005,500000,500,14.86215925216675,3.441977024078369,"['vit_b_16', 'mobilenet_v3_small']",spotted_salamander,1.0,weighted_majority,34860.50866614096,True,n01632458,3.0,spotted_salamander,,,,,spotted_salamander,0.9988456964492798,-1.0,-1.0,-1.0,-1.0,0.8484598398208618,0.054107181155088134,-1.0,-1.0,-1.0,-1.0,35.843021673,randomized
REQ-00008,500000,500,15.882814168930054,5.959731101989746,"['resnet34', 'resnet101']",bittern,1.0,weighted_majority,35881.72404211946,True,n02011460,3.0,,,bittern,,bittern,,-1.0,-1.0,0.9981162548065186,-1.0,0.9913268685340881,-1.0,-1.0,-1.0,2.9838443096597183,-1.0,3.6474662931499786,-1.0,randomized
REQ-00005,500000,500,9.38528800010681,3.507751226425171,"['resnet101', 'resnet18']",kite,1.0,weighted_majority,38384.408875135705,True,n01608432,3.0,,kite,,,kite,,-1.0,0.9946004152297974,-1.0,-1.0,0.9997355341911316,-1.0,-1.0,0.09305366807861025,-1.0,-1.0,0.8135999564352814,-1.0,randomized
REQ-00006,500000,500,9.87567901611328,3.9123921394348145,"['vit_b_16', 'resnet101']",boa_constrictor,1.0,weighted_majority,38849.014250095934,True,n01742172,3.0,,,,,boa_constrictor,boa_constrictor,-1.0,-1.0,-1.0,-1.0,0.9874858260154724,0.8858556151390076,-1.0,-1.0,-1.0,-1.0,0.8135999564352814,2.5532920064723985,randomized


