REQ-00000,10000,500,0.21456503868103027,2.6226043701171875e-06,['mobilenet_v3_small'],crayfish,1.0,weighted_majority,214.43566598463804,True,n01985128,crayfish,,,,,,0.5008738040924072,-1.0,-1.0,-1.0,-1.0,-1.0,0.2078397763789989,-1.0,-1.0,-1.0,-1.0,-1.0
REQ-00000,10000,500,0.217390775680542,3.0994415283203125e-06,['mobilenet_v3_small'],lorikeet,1.0,weighted_majority,217.28350000921637,True,n01820546,lorikeet,,,,,,0.9999905824661255,-1.0,-1.0,-1.0,-1.0,-1.0,0.191540798741099,-1.0,-1.0,-1.0,-1.0,-1.0
REQ-00000,10000,500,0.2335212230682373,1.9073486328125e-06,['mobilenet_v3_small'],chickadee,1.0,weighted_majority,233.41099999379367,True,n01592084,chickadee,,,,,,0.9998612403869629,-1.0,-1.0,-1.0,-1.0,-1.0,0.1767693188669891,-1.0,-1.0,-1.0,-1.0,-1.0
REQ-00000,10000,600,0.2136979103088379,1.6689300537109375e-06,['mobilenet_v3_small'],tench,1.0,weighted_majority,213.59350008424371,True,n01440764,tench,,,,,,0.9999076128005981,-1.0,-1.0,-1.0,-1.0,-1.0,0.16332198698029018,-1.0,-1.0,-1.0,-1.0,-1.0
REQ-00000,10000,600,0.23131704330444336,3.0994415283203125e-06,['mobilenet_v3_small'],water_snake,1.0,weighted_majority,231.21875000651926,True,n01677366,water_snake,,,,,,0.5839926600456238,-1.0,-1.0,-1.0,-1.0,-1.0,0.15109288828226117,-1.0,-1.0,-1.0,-1.0,-1.0
REQ-00000,10000,600,0.2191638946533203,3.814697265625e-06,['mobilenet_v3_small'],lorikeet,1.0,weighted_majority,219.01379199698567,True,n01820546,lorikeet,,,,,,0.9999911785125732,-1.0,-1.0,-1.0,-1.0,-1.0,0.14003419945403503,-1.0,-1.0,-1.0,-1.0,-1.0
REQ-00000,10000,700,0.26582813262939453,2.1457672119140625e-06,['mobilenet_v3_small'],albatross,1.0,weighted_majority,265.18641610164195,True,n02058221,albatross,,,,,,0.28979313373565674,-1.0,-1.0,-1.0,-1.0,-1.0,0.13028407950863152,-1.0,-1.0,-1.0,-1.0,-1.0
REQ-00000,10000,700,0.218641996383667,2.1457672119140625e-06,['mobilenet_v3_small'],chambered_nautilus,1.0,weighted_majority,218.53462501894683,True,n01968897,chambered_nautilus,,,,,,0.9926539659500122,-1.0,-1.0,-1.0,-1.0,-1.0,0.12422087155776838,-1.0,-1.0,-1.0,-1.0,-1.0
REQ-00000,10000,700,0.19118809700012207,2.6226043701171875e-06,['mobilenet_v3_small'],horned_viper,1.0,weighted_majority,191.0500000230968,True,n01756291,horned_viper,,,,,,0.25430935621261597,-1.0,-1.0,-1.0,-1.0,-1.0,0.11554218440199154,-1.0,-1.0,-1.0,-1.0,-1.0
REQ-00000,10000,800,0.29312586784362793,3.0994415283203125e-06,['mobilenet_v3_small'],whiptail,1.0,weighted_majority,293.00979198887944,True,n01685808,whiptail,,,,,,0.955880880355835,-1.0,-1.0,-1.0,-1.0,-1.0,0.1075854659617924,-1.0,-1.0,-1.0,-1.0,-1.0
REQ-00000,10000,800,0.26666903495788574,3.0994415283203125e-06,['mobilenet_v3_small'],tiger_shark,1.0,weighted_majority,266.5477500995621,True,n01491361,tiger_shark,,,,,,0.957558274269104,-1.0,-1.0,-1.0,-1.0,-1.0,0.10122611936561317,-1.0,-1.0,-1.0,-1.0,-1.0
REQ-00000,10000,800,0.2579660415649414,3.0994415283203125e-06,['mobilenet_v3_small'],loggerhead,1.0,weighted_majority,257.4121250072494,True,n01664065,loggerhead,,,,,,0.9149035811424255,-1.0,-1.0,-1.0,-1.0,-1.0,0.09542770742905185,-1.0,-1.0,-1.0,-1.0,-1.0
REQ-00000,10000,900,0.35024285316467285,2.1457672119140625e-06,['mobilenet_v3_small'],sea_anemone,1.0,weighted_majority,350.0864999368787,True,n01914609,sea_anemone,,,,,,0.9538747072219849,-1.0,-1.0,-1.0,-1.0,-1.0,0.09025683668614666,-1.0,-1.0,-1.0,-1.0,-1.0
REQ-00000,10000,900,0.24182820320129395,2.86102294921875e-06,['mobilenet_v3_small'],black_and_gold_garden_spider,1.0,weighted_majority,241.71145795844495,True,n01773797,black_and_gold_garden_spider,,,,,,0.5093151926994324,-1.0,-1.0,-1.0,-1.0,-1.0,0.08588055301753199,-1.0,-1.0,-1.0,-1.0,-1.0
REQ-00000,10000,900,0.4403548240661621,2.1457672119140625e-06,['mobilenet_v3_small'],wolf_spider,1.0,weighted_majority,438.44520894344896,True,n01775062,wolf_spider,,,,,,0.7493588328361511,-1.0,-1.0,-1.0,-1.0,-1.0,0.08157889771577878,-1.0,-1.0,-1.0,-1.0,-1.0
REQ-00000,10000,900,0.26864194869995117,2.1457672119140625e-06,['mobilenet_v3_small'],kite,1.0,weighted_majority,268.283374956809,True,n01614925,kite,,,,,,0.4866601228713989,-1.0,-1.0,-1.0,-1.0,-1.0,0.07830700794420091,-1.0,-1.0,-1.0,-1.0,-1.0
REQ-00000,10000,900,0.2359762191772461,3.0994415283203125e-06,['mobilenet_v3_small'],flamingo,1.0,weighted_majority,235.86370900738984,True,n02007558,flamingo,,,,,,0.9999395608901978,-1.0,-1.0,-1.0,-1.0,-1.0,0.07479170714978081,-1.0,-1.0,-1.0,-1.0,-1.0
REQ-00000,10000,900,0.21524715423583984,2.1457672119140625e-06,['mobilenet_v3_small'],sidewinder,1.0,weighted_majority,215.12891608290374,True,n01739381,sidewinder,,,,,,0.27522557973861694,-1.0,-1.0,-1.0,-1.0,-1.0,0.07154333643480273,-1.0,-1.0,-1.0,-1.0,-1.0
REQ-00000,10000,1000,0.23927593231201172,3.0994415283203125e-06,['mobilenet_v3_small'],barn_spider,1.0,weighted_majority,239.16804196778685,True,n01773549,barn_spider,,,,,,0.5144375562667847,-1.0,-1.0,-1.0,-1.0,-1.0,0.06846960279132247,-1.0,-1.0,-1.0,-1.0,-1.0
REQ-00000,10000,1000,0.2923450469970703,2.86102294921875e-06,['mobilenet_v3_small'],hermit_crab,1.0,weighted_majority,290.993541944772,True,n01986214,hermit_crab,,,,,,0.9877699613571167,-1.0,-1.0,-1.0,-1.0,-1.0,0.06595504251219023,-1.0,-1.0,-1.0,-1.0,-1.0
REQ-00000,10000,1000,0.34986305236816406,3.0994415283203125e-06,['mobilenet_v3_small'],sea_anemone,1.0,weighted_majority,349.7534170746803,True,n01914609,sea_anemone,,,,,,0.9947145581245422,-1.0,-1.0,-1.0,-1.0,-1.0,0.0636619382609712,-1.0,-1.0,-1.0,-1.0,-1.0
REQ-00000,10000,2000,0.2623562812805176,3.0994415283203125e-06,['mobilenet_v3_small'],cock,1.0,weighted_majority,262.11445906665176,True,n01514668,cock,,,,,,0.7503921985626221,-1.0,-1.0,-1.0,-1.0,-1.0,0.062048544434874085,-1.0,-1.0,-1.0,-1.0,-1.0
REQ-00000,10000,2000,0.2303600311279297,3.0994415283203125e-06,['mobilenet_v3_small'],electric_ray,1.0,weighted_majority,229.99195789452642,True,n01496331,electric_ray,,,,,,0.5049150586128235,-1.0,-1.0,-1.0,-1.0,-1.0,0.060326189991386676,-1.0,-1.0,-1.0,-1.0,-1.0
REQ-00000,10000,2000,0.31827688217163086,2.1457672119140625e-06,['mobilenet_v3_small'],white_stork,1.0,weighted_majority,318.14591691363603,True,n02002556,white_stork,,,,,,0.9993031024932861,-1.0,-1.0,-1.0,-1.0,-1.0,0.058740670992248015,-1.0,-1.0,-1.0,-1.0,-1.0
REQ-00000,10000,2000,0.36342787742614746,3.0994415283203125e-06,['mobilenet_v3_small'],ibex,1.0,weighted_majority,361.65612493641675,True,n01753488,ibex,,,,,,0.22588813304901123,-1.0,-1.0,-1.0,-1.0,-1.0,0.05667450389302322,-1.0,-1.0,-1.0,-1.0,-1.0
REQ-00000,10000,2000,0.3231542110443115,1.9073486328125e-06,['mobilenet_v3_small'],snail,1.0,weighted_majority,323.0215829098597,True,n01944390,snail,,,,,,0.8935945630073547,-1.0,-1.0,-1.0,-1.0,-1.0,0.0551899535037209,-1.0,-1.0,-1.0,-1.0,-1.0
REQ-00000,10000,2000,0.40801405906677246,2.86102294921875e-06,['mobilenet_v3_small'],common_iguana,1.0,weighted_majority,407.1907920297235,True,n01677366,common_iguana,,,,,,0.9862587451934814,-1.0,-1.0,-1.0,-1.0,-1.0,0.05443095815334881,-1.0,-1.0,-1.0,-1.0,-1.0
REQ-00000,10000,3000,0.32108306884765625,1.9073486328125e-06,['mobilenet_v3_small'],great_grey_owl,1.0,weighted_majority,320.3012499725446,True,n01622779,great_grey_owl,,,,,,0.9970020651817322,-1.0,-1.0,-1.0,-1.0,-1.0,0.06892736233801393,-1.0,-1.0,-1.0,-1.0,-1.0
REQ-00000,10000,3000,0.29036378860473633,1.9073486328125e-06,['mobilenet_v3_small'],tailed_frog,1.0,weighted_majority,286.2767919432372,True,n01644900,tailed_frog,,,,,,0.9971178770065308,-1.0,-1.0,-1.0,-1.0,-1.0,0.06613772610421254,-1.0,-1.0,-1.0,-1.0,-1.0
REQ-00000,10000,3000,0.214263916015625,1.9073486328125e-06,['mobilenet_v3_small'],albatross,1.0,weighted_majority,214.08587496262044,True,n02058221,albatross,,,,,,0.9997125267982483,-1.0,-1.0,-1.0,-1.0,-1.0,0.06377735349379128,-1.0,-1.0,-1.0,-1.0,-1.0
REQ-00000,10000,3000,0.22447490692138672,2.1457672119140625e-06,['mobilenet_v3_small'],terrapin,1.0,weighted_majority,224.37629103660583,True,n01667778,terrapin,,,,,,0.9767380356788635,-1.0,-1.0,-1.0,-1.0,-1.0,0.06167901814441216,-1.0,-1.0,-1.0,-1.0,-1.0
REQ-00000,10000,3000,0.25225186347961426,2.86102294921875e-06,['mobilenet_v3_small'],ox,1.0,weighted_majority,252.12754192762077,True,n01498041,ox,,,,,,0.26773279905319214,-1.0,-1.0,-1.0,-1.0,-1.0,0.059690516329970945,-1.0,-1.0,-1.0,-1.0,-1.0
REQ-00000,10000,4000,0.2235710620880127,2.86102294921875e-06,['mobilenet_v3_small'],common_iguana,1.0,weighted_majority,223.46112504601479,True,n01677366,common_iguana,,,,,,0.7364238500595093,-1.0,-1.0,-1.0,-1.0,-1.0,0.05781496469697385,-1.0,-1.0,-1.0,-1.0,-1.0
REQ-00000,10000,4000,0.23560500144958496,2.1457672119140625e-06,['mobilenet_v3_small'],common_newt,1.0,weighted_majority,235.35333294421434,True,n01630670,common_newt,,,,,,0.6623614430427551,-1.0,-1.0,-1.0,-1.0,-1.0,0.05620486822727647,-1.0,-1.0,-1.0,-1.0,-1.0
REQ-00000,10000,4000,0.19554924964904785,2.1457672119140625e-06,['mobilenet_v3_small'],black_widow,1.0,weighted_majority,195.38979197386652,True,n01774384,black_widow,,,,,,0.9556686282157898,-1.0,-1.0,-1.0,-1.0,-1.0,0.05461408140454882,-1.0,-1.0,-1.0,-1.0,-1.0
REQ-00000,10000,4000,0.38864612579345703,3.0994415283203125e-06,['mobilenet_v3_small'],redshank,1.0,weighted_majority,386.75229204818606,True,n02028035,redshank,,,,,,0.9999589920043945,-1.0,-1.0,-1.0,-1.0,-1.0,0.053247473264093945,-1.0,-1.0,-1.0,-1.0,-1.0
REQ-00000,10000,5000,0.3015313148498535,1.9073486328125e-06,['mobilenet_v3_small'],scorpion,1.0,weighted_majority,300.7011249428615,True,n01770393,scorpion,,,,,,0.9999086856842041,-1.0,-1.0,-1.0,-1.0,-1.0,0.05217152593768455,-1.0,-1.0,-1.0,-1.0,-1.0
REQ-00000,10000,5000,0.25924086570739746,1.9073486328125e-06,['mobilenet_v3_small'],tarantula,1.0,weighted_majority,259.12666600197554,True,n01774750,tarantula,,,,,,0.9997656941413879,-1.0,-1.0,-1.0,-1.0,-1.0,0.051344373343916096,-1.0,-1.0,-1.0,-1.0,-1.0
REQ-00000,10000,5000,0.27183008193969727,3.0994415283203125e-06,['mobilenet_v3_small'],coucal,1.0,weighted_majority,271.05620806105435,True,n01824575,coucal,,,,,,0.9999719858169556,-1.0,-1.0,-1.0,-1.0,-1.0,0.05090783600952448,-1.0,-1.0,-1.0,-1.0,-1.0
REQ-00000,10000,5000,0.24541497230529785,2.1457672119140625e-06,['mobilenet_v3_small'],tick,1.0,weighted_majority,245.2379590831697,True,n01776313,tick,,,,,,0.9931634664535522,-1.0,-1.0,-1.0,-1.0,-1.0,0.05005385240857203,-1.0,-1.0,-1.0,-1.0,-1.0
REQ-00000,10000,5000,0.2613341808319092,2.1457672119140625e-06,['mobilenet_v3_small'],hermit_crab,1.0,weighted_majority,261.06520905159414,True,n01986214,hermit_crab,,,,,,0.9551576375961304,-1.0,-1.0,-1.0,-1.0,-1.0,0.04937066716771483,-1.0,-1.0,-1.0,-1.0,-1.0
REQ-00000,10000,5000,1.0620028972625732,1.9073486328125e-06,"['vit_b_16', 'resnet101', 'resnet50']",redshank,1.0,weighted_majority,1061.6532089188695,True,n02028035,,,,redshank,redshank,redshank,-1.0,-1.0,-1.0,0.9985097050666809,0.9997788071632385,0.8940333127975464,0.048952400450943345,0.071615,5.872808513950001,0.4362049725824605,0.6992175208806521,0.3644700943398777
REQ-00000,10000,5000,0.826303243637085,2.1457672119140625e-06,"['vit_b_16', 'resnet101', 'resnet50']",agama,1.0,weighted_majority,824.0159589331597,True,n01687978,,,,agama,agama,agama,-1.0,-1.0,-1.0,0.9998716115951538,0.9999759197235107,0.8237316608428955,0.048952400450943345,0.071615,5.872808513950001,0.4084488753242145,0.659378268792587,0.34544608490588996
REQ-00000,10000,5000,0.8887391090393066,1.6689300537109375e-06,"['vit_b_16', 'resnet101', 'resnet50']",tiger_shark,1.0,weighted_majority,888.5739169782028,True,n01491361,,,,tiger_shark,tiger_shark,tiger_shark,-1.0,-1.0,-1.0,0.9274969696998596,0.8824718594551086,0.8786614537239075,0.048952400450943345,0.071615,5.872808513950001,0.38163708779179306,0.6125881419133283,0.32626907641530095
REQ-00000,10000,4000,0.9069869518280029,1.9073486328125e-06,"['vit_b_16', 'resnet101', 'resnet50']",tick,1.0,weighted_majority,906.6472910344601,True,n01776313,,,,tick,tick,tick,-1.0,-1.0,-1.0,0.9774044752120972,0.951728880405426,0.883354663848877,0.048952400450943345,0.071615,5.872808513950001,0.35789717901261375,0.5724701277219955,0.30936106877377084
REQ-00000,10000,4000,1.1733360290527344,1.9073486328125e-06,"['vit_b_16', 'resnet101', 'resnet50']",black_widow,1.0,weighted_majority,1173.1476669665426,True,n01774384,,,,black_widow,black_widow,black_widow,-1.0,-1.0,-1.0,0.8470442891120911,0.9855670928955078,0.9181121587753296,0.048952400450943345,0.071615,5.872808513950001,0.3369287611113524,0.5429428149497959,0.29415716189639374
REQ-00000,10000,4000,1.0707128047943115,1.9073486328125e-06,"['vit_b_16', 'resnet101', 'resnet50']",white_stork,1.0,weighted_majority,1070.372167043388,True,n02002556,,,,white_stork,white_stork,white_stork,-1.0,-1.0,-1.0,0.9933586716651917,0.9923543930053711,0.8986567854881287,0.048952400450943345,0.071615,5.872808513950001,0.31787128500021716,0.5114944334548164,0.2800898457067544
REQ-00000,10000,3000,1.4609532356262207,3.0994415283203125e-06,"['vit_b_16', 'resnet101', 'resnet50']",green_snake,1.0,weighted_majority,1460.791916004382,True,n01729977,,,,green_snake,green_snake,green_snake,-1.0,-1.0,-1.0,0.9930629134178162,0.9980478286743164,0.8582740426063538,0.048952400450943345,0.071615,5.872808513950001,0.30200605650019546,0.4888081901093348,0.268601661136079
REQ-00000,10000,3000,1.1232349872589111,1.6689300537109375e-06,"['vit_b_16', 'resnet101', 'resnet50']",agama,1.0,weighted_majority,1123.0568749597296,True,n01687978,,,,agama,agama,agama,-1.0,-1.0,-1.0,0.8702276945114136,0.9675962924957275,0.8849424123764038,0.048952400450943345,0.071615,5.872808513950001,0.30452685085017595,0.46894297109840133,0.25852719502247107
REQ-00000,10000,3000,1.6502158641815186,1.9073486328125e-06,"['vit_b_16', 'resnet101', 'resnet50']",bulbul,1.0,weighted_majority,1649.4000420207158,True,n01560419,,,,bulbul,bulbul,bulbul,-1.0,-1.0,-1.0,0.9988105297088623,0.9987665414810181,0.9136755466461182,0.048952400450943345,0.071615,5.872808513950001,0.28967046576515837,0.44984387398856124,0.26045317552022396
REQ-00000,10000,3000,1.327928066253662,2.1457672119140625e-06,"['vit_b_16', 'resnet101', 'resnet50']",toucan,1.0,weighted_majority,1322.3834170494229,True,n01843383,,,,toucan,toucan,toucan,-1.0,-1.0,-1.0,0.9938209652900696,0.9989058971405029,0.9008063673973083,0.048952400450943345,0.071615,5.872808513950001,0.27668231918864256,0.4341787865897051,0.24956725796820156
REQ-00000,10000,3000,1.7915279865264893,1.6689300537109375e-06,"['vit_b_16', 'resnet101', 'resnet50']",coucal,1.0,weighted_majority,1791.3516670232639,True,n01824575,,,,coucal,coucal,coucal,-1.0,-1.0,-1.0,0.9904525279998779,0.9999854564666748,0.8905075788497925,0.048952400450943345,0.071615,5.872808513950001,0.2635415872697783,0.4573090079307346,0.2399778321713814
REQ-00000,10000,2000,1.0878431797027588,2.1457672119140625e-06,"['vit_b_16', 'resnet101', 'resnet50']",green_snake,1.0,weighted_majority,1086.608250043355,True,n01729977,,,,green_snake,green_snake,green_snake,-1.0,-1.0,-1.0,0.983164370059967,0.9834277033805847,0.8630771636962891,0.048952400450943345,0.071615,5.872808513950001,0.25176222854280045,0.5012227071376611,0.2311287489542433
REQ-00000,10000,2000,1.4780597686767578,2.1457672119140625e-06,"['vit_b_16', 'resnet101', 'resnet50']",american_egret,0.7765416255923143,weighted_majority,1475.912292022258,True,n02012849,,,,american_egret,american_egret,little_blue_heron,-1.0,-1.0,-1.0,0.7525467872619629,0.8260583281517029,0.4542609453201294,0.048952400450943345,0.071615,5.872808513950001,0.2415794056885204,0.479396436423895,0.22328077405881896
REQ-00000,10000,2000,1.4001169204711914,2.86102294921875e-06,"['vit_b_16', 'resnet101', 'resnet50']",limpkin,1.0,weighted_majority,1398.9434170071036,True,n02013706,,,,limpkin,limpkin,limpkin,-1.0,-1.0,-1.0,0.9999982118606567,0.9999986886978149,0.8884377479553223,0.048952400450943345,0.071615,5.872808513950001,0.23333966511966836,0.4606643927815055,0.22591709665293708
REQ-00000,10000,1000,1.548440933227539,3.0994415283203125e-06,"['vit_b_16', 'resnet101', 'resnet50']",lorikeet,1.0,weighted_majority,1547.0667500048876,True,n01820546,,,,lorikeet,lorikeet,lorikeet,-1.0,-1.0,-1.0,0.9998863935470581,0.9999679327011108,0.8957198262214661,0.048952400450943345,0.071615,5.872808513950001,0.2252519986077015,0.44227405350335497,0.23067058698764337
REQ-00000,10000,1000,1.2187440395355225,2.86102294921875e-06,"['vit_b_16', 'resnet101', 'resnet50']",horned_viper,1.0,weighted_majority,1217.4210419179872,True,n01753488,,,,horned_viper,horned_viper,horned_viper,-1.0,-1.0,-1.0,0.6764282584190369,0.7242746353149414,0.4871610403060913,0.048952400450943345,0.071615,5.872808513950001,0.21824259874693136,0.4502272481530195,0.22350422828887903
REQ-00000,10000,1000,0.8888978958129883,2.1457672119140625e-06,"['vit_b_16', 'resnet101', 'resnet50']",king_snake,1.0,weighted_majority,888.7774159666151,True,n01734418,,,,king_snake,king_snake,king_snake,-1.0,-1.0,-1.0,0.9122516512870789,0.9880799651145935,0.8439587354660034,0.048952400450943345,0.071615,5.872808513950001,0.2109155388722382,0.43538052333771754,0.2178132054599911
REQ-00000,10000,1000,1.5778110027313232,3.0994415283203125e-06,"['vit_b_16', 'resnet101', 'resnet50']",common_newt,1.0,weighted_majority,1575.4904579371214,True,n01630670,,,,common_newt,common_newt,common_newt,-1.0,-1.0,-1.0,0.9177022576332092,0.9815753698348999,0.8513477444648743,0.048952400450943345,0.071615,5.872808513950001,0.2066470849850144,0.41507397100394583,0.210827684913992
REQ-00000,10000,1000,1.8727290630340576,5.7220458984375e-06,"['vit_b_16', 'resnet101', 'resnet50']",bulbul,1.0,weighted_majority,1872.5455830572173,True,n01560419,,,,bulbul,bulbul,bulbul,-1.0,-1.0,-1.0,0.9678339958190918,0.9999243021011353,0.9005186557769775,0.048952400450943345,0.071615,5.872808513950001,0.20171147648651297,0.4500382739035512,0.21825141642259283
REQ-00000,10000,900,1.4821889400482178,1.9073486328125e-06,"['vit_b_16', 'resnet101', 'resnet50']",bustard,1.0,weighted_majority,1481.3074170378968,True,n02018795,,,,bustard,bustard,bustard,-1.0,-1.0,-1.0,0.9170680046081543,0.9950165152549744,0.8969456553459167,0.048952400450943345,0.071615,5.872808513950001,0.19785722883786167,0.4922633465131961,0.21610607478033356
REQ-00000,10000,900,1.1670939922332764,2.86102294921875e-06,"['vit_b_16', 'resnet101', 'resnet50']",komodo_dragon,1.0,weighted_majority,1166.900167008862,True,n01695060,,,,komodo_dragon,komodo_dragon,komodo_dragon,-1.0,-1.0,-1.0,0.9742200970649719,0.9783162474632263,0.9099753499031067,0.048952400450943345,0.071615,5.872808513950001,0.1937796059540755,0.4696001118618765,0.22374676730230023
REQ-00000,10000,900,1.711426019668579,2.1457672119140625e-06,"['vit_b_16', 'resnet101', 'resnet50']",agama,1.0,weighted_majority,1711.0035000368953,True,n01687978,,,,agama,agama,agama,-1.0,-1.0,-1.0,0.9747214913368225,0.9993996620178223,0.8742274045944214,0.048952400450943345,0.071615,5.872808513950001,0.19072844535866795,0.44989720067568884,0.2176753905720702
REQ-00000,10000,800,1.3124849796295166,3.0994415283203125e-06,"['vit_b_16', 'resnet101', 'resnet50']",stingray,1.0,weighted_majority,1312.2404579771683,True,n01498041,,,,stingray,stingray,stingray,-1.0,-1.0,-1.0,0.9746583104133606,0.9673421382904053,0.9080232977867126,0.048952400450943345,0.071615,5.872808513950001,0.18618410082280115,0.49106098060812,0.21403055151486317
REQ-00000,10000,800,0.950186014175415,1.9073486328125e-06,"['vit_b_16', 'resnet101', 'resnet50']",ptarmigan,1.0,weighted_majority,947.7167919976637,True,n01796340,,,,ptarmigan,ptarmigan,ptarmigan,-1.0,-1.0,-1.0,0.9993589520454407,0.9998781681060791,0.9058505296707153,0.048952400450943345,0.071615,5.872808513950001,0.18265849074052104,0.47074498254730796,0.20876229636337687
REQ-00000,10000,800,1.0850367546081543,1.9073486328125e-06,"['vit_b_16', 'resnet101', 'resnet50']",ptarmigan,1.0,weighted_majority,1083.6325830314308,True,n01796340,,,,ptarmigan,ptarmigan,ptarmigan,-1.0,-1.0,-1.0,0.9970982074737549,0.9995318651199341,0.9129998683929443,0.048952400450943345,0.071615,5.872808513950001,0.17586504166646894,0.45289498429257713,0.2037515667270392
REQ-00000,10000,800,1.7267823219299316,3.0994415283203125e-06,"['vit_b_16', 'resnet101', 'resnet50']",common_newt,1.0,weighted_majority,1725.9972910396755,True,n01630670,,,,common_newt,common_newt,common_newt,-1.0,-1.0,-1.0,0.9898090362548828,0.899133563041687,0.7307673096656799,0.048952400450943345,0.071615,5.872808513950001,0.17302433749982205,0.4377679858633194,0.21161201005433528
REQ-00000,10000,800,0.8527801036834717,1.9073486328125e-06,"['vit_b_16', 'resnet101', 'resnet50']",spotted_salamander,1.0,weighted_majority,851.8649999750778,True,n01632458,,,,spotted_salamander,spotted_salamander,spotted_salamander,-1.0,-1.0,-1.0,0.9977421760559082,0.981473982334137,0.8491578698158264,0.048952400450943345,0.071615,5.872808513950001,0.17009480374983985,0.42170978727698744,0.28721360904890175
REQ-00000,10000,700,0.8795740604400635,3.0994415283203125e-06,"['vit_b_16', 'resnet101', 'resnet50']",scorpion,1.0,weighted_majority,879.1205000597984,True,n01770393,,,,scorpion,scorpion,scorpion,-1.0,-1.0,-1.0,0.9905604720115662,0.9998251795768738,0.9253987073898315,0.048952400450943345,0.071615,5.872808513950001,0.16758252337485585,0.39693380854928867,0.2836484481440116
REQ-00000,10000,700,0.8756828308105469,3.0994415283203125e-06,"['vit_b_16', 'resnet101', 'resnet50']",nematode,1.0,weighted_majority,875.3784160362557,True,n01930112,,,,nematode,nematode,nematode,-1.0,-1.0,-1.0,0.9871410131454468,0.9376254677772522,0.6558225154876709,0.048952400450943345,0.071615,5.872808513950001,0.1614651710373703,0.38784422769435983,0.2707479033296104
REQ-00000,10000,700,1.0673120021820068,3.0994415283203125e-06,"['vit_b_16', 'resnet101', 'resnet50']",hermit_crab,1.0,weighted_majority,1067.1424999600276,True,n01986214,,,,hermit_crab,hermit_crab,hermit_crab,-1.0,-1.0,-1.0,0.9998041987419128,0.9991705417633057,0.8229389786720276,0.048952400450943345,0.071615,5.872808513950001,0.16036315393363326,0.3791121049249238,0.2609351129966494
REQ-00000,10000,700,0.9835371971130371,2.86102294921875e-06,"['vit_b_16', 'resnet101', 'resnet50']",common_iguana,1.0,weighted_majority,982.427749899216,True,n01677366,,,,common_iguana,common_iguana,common_iguana,-1.0,-1.0,-1.0,0.9968409538269043,0.9950008988380432,0.9047673940658569,0.048952400450943345,0.071615,5.872808513950001,0.16296553854026996,0.37087979443243146,0.26109670169698446
REQ-00000,10000,700,0.950847864151001,3.0994415283203125e-06,"['vit_b_16', 'resnet101', 'resnet50']",tarantula,1.0,weighted_majority,950.4444170743227,True,n01774750,,,,tarantula,tarantula,tarantula,-1.0,-1.0,-1.0,0.9671859741210938,0.9065994620323181,0.8590632081031799,0.048952400450943345,0.071615,5.872808513950001,0.16231428468624298,0.3634666149891883,0.250945231527286
REQ-00000,10000,700,1.2194979190826416,4.0531158447265625e-06,"['vit_b_16', 'resnet101', 'resnet50']",tarantula,1.0,weighted_majority,1219.1089160041884,True,n01774750,,,,tarantula,tarantula,tarantula,-1.0,-1.0,-1.0,0.9996870756149292,0.9949942231178284,0.8814272880554199,0.048952400450943345,0.071615,5.872808513950001,0.16212285621761868,0.35424735349026953,0.2437136083745574
REQ-00000,10000,700,0.809704065322876,1.9073486328125e-06,"['vit_b_16', 'resnet101', 'resnet50']",nematode,1.0,weighted_majority,807.6154580339789,True,n01930112,,,,nematode,nematode,nematode,-1.0,-1.0,-1.0,0.9329166412353516,0.6179562211036682,0.8528620004653931,0.048952400450943345,0.071615,5.872808513950001,0.16318527059585683,0.35973181814124255,0.2484465475371017
REQ-00000,10000,600,1.1918549537658691,1.9073486328125e-06,"['vit_b_16', 'resnet101', 'resnet50']",bustard,1.0,weighted_majority,1190.3165839612484,True,n02018795,,,,bustard,bustard,bustard,-1.0,-1.0,-1.0,0.9982476234436035,0.992493212223053,0.8901771903038025,0.048952400450943345,0.071615,5.872808513950001,0.16374254353627116,0.35342063632711834,0.24209569278339152
REQ-00000,10000,600,0.7127718925476074,3.0994415283203125e-06,"['vit_b_16', 'resnet101', 'resnet50']",goldfish,1.0,weighted_majority,711.9245830690488,True,n01443537,,,,goldfish,goldfish,goldfish,-1.0,-1.0,-1.0,0.994860827922821,0.994147539138794,0.8410391807556152,0.048952400450943345,0.071615,5.872808513950001,0.16417788918264406,0.34604877269440654,0.24542022350505238
REQ-00000,10000,600,1.253138780593872,1.9073486328125e-06,"['vit_b_16', 'resnet101', 'resnet50']",great_white_shark,1.0,weighted_majority,1252.9729580273852,True,n01484850,,,,great_white_shark,great_white_shark,great_white_shark,-1.0,-1.0,-1.0,0.8318076729774475,0.9046784043312073,0.8510135412216187,0.048952400450943345,0.071615,5.872808513950001,0.16220700026437967,0.3337622954249659,0.23713000115454716
REQ-00000,10000,600,1.003291130065918,2.1457672119140625e-06,"['vit_b_16', 'resnet101', 'resnet50']",tick,1.0,weighted_majority,1002.9673330718651,True,n01776313,,,,tick,tick,tick,-1.0,-1.0,-1.0,0.9734748601913452,0.9960461258888245,0.9491124749183655,0.048952400450943345,0.071615,5.872808513950001,0.1629624002379417,0.3298558658824693,0.24016150103909245
REQ-00000,10000,600,1.0540130138397217,1.9073486328125e-06,"['vit_b_16', 'resnet101', 'resnet50']",nematode,1.0,weighted_majority,1053.4036658937111,True,n01930112,,,,nematode,nematode,nematode,-1.0,-1.0,-1.0,0.9999980926513672,0.9998685121536255,0.9029974341392517,0.048952400450943345,0.071615,5.872808513950001,0.1626064602141475,0.33346687929422236,0.2333085509351832
REQ-00000,10000,500,1.894169807434082,2.86102294921875e-06,"['vit_b_16', 'resnet101', 'resnet50']",thunder_snake,0.6722647452985692,weighted_majority,1893.3170000091195,True,n01740131,,,,thunder_snake,thunder_snake,night_snake,-1.0,-1.0,-1.0,0.5958424806594849,0.8983643054962158,0.7284395694732666,0.048952400450943345,0.071615,5.872808513950001,0.16366841419273276,0.3235088913648001,0.22734069584166489
REQ-00000,10000,500,1.2959518432617188,2.6226043701171875e-06,"['vit_b_16', 'resnet101', 'resnet50']",wombat,1.0,weighted_majority,1295.0135000282899,True,n01883070,,,,wombat,wombat,wombat,-1.0,-1.0,-1.0,0.9974668025970459,0.9941372871398926,0.8733993172645569,0.048952400450943345,0.071615,5.872808513950001,0.1687105727734595,0.3181857022283201,0.2247884262574984
REQ-00000,10000,500,1.2465968132019043,3.0994415283203125e-06,"['vit_b_16', 'resnet101', 'resnet50']",tarantula,1.0,weighted_majority,1246.414375025779,True,n01774750,,,,tarantula,tarantula,tarantula,-1.0,-1.0,-1.0,0.9776661396026611,0.9996654987335205,0.8791547417640686,0.048952400450943345,0.071615,5.872808513950001,0.16900151549611356,0.3504993320054881,0.22193528363174855
REQ-00000,10000,500,1.3646240234375,6.9141387939453125e-06,"['vit_b_16', 'resnet101', 'resnet50']",leatherback_turtle,1.0,weighted_majority,1361.912333057262,True,n01665541,,,,leatherback_turtle,leatherback_turtle,leatherback_turtle,-1.0,-1.0,-1.0,0.9602769613265991,0.9932464361190796,0.9286251664161682,0.048952400450943345,0.071615,5.872808513950001,0.1695285639465022,0.3430522988049393,0.2294132552685737
