REQ-00000,20,0.05,78.5828309059143,resnet34,0.4100266396999359,27.348003,WARM,True,19.697828203869616,9.05118071836553,26.631938846274103,32.22457565155705,68.04133158307856,27.03589204298492
REQ-00001,20,0.05,79.17587685585022,mobilenet_v3_small,0.4401259124279022,20.104739,WARM,True,19.697828203869616,9.05118071836553,26.631938846274103,32.22457565155705,68.04133158307856,27.03589204298492
REQ-00002,20,0.05,104.59098815917969,resnet34,0.9330905079841614,26.721874,WARM,True,19.697828203869616,9.05118071836553,26.631938846274103,32.22457565155705,68.04133158307856,27.03589204298492
REQ-00003,20,0.05,113.33704280853271,resnet101,0.47143229842185974,79.109313,WARM,True,54.32369877085445,42.78983066155836,61.83565196679264,67.8943418391825,106.69582743166414,62.27326792989603
REQ-00004,20,0.05,130.26041984558105,mobilenet_v3_small,0.49741336703300476,20.095041,WARM,True,54.32369877085443,42.789830661558334,61.83565196679262,67.89434183918249,106.69582743166411,62.273267929896
REQ-00005,20,0.05,146.48729300498962,resnet18,0.7532922029495239,14.517838,WARM,True,70.81589121251892,59.282023103222826,78.32784440845711,84.38653428084697,123.18801987332861,78.76546037156051
REQ-00006,20,0.05,162.049546957016,vit_b_16,0.7752591371536255,27.183405,WARM,True,87.3080836541834,75.77421554488733,94.82003685012161,100.87872672251147,139.6802123149931,95.257652813225
REQ-00007,20,0.05,183.2570948600769,vit_b_16,0.8656333088874817,27.528377,WARM,True,103.8002760958479,92.2664079865518,111.3122292917861,117.37091916417596,156.17240475665758,111.74984525488946
REQ-00008,20,0.05,197.9206109046936,vit_b_16,0.7568932771682739,28.388944,WARM,True,120.29246853751242,108.75860042821631,127.80442173345061,133.8631116058405,172.6645971983221,128.24203769655398
REQ-00009,20,0.05,216.03092193603516,mobilenet_v3_small,0.8096295595169067,19.5573,WARM,True,136.7846609791769,125.2507928698808,144.29661417511508,150.35530404750494,189.15678963998658,144.73423013821846
REQ-00010,20,0.05,233.09359121322632,mobilenet_v3_small,0.8604996204376221,20.364661,WARM,True,153.27685342084135,141.74298531154528,160.78880661677957,166.84749648916943,205.64898208165107,161.22642257988295
REQ-00011,20,0.05,248.8258180618286,resnet34,0.8873841166496277,26.802661,WARM,True,169.76904586250583,158.23517775320977,177.28099905844402,183.3396889308339,222.14117452331556,177.71861502154744
REQ-00013,20,0.05,254.5471420288086,resnet101,0.8017356395721436,52.625626,WARM,True,202.7534307458348,191.2195626365387,210.265383941773,216.32407381416286,255.1255594066445,210.70299990487638
REQ-00012,20,0.05,261.53474378585815,resnet18,0.6842795014381409,14.465518,WARM,True,186.26123830417032,174.72737019487425,193.7731915001085,199.83188137249837,238.63336696498,194.2108074632119
REQ-00014,20,0.05,262.35351490974426,resnet34,0.9559556245803833,25.938523,WARM,True,219.24562318749932,207.7117550782032,226.7575763834375,232.81626625582737,271.617751848309,227.1951923465409
REQ-00000,25,0.05,79.32568597793579,resnet34,0.9562694430351257,27.25721,WARM,True,19.863320975709993,11.755494921213373,26.787305209199104,35.04549547886805,69.73186079342315,27.281709169565097
REQ-00002,25,0.05,79.42484188079834,resnet18,0.9894548654556274,15.289432,WARM,True,19.863320975709993,11.755494921213373,26.787305209199104,35.04549547886805,69.73186079342315,27.281709169565097
REQ-00001,25,0.05,105.77235269546509,resnet34,0.875869631767273,27.253375,WARM,True,19.863320975709993,11.755494921213373,26.787305209199104,35.04549547886805,69.73186079342315,27.281709169565097
REQ-00004,25,0.05,112.3902280330658,resnet18,0.7024125456809998,14.466935,WARM,True,55.90814529484876,47.12466706914409,63.40912821446197,72.35550100660332,109.93239676403802,63.94473250485845
REQ-00003,25,0.05,133.51297426223755,vit_b_16,0.8792338967323303,27.97481,WARM,True,56.875017822342244,48.091539596637574,64.37600074195545,72.35550100660332,109.93239676403802,64.91160503235194
REQ-00005,25,0.05,153.71514892578125,mobilenet_v3_small,0.5484119057655334,21.022751,WARM,True,73.10291908043013,64.31944085472546,80.60390200004333,89.5502747921847,127.1271705496194,81.13950629043983
REQ-00006,25,0.05,171.32268714904785,resnet18,0.6077488660812378,14.038744,WARM,True,90.29769286601154,81.51421464030688,97.79867578562475,106.74504857776611,144.3219443352008,98.33428007602124
REQ-00007,25,0.05,183.2891709804535,resnet18,0.642495334148407,14.099708,WARM,True,105.029534573785,96.24605634808032,112.5305174933982,121.47689028553955,159.05378604297425,113.06612178379469
REQ-00008,25,0.05,204.39931321144104,resnet18,0.34897324442863464,14.650057,WARM,True,122.22430835936643,113.44083013366175,129.72529127897963,138.67166407112097,176.2485598285557,130.26089556937612
REQ-00009,25,0.05,215.2356469631195,mobilenet_v3_small,0.44157665967941284,19.427587,WARM,True,141.88201422275577,133.0985359970511,149.382997142369,158.32936993451037,195.906265691945,149.91860143276548
REQ-00010,25,0.05,232.4592251777649,resnet101,0.3904140591621399,78.900004,WARM,True,156.6138559305292,147.83037770482457,164.11483885014243,173.0612116422838,210.63810739971848,164.65044314053893
REQ-00012,25,0.05,244.74536800384521,vit_b_16,0.4071953296661377,27.114311,WARM,True,176.2715617939186,167.48808356821394,183.7725447135318,192.71891750567315,230.29581326310785,184.3081490039283
REQ-00011,25,0.05,245.82190918922424,mobilenet_v3_small,0.5119724273681641,19.362063,WARM,True,176.2715617939186,167.48808356821394,183.7725447135318,192.71891750567315,230.29581326310785,184.3081490039283
REQ-00014,25,0.05,253.60203099250793,mobilenet_v3_small,0.7298276424407959,19.897141,WARM,True,227.8558831506628,219.07240492495814,235.35686607027603,244.30323886241737,281.8801346198521,235.89247036067252
REQ-00013,25,0.05,253.72680497169495,vit_b_16,0.832147479057312,28.077813,WARM,True,210.66110936508142,201.87763113937672,218.1620922846946,227.10846507683596,264.6853608342707,218.6976965750911
REQ-00001,30,0.05,78.17718315124512,mobilenet_v3_small,0.4588119685649872,19.747485,WARM,True,19.786434443314356,12.376536321188349,26.812269506814516,32.95112732103628,68.31817018275353,27.399966024455303
REQ-00000,30,0.05,79.54026007652283,resnet18,0.5244324803352356,14.616436,WARM,True,19.786434443314356,12.376536321188349,26.812269506814516,32.95112732103628,68.31817018275353,27.399966024455303
REQ-00002,30,0.05,98.39806795120239,resnet101,0.8400270342826843,78.00562,WARM,True,19.786434443314356,12.376536321188349,26.812269506814516,32.95112732103628,68.31817018275353,27.399966024455303
REQ-00003,30,0.05,112.70113205909729,resnet101,0.6877784132957458,78.043069,WARM,True,56.15495383153047,48.127564199227294,63.766275150322315,70.41670444906256,108.73100088258957,64.4029463777665
REQ-00004,30,0.05,133.48317694664001,resnet34,0.9793805480003357,26.985,WARM,True,55.69710352927772,47.66971389697454,62.92688292952562,69.9588541468098,108.27315058033682,63.945096075513746
REQ-00005,30,0.05,147.40216207504272,resnet34,0.9321045279502869,27.033501,WARM,True,72.25569042597205,64.22830079366886,79.8670117447639,86.51744104350412,124.83173747703117,80.50368297220807
REQ-00006,30,0.05,164.8648989200592,mobilenet_v3_small,0.7396472096443176,20.011675,WARM,True,89.19581924121032,81.16842960890715,96.80714056000215,103.4575698587424,141.7718662922694,97.44381178744634
REQ-00007,30,0.05,177.05723595619202,vit_b_16,0.5516625046730042,27.976978,WARM,True,106.13594805644858,98.10855842414541,113.74726937524042,120.39769867398067,158.71199510750768,114.38394060268462
REQ-00008,30,0.05,196.81192708015442,resnet101,0.45319193601608276,77.607653,WARM,True,123.07607687168684,115.04868723938368,130.6873981904787,137.33782748921894,175.65212392274594,131.32406941792289
REQ-00009,30,0.05,212.63299703598022,vit_b_16,0.43396812677383423,27.55414,WARM,True,140.0162056869251,131.98881605462194,147.62752700571693,154.27795630445718,192.5922527379842,148.26419823316112
REQ-00010,30,0.05,228.14639902114868,mobilenet_v3_small,0.9908864498138428,19.575207,WARM,True,156.95633450216334,148.92894486986017,164.5676558209552,171.21808511969544,209.53238155322245,165.2043270483994
REQ-00013,30,0.05,241.81834316253662,resnet18,0.6415634751319885,14.757869,WARM,True,207.77672094787815,199.74933131557498,215.38804226667,222.03847156541025,260.3527679989373,216.02471349411417
REQ-00011,30,0.05,243.08306193351746,vit_b_16,0.5283024311065674,28.425861,WARM,True,173.89646331740164,165.86907368509847,181.50778463619346,188.15821393493374,226.47251036846075,182.14445586363766
REQ-00014,30,0.05,250.77872490882874,vit_b_16,0.8151407837867737,26.238624,WARM,True,224.71684976311641,216.68946013081325,232.32817108190824,238.97860038064852,277.2928968141755,232.96484230935243
REQ-00012,30,0.05,251.90880298614502,mobilenet_v3_small,0.6188575625419617,20.003028,WARM,True,190.8365921326399,182.8092025003367,198.44791345143173,205.09834275017198,243.412639183699,199.0845846788759
REQ-00000,60,0.05,79.40206408500671,vit_b_16,0.8121533989906311,28.143371,WARM,True,19.893078864434983,11.953043746167614,25.773578128653504,33.93691560577503,69.41782330469583,27.119579719461072
REQ-00001,60,0.05,80.00778317451477,resnet18,0.5386208295822144,14.745409,WARM,True,19.893078864434983,11.953043746167614,25.773578128653504,33.93691560577503,69.41782330469583,27.119579719461072
REQ-00002,60,0.05,99.38210797309875,resnet34,0.8054400086402893,27.480696,WARM,True,21.550835436471232,12.949130725014916,27.921376306041296,33.93691560577503,75.20264191342048,29.379544696082828
REQ-00004,60,0.05,119.14725017547607,resnet34,0.9842793941497803,26.672867,WARM,True,21.550835436471232,12.949130725014916,27.921376306041296,36.76499190625628,75.20264191342048,29.379544696082828
REQ-00003,60,0.05,133.26834392547607,vit_b_16,0.8190112709999084,27.936417,WARM,True,21.550835436471232,12.949130725014916,27.921376306041296,36.76499190625628,75.20264191342048,29.379544696082828
REQ-00005,60,0.05,151.4973850250244,vit_b_16,0.7934703826904297,27.285304,WARM,True,70.0446702909528,61.442965579496466,78.86350655186307,85.25882676073783,123.69647676790203,77.87337955056437
REQ-00006,60,0.05,161.9917917251587,resnet34,0.5630576014518738,27.113189,WARM,True,72.49296568229302,63.8912609708367,78.86350655186307,87.70712215207806,126.14477215924227,80.3216749419046
REQ-00008,60,0.05,182.88766813278198,resnet18,0.6415634751319885,6.784203,WARM,True,120.98680053677455,114.83339121665847,129.80563679768485,138.64925239789983,174.6386070137238,128.81550979638615
REQ-00007,60,0.05,185.7934000492096,mobilenet_v3_small,0.5180873870849609,19.932368,WARM,True,72.49296568229302,63.8912609708367,78.86350655186307,87.70712215207806,126.14477215924227,80.3216749419046
REQ-00011,60,0.05,212.04611015319824,resnet18,0.7532922029495239,0.09207,WARM,True,123.43509592811479,114.83339121665847,129.80563679768485,138.64925239789983,177.08690240506405,131.2638051877264
REQ-00010,60,0.05,217.47121000289917,mobilenet_v3_small,0.5242035984992981,20.230615,WARM,True,123.43509592811479,114.83339121665847,129.80563679768485,138.64925239789983,177.08690240506405,131.2638051877264
REQ-00012,60,0.05,236.82053303718567,resnet34,0.4848756194114685,26.939171,WARM,True,123.43509592811479,114.83339121665847,129.80563679768485,138.64925239789983,177.08690240506405,131.2638051877264
REQ-00009,60,0.05,239.688729763031,resnet34,0.6745004057884216,27.242916,WARM,True,123.43509592811479,114.83339121665847,129.80563679768485,138.64925239789983,177.08690240506405,131.2638051877264
REQ-00013,60,0.05,247.45846915245056,mobilenet_v3_small,0.6752792000770569,19.996525,WARM,True,205.89035094647753,197.28864623502122,214.70918720738783,223.55280280760283,261.990452814767,213.7190602060891
REQ-00014,60,0.05,249.23865914344788,resnet34,0.8791869878768921,25.632969,WARM,True,205.89035094647753,199.73694162636147,214.70918720738783,223.55280280760283,261.990452814767,216.16735559742938
REQ-00001,100,0.05,79.46004796028137,resnet101,0.6506456136703491,79.35022,WARM,True,19.506715895850103,7.8476560843659415,26.563304722779367,36.13639746173569,67.17475138849296,27.037364674082685
REQ-00000,100,0.05,79.53939938545227,resnet34,0.6791059374809265,27.831156,WARM,True,19.506715895850103,7.8476560843659415,26.563304722779367,36.13639746173569,67.17475138849296,27.037364674082685
REQ-00002,100,0.05,105.56603002548218,resnet34,0.472616046667099,27.01057,WARM,True,19.506715895850103,7.8476560843659415,26.563304722779367,36.13639746173569,67.17475138849296,27.037364674082685
REQ-00003,100,0.05,112.88789296150208,mobilenet_v3_small,0.8475197553634644,20.084185,WARM,True,54.402559900434866,41.77191177132703,62.0471977962749,72.41804826347759,106.0429316841313,62.560762743520165
REQ-00004,100,0.05,135.67801189422607,resnet101,0.2674619257450104,77.499542,WARM,True,54.40255990043477,41.77191177132693,62.0471977962748,72.41804826347749,106.04293168413119,62.560762743520065
REQ-00005,100,0.05,151.76885414123535,mobilenet_v3_small,0.631161630153656,20.117946,WARM,True,71.03770207373329,58.40705394462545,78.68233996957333,89.05319043677602,122.67807385742974,79.19590491681859
REQ-00006,100,0.05,170.01983189582825,mobilenet_v3_small,0.4451979100704193,19.472752,WARM,True,87.67284424703182,75.04219611792398,95.31748214287185,105.68833261007454,139.31321603072826,95.83104709011712
REQ-00007,100,0.05,183.8627369403839,mobilenet_v3_small,0.9790289402008057,20.521216,WARM,True,104.30798642033034,91.67733829122248,111.95262431617036,122.32347478337306,155.9483582040268,112.46618926341563
REQ-00008,100,0.05,197.49429321289062,resnet101,0.7944508194923401,78.813214,WARM,True,120.94312859362886,108.312480464521,128.5877664894689,138.95861695667156,172.5835003773253,129.10133143671413
REQ-00009,100,0.05,213.1435809135437,resnet34,0.8462681174278259,26.089377,WARM,True,137.57827076692737,124.94762263781953,145.22290866276742,155.5937591299701,189.2186425506238,145.73647361001267
REQ-00010,100,0.05,229.52032899856567,mobilenet_v3_small,0.4506929814815521,19.645378,WARM,True,154.21341294022588,141.58276481111804,161.85805083606593,172.2289013032686,205.85378472392233,162.3716157833112
REQ-00011,100,0.05,248.32841801643372,mobilenet_v3_small,0.5160486102104187,19.921509,WARM,True,168.40768191378083,155.77703378467302,176.05231980962088,186.42317027682356,220.0480536974773,176.56588475686613
REQ-00013,100,0.05,250.21387910842896,resnet101,0.4777984619140625,50.4868,WARM,True,187.48369728682292,174.8530491577151,195.12833518266297,205.49918564986567,239.12406907051934,195.6419001299082
REQ-00012,100,0.05,252.4196457862854,resnet18,0.7881006598472595,13.842467,WARM,True,187.48369728682292,174.8530491577151,195.12833518266297,205.49918564986567,239.12406907051934,193.20102693016463
REQ-00014,100,0.05,253.17845511436462,resnet101,0.8783098459243774,33.354194,WARM,True,218.31310843367638,205.68246030456854,225.9577463295164,236.3285967967191,272.39435341711635,228.91218447650525
REQ-00000,200,0.05,79.01996326446533,vit_b_16,0.7738162875175476,27.800757,WARM,True,19.714495393166032,11.30746499650793,26.120691324474983,33.51758914846063,68.3096506034334,27.18204043140946
REQ-00001,200,0.05,79.14753484725952,vit_b_16,0.4174205958843231,27.893428,WARM,True,19.714495393166032,11.30746499650793,26.120691324474983,33.51758914846063,68.3096506034334,27.18204043140946
REQ-00002,200,0.05,105.78077101707458,vit_b_16,0.8583565950393677,27.841921,WARM,True,21.357370009263203,11.30746499650793,26.120691324474983,36.31072157749902,74.00212148705285,29.44721046736025
REQ-00003,200,0.05,112.38110899925232,vit_b_16,0.756433367729187,27.445767,WARM,True,21.357370009263203,12.249753746216925,28.297415601514565,36.31072157749902,74.00212148705285,29.44721046736025
REQ-00004,200,0.05,134.00334692001343,vit_b_16,0.8916779160499573,27.16521,WARM,True,21.357370009263203,12.249753746216925,28.297415601514565,36.31072157749902,74.00212148705285,29.44721046736025
REQ-00005,200,0.05,153.28831887245178,vit_b_16,0.6190646886825562,26.891386,WARM,True,21.357370009263203,12.249753746216925,28.297415601514565,36.31072157749902,74.00212148705285,29.44721046736025
REQ-00006,200,0.05,164.31957387924194,resnet18,0.8067158460617065,14.441802,WARM,True,21.357370009263203,12.249753746216925,28.297415601514565,36.31072157749902,74.00212148705285,29.44721046736025
REQ-00007,200,0.05,184.10844707489014,vit_b_16,0.7276247143745422,27.243917,WARM,True,86.12496676661888,77.0173505035726,93.06501235887025,101.0783183348547,141.22365245002186,96.66874143032928
REQ-00009,200,0.05,197.72402715682983,mobilenet_v3_small,0.700279712677002,19.429366,WARM,True,103.6045028788692,94.49688661582292,112.32432930522583,118.55785444710502,156.24925435665887,111.69434333696624
REQ-00008,200,0.05,212.73630619049072,resnet34,0.5244585275650024,26.98489,WARM,True,103.6045028788692,94.49688661582292,110.54454847112055,118.55785444710502,156.24925435665887,111.69434333696624
REQ-00012,200,0.05,236.714497089386,resnet101,0.22271032631397247,79.26444,WARM,True,122.1896664537167,113.08205019067043,129.12971204596806,137.1430180219525,174.83441793150635,130.27950691181374
REQ-00014,200,0.05,245.32861280441284,resnet18,0.5981952548027039,14.827299,WARM,True,122.1896664537167,113.08205019067043,129.12971204596806,137.1430180219525,174.83441793150635,130.27950691181374
REQ-00010,200,0.05,256.44296383857727,vit_b_16,0.3368746340274811,27.587745,WARM,True,122.1896664537167,113.08205019067043,129.12971204596806,137.1430180219525,174.83441793150635,130.27950691181374
REQ-00013,200,0.05,260.20354676246643,resnet101,0.8380760550498962,54.614664,WARM,True,122.1896664537167,113.08205019067043,129.12971204596806,137.1430180219525,174.83441793150635,130.27950691181374
REQ-00011,200,0.05,260.3595209121704,vit_b_16,0.866938054561615,25.638252,WARM,True,122.1896664537167,113.08205019067043,129.12971204596806,137.1430180219525,174.83441793150635,130.27950691181374
REQ-00001,300,0.05,79.20465087890625,vit_b_16,0.4018745422363281,27.419906,WARM,True,19.676706921709545,13.356401560401743,26.593312721877595,35.48838716053383,68.92568775350738,27.126404423100446
REQ-00000,300,0.05,79.2663938999176,resnet101,0.8552970290184021,79.041032,WARM,True,19.676706921709545,13.356401560401743,26.593312721877595,35.48838716053383,68.92568775350738,27.126404423100446
REQ-00002,300,0.05,100.51321482658386,vit_b_16,0.5573161840438843,27.770832,WARM,True,21.316432498518672,14.469435023768554,26.593312721877595,38.44575275724499,74.66949506629966,29.386938125025484
REQ-00003,300,0.05,112.87197995185852,vit_b_16,0.7958076000213623,27.279145,WARM,True,55.83267842955632,48.9856809548062,63.32566804640503,72.96199868828262,109.18574099733729,63.903184056063125
REQ-00004,300,0.05,134.06326699256897,resnet18,0.7852278351783752,15.157063,WARM,True,55.832678429556225,48.98568095480611,63.32566804640494,72.96199868828253,109.1857409973372,63.90318405606303
REQ-00005,300,0.05,152.1406602859497,vit_b_16,0.5721169114112854,27.261622,WARM,True,73.09080139507496,66.24380392032484,80.58379101192367,90.22012165380126,126.44386396285593,81.16130702158175
REQ-00006,300,0.05,162.97684788703918,vit_b_16,0.3989681303501129,26.90508,WARM,True,90.3489243605937,83.50192688584357,97.84191397744242,107.47824461932,143.70198692837468,98.4194299871005
REQ-00007,300,0.05,179.0653109550476,resnet34,0.7156128883361816,26.963548,WARM,True,107.60704732611242,100.76004985136233,115.10003694296115,124.73636758483875,160.96010989389342,115.67755295261925
REQ-00008,300,0.05,191.66650414466858,vit_b_16,0.8751970529556274,27.170026,WARM,True,124.86517029163117,118.01817281688105,132.35815990847988,141.99449055035745,178.21823285941213,132.93567591813797
REQ-00009,300,0.05,212.19523000717163,resnet34,0.5521887540817261,26.335046,WARM,True,142.1232932571499,135.27629578239979,149.61628287399864,159.25261351587622,195.4763558249309,150.1937988836567
REQ-00010,300,0.05,229.9113380908966,vit_b_16,0.7566524147987366,26.788977,WARM,True,159.38141622266863,152.53441874791855,166.87440583951735,176.51073648139496,212.73447879044963,167.45192184917548
REQ-00012,300,0.05,235.33720803260803,resnet34,0.7348518371582031,27.227321,WARM,True,193.89766215370614,187.050664678956,201.39065177055485,211.02698241243246,247.25072472148713,201.96816778021292
REQ-00011,300,0.05,240.71176505088806,resnet18,0.5694870352745056,14.108961,WARM,True,176.6395391881874,169.79254171343726,184.13252880503612,193.76885944691367,229.99260175596834,184.71004481469419
REQ-00014,300,0.05,244.302325963974,resnet101,0.7972462177276611,30.515141,WARM,True,225.96499657432477,219.11799909957463,233.4579861911735,243.0943168330511,279.31805914210577,234.03550220083156
REQ-00013,300,0.05,244.378888130188,resnet18,0.6458330154418945,13.719627,WARM,True,211.15578511922484,204.30878764447473,218.64877473607356,228.28510537795117,264.50884768700587,219.22629074573166
REQ-00000,500,0.05,79.06027126312256,vit_b_16,0.31805649399757385,27.335717,WARM,True,19.874968227498794,13.110248699677053,26.78426967701807,29.971566324053665,66.81435867032728,26.839216522230604
REQ-00001,500,0.05,79.53128981590271,resnet18,0.3629116714000702,14.930049,WARM,True,19.874968227498794,13.110248699677053,26.78426967701807,29.971566324053665,66.81435867032728,26.839216522230604
REQ-00002,500,0.05,98.48789811134338,resnet101,0.5072779059410095,78.532385,WARM,True,19.874968227498794,13.110248699677053,26.78426967701807,29.971566324053665,66.81435867032728,26.839216522230604
REQ-00003,500,0.05,108.50989699363708,resnet101,0.22271032631397247,78.365868,WARM,True,55.45155475948189,48.123108604341674,62.93663132979444,66.38953603074967,106.30256107254608,62.996157078774694
REQ-00004,500,0.05,132.30803799629211,mobilenet_v3_small,0.7767953872680664,19.61085,WARM,True,54.644134546047034,47.315688390906814,62.129211116359585,65.58211581731481,105.49514085911122,62.18873686533983
REQ-00005,500,0.05,147.9764199256897,resnet18,0.6060555577278137,14.82559,WARM,True,71.2005940291753,63.87214787403508,78.68567059948785,82.13857530044308,122.05160034223951,78.7451963484681
REQ-00006,500,0.05,164.89718222618103,mobilenet_v3_small,0.5598006844520569,20.053033,WARM,True,87.75705351230359,80.42860735716336,95.24213008261613,98.69503478357136,138.60805982536777,95.30165583159636
REQ-00007,500,0.05,181.01124477386475,resnet34,0.725632905960083,26.72528,WARM,True,104.31351299543185,96.98506684029164,111.7985895657444,115.25149426669962,155.16451930849604,111.85811531472463
REQ-00008,500,0.05,195.5180962085724,mobilenet_v3_small,0.6901893615722656,18.889595,WARM,True,120.86997247856013,113.54152632341992,128.35504904887267,131.8079537498279,171.7209787916243,128.4145747978529
REQ-00009,500,0.05,212.65855312347412,vit_b_16,0.6447628140449524,27.46194,WARM,True,137.42643196168837,130.09798580654817,144.9115085320009,148.36441323295614,188.27743827475257,144.97103428098117
REQ-00010,500,0.05,226.40690684318542,vit_b_16,0.48615914583206177,27.092068,WARM,True,153.98289144481663,146.6544452896764,161.46796801512917,164.9208727160844,204.83389775788083,161.52749376410944
REQ-00011,500,0.05,244.4856197834015,mobilenet_v3_small,0.8475197553634644,19.986907,WARM,True,170.5393509279449,163.21090477280467,178.02442749825744,181.47733219921267,221.39035724100907,178.08395324723767
REQ-00013,500,0.05,249.32243514060974,resnet34,0.8821653127670288,27.515362,WARM,True,203.65226989420137,196.32382373906117,211.13734646451394,214.59025116546917,254.50327620726557,211.19687221349417
REQ-00012,500,0.05,252.33817386627197,vit_b_16,0.4936506152153015,27.302702,WARM,True,187.09581041107313,179.7673642559329,194.5808869813857,198.03379168234093,237.9468167241373,194.64041273036594
REQ-00014,500,0.05,252.2460970878601,resnet34,0.4227261543273926,26.212369,WARM,True,220.20872937732963,212.8802832221894,227.6938059476422,231.14671064859743,271.05973569039384,227.75333169662244
REQ-00001,700,0.05,78.6251130104065,resnet34,0.9805455207824707,27.182716,WARM,True,19.725050910364,11.985274470130998,26.55571905732412,33.05021988368404,67.82065237103718,27.217788049627977
REQ-00000,700,0.05,78.68602991104126,resnet34,0.9550220370292664,26.982541,WARM,True,19.725050910364,11.985274470130998,26.55571905732412,33.05021988368404,67.82065237103718,27.217788049627977
REQ-00002,700,0.05,104.99208807945251,resnet101,0.8005857467651367,77.955271,WARM,True,19.725050910364,11.985274470130998,26.55571905732412,33.05021988368404,67.82065237103718,27.217788049627977
REQ-00003,700,0.05,112.42223310470581,vit_b_16,0.9067508578300476,27.344366,WARM,True,55.0161823980084,46.63142458775598,62.416072890548534,69.45178211910512,107.11975064707102,63.13331429887771
REQ-00004,700,0.05,133.21812176704407,mobilenet_v3_small,0.42168357968330383,20.06567,WARM,True,55.016182398008226,46.63142458775581,62.416072890548364,69.45178211910495,107.11975064707084,63.13331429887754
REQ-00005,700,0.05,152.2753598690033,vit_b_16,0.39043813943862915,27.153505,WARM,True,71.8398710205651,63.45511321031268,79.23976151310524,86.27547074166182,123.9434392696277,79.95700292143441
REQ-00006,700,0.05,167.96883606910706,mobilenet_v3_small,0.36797451972961426,19.670687,WARM,True,88.66355964312197,80.27880183286955,96.0634501356621,103.09915936421866,140.7671278921846,96.78069154399128
REQ-00007,700,0.05,181.03540873527527,resnet18,0.9198390245437622,5.815789,WARM,True,105.48724826567883,97.10249045542642,112.88713875821895,119.92284798677555,157.59081651474145,113.60438016654814
REQ-00008,700,0.05,204.29097294807434,vit_b_16,0.8325622081756592,28.315966,WARM,True,122.31093688823569,113.92617907798328,129.7108273807758,136.7465366093324,174.4145051372983,130.428068789105
REQ-00009,700,0.05,217.5681722164154,vit_b_16,0.8632814884185791,28.268603,WARM,True,139.13462551079252,130.7498677005401,146.53451600333264,153.57022523188922,191.23819375985514,147.2517574116618
REQ-00010,700,0.05,231.1564109325409,vit_b_16,0.7677106857299805,27.469146,WARM,True,155.95831413334935,147.57355632309694,163.35820462588947,170.39391385444605,208.06188238241194,164.07544603421866
REQ-00011,700,0.05,245.62536907196045,vit_b_16,0.8957828879356384,26.856506,WARM,True,172.78200275590615,164.39724494565377,180.1818932484463,187.21760247700288,224.8855710049688,180.8991346567755
REQ-00014,700,0.05,251.43283200263977,resnet34,0.8170738816261292,27.036194,WARM,True,223.25306862357672,214.8683108133243,230.65295911611688,237.68866834467343,275.35663687263934,231.37020052444603
REQ-00012,700,0.05,252.45887804031372,resnet34,0.8223215937614441,27.048438,WARM,True,189.605691378463,181.2209335682106,197.00558187100316,204.04129109955971,241.70925962752565,197.72282327933235
REQ-00013,700,0.05,252.43640995025635,vit_b_16,0.7187122702598572,26.679631,WARM,True,206.42938000101987,198.04462219076746,213.82927049356002,220.86497972211657,258.5329482500825,214.5465119018892
REQ-00001,1000,0.05,78.9002091884613,vit_b_16,0.9083906412124634,27.370691,WARM,True,19.732821781048557,13.018268063053133,26.03164322862564,33.44946292243019,67.76995175613816,27.31555416881006
REQ-00000,1000,0.05,79.55656695365906,resnet34,0.5895370244979858,27.424392,WARM,True,19.732821781048557,13.018268063053133,26.03164322862564,33.44946292243019,67.76995175613816,27.31555416881006
REQ-00002,1000,0.05,98.83297801017761,vit_b_16,0.9078084230422974,28.414529,WARM,True,21.377223596135938,14.103123734974227,28.20094683101111,36.236918165966046,73.41744773581634,29.59185034954423
REQ-00003,1000,0.05,108.13429522514343,vit_b_16,0.7303637862205505,27.853343,WARM,True,55.19847533171098,47.92437547054927,62.022198566586155,70.05816990154109,107.23869947139139,63.413102085119284
REQ-00004,1000,0.05,133.1918032169342,mobilenet_v3_small,0.7715007662773132,20.166872,WARM,True,55.19847533171078,47.92437547054907,62.022198566585956,70.0581699015409,107.23869947139119,63.413102085119085
REQ-00005,1000,0.05,145.15769219398499,resnet34,0.8631458282470703,26.520403,WARM,True,72.10910119949811,64.8350013383364,78.93282443437327,86.96879576932821,124.1493253391785,80.32372795290641
REQ-00006,1000,0.05,168.85353708267212,resnet18,0.5913264751434326,14.337169,WARM,True,89.01972706728544,81.74562720612373,95.84345030216059,103.87942163711554,141.05995120696582,97.23435382069373
REQ-00007,1000,0.05,179.25220775604248,resnet34,0.6483630537986755,27.141085,WARM,True,105.93035293507275,98.65625307391103,112.75407616994792,120.79004750490284,157.97057707475315,114.14497968848104
REQ-00008,1000,0.05,200.9106969833374,mobilenet_v3_small,0.9736863970756531,19.746283,WARM,True,122.84097880286006,115.56687894169835,129.66470203773525,137.70067337269018,174.88120294254045,131.05560555626838
REQ-00009,1000,0.05,212.534108877182,vit_b_16,0.831714928150177,27.096399,WARM,True,139.7516046706474,132.47750480948568,146.57532790552256,154.61129924047748,191.7918288103278,147.9662314240557
REQ-00010,1000,0.05,233.58132410049438,resnet101,0.7126516103744507,77.838617,WARM,True,156.66223053843473,149.388130677273,163.4859537733099,171.5219251082648,208.70245467811512,164.876857291843
REQ-00011,1000,0.05,247.429612159729,resnet101,0.6705050468444824,78.69589,WARM,True,173.57285640622206,166.29875654506034,180.39657964109725,188.43255097605217,225.61308054590245,181.78748315963034
REQ-00012,1000,0.05,250.2721390724182,vit_b_16,0.5282678604125977,27.729304,WARM,True,190.48348227400936,183.20938241284767,197.30720550888455,205.34317684383947,242.52370641368978,198.69810902741767
REQ-00013,1000,0.05,253.22082805633545,resnet34,0.8369068503379822,25.967789,WARM,True,207.3941081417967,200.120008280635,214.21783137667188,222.2538027116268,259.4343322814771,215.60873489520498
REQ-00014,1000,0.05,254.27005100250244,vit_b_16,0.802392840385437,26.353903,WARM,True,224.30473400958405,217.03063414842234,231.1284572444592,239.16442857941416,276.3449581492644,232.51936076299233
REQ-00001,50,0.05,77.76448321342468,mobilenet_v3_small,0.7833449244499207,19.628858,WARM,True,19.371200382097182,12.560025217989567,26.518344821023984,35.26089562156817,67.97680044490858,27.30260353859861
REQ-00000,50,0.05,78.95471906661987,mobilenet_v3_small,0.7601966857910156,19.934446,WARM,True,19.371200382097182,12.560025217989567,26.518344821023984,35.26089562156817,67.97680044490858,27.30260353859861
REQ-00002,50,0.05,101.98156690597534,vit_b_16,0.8509816527366638,27.96602,WARM,True,19.371200382097182,12.560025217989567,26.518344821023984,35.26089562156817,67.97680044490858,27.30260353859861
REQ-00003,50,0.05,112.68985390663147,resnet34,0.8745890855789185,26.981699,WARM,True,55.108638057555936,47.729864963106024,62.85137786639331,72.32247456698283,107.76470479226828,63.70099147709915
REQ-00004,50,0.05,125.99143695831299,resnet101,0.3871835172176361,71.10641,WARM,True,55.10863805755574,47.72986496310582,62.85137786639311,72.32247456698263,107.76470479226808,63.70099147709896
REQ-00005,50,0.05,152.97822403907776,vit_b_16,0.42239174246788025,27.401031,WARM,True,69.7054051710185,62.326632076568586,77.44814497985587,86.9192416804454,122.36147190573085,78.29775859056171
REQ-00006,50,0.05,166.16072607040405,resnet18,0.3764687180519104,15.025049,WARM,True,89.23180903450601,79.38821756504372,96.97454884334337,106.44564554393293,139.42305739420598,97.82416245404923
REQ-00007,50,0.05,181.92156410217285,mobilenet_v3_small,0.700279712677002,20.48062,WARM,True,103.82857614796879,96.44980305351885,111.57131595680615,121.04241265739567,156.48464288268113,112.420929567512
REQ-00008,50,0.05,197.01544713974,mobilenet_v3_small,0.7278700470924377,19.668584,WARM,True,120.89016163644392,113.511388541994,128.63290144528128,138.1039981458708,173.54622837115625,129.4825150559871
REQ-00009,50,0.05,218.38084411621094,resnet34,0.8686186075210571,27.510961,WARM,True,137.95174712491902,130.5729740304691,145.6944869337564,155.16558363434592,190.6078138596314,146.54410054446225
REQ-00010,50,0.05,223.54908180236816,resnet34,0.5465039610862732,27.17848,WARM,True,137.95174712491902,130.5729740304691,145.6944869337564,157.6304020093583,190.6078138596314,146.54410054446225
REQ-00011,50,0.05,243.48748207092285,mobilenet_v3_small,0.2562269866466522,19.007088,WARM,True,172.07491810186926,164.69614500741935,182.28247628571899,189.28875461129616,227.19580321159395,183.13208989642482
REQ-00013,50,0.05,254.19057369232178,resnet18,0.8176277279853821,14.595062,WARM,True,174.53973647688161,167.16096338243167,182.28247628571899,191.75357298630848,227.19580321159395,183.13208989642482
REQ-00012,50,0.05,257.1740782260895,resnet34,0.9056965708732605,27.383802,WARM,True,172.07491810186926,164.69614500741935,182.28247628571899,191.75357298630848,227.19580321159395,180.6672715214125
REQ-00014,50,0.05,258.0817151069641,resnet18,0.991093099117279,14.837339,WARM,True,223.25967456729464,215.88090147284473,231.002414376132,242.93832945173395,275.915741302007,231.85202798683787
REQ-00000,250,0.05,78.35159087181091,resnet34,0.3149043917655945,26.855206,WARM,True,19.647568525660674,12.476763817988553,26.74129793190162,32.20412725927401,69.93598142944398,27.309840419619146
REQ-00001,250,0.05,79.35040616989136,resnet18,0.9094880819320679,15.044828,WARM,True,19.647568525660674,12.476763817988553,26.74129793190162,32.20412725927401,69.93598142944398,27.309840419619146
REQ-00002,250,0.05,106.50665402412415,vit_b_16,0.8379513621330261,27.846859,WARM,True,19.647568525660674,12.476763817988553,26.74129793190162,32.20412725927401,69.93598142944398,27.309840419619146
REQ-00003,250,0.05,112.23826026916504,vit_b_16,0.6642460823059082,27.426783,WARM,True,55.286289958223826,47.51791819157902,62.97116348165151,68.88922858630494,109.76540393732242,63.58708451001217
REQ-00004,250,0.05,135.00032377243042,resnet101,0.5612564086914062,78.987847,WARM,True,55.28628995822355,47.51791819157875,62.971163481651246,68.88922858630467,109.76540393732213,63.5870845100119
REQ-00005,250,0.05,148.35603189468384,resnet101,0.29990071058273315,78.410731,WARM,True,72.28700198593566,64.51863021929087,79.97187550936336,85.88994061401678,126.76611596503426,80.587796537724
REQ-00006,250,0.05,170.26284384727478,resnet34,0.5987690091133118,26.939945,WARM,True,89.28771401364777,81.51934224700298,96.97258753707547,102.89065264172889,143.76682799274639,97.58850856543611
REQ-00007,250,0.05,185.143709897995,mobilenet_v3_small,0.8038652539253235,19.921104,WARM,True,106.28842604135988,98.5200542747151,113.97329956478758,119.891364669441,160.76754002045845,114.58922059314823
REQ-00008,250,0.05,203.95011806488037,vit_b_16,0.7674521207809448,27.127773,WARM,True,123.28913806907198,115.52076630242719,130.97401159249966,136.89207669715307,177.76825204817055,131.58993262086034
REQ-00009,250,0.05,219.545912027359,resnet34,0.8959206342697144,26.822992,WARM,True,140.2898500967841,132.5214783301393,147.97472362021176,153.8927887248652,194.76896407588268,148.59064464857244
REQ-00010,250,0.05,237.83533024787903,resnet34,0.6847401261329651,27.218361,WARM,True,157.2905621244962,149.5221903578514,164.9754356479239,170.89350075257732,211.7696761035948,165.59135667628456
REQ-00011,250,0.05,248.44783687591553,resnet101,0.540071964263916,77.673827,WARM,True,174.29127415220833,166.5229023855635,181.976147675636,187.89421278028942,228.7703881313069,182.59206870399666
REQ-00013,250,0.05,250.2287449836731,mobilenet_v3_small,0.9411619901657104,19.386181,WARM,True,208.2926982076325,200.5243264409877,215.97757173106018,221.89563683571362,262.7718121867311,216.59349275942085
REQ-00012,250,0.05,254.39447212219238,vit_b_16,0.6544373631477356,27.84488,WARM,True,191.29198617992046,183.52361441327562,198.9768597033481,204.89492480800152,245.771100159019,199.59278073170879
REQ-00014,250,0.05,257.1806252002716,resnet34,0.48313549160957336,27.318344,WARM,True,225.2934102353446,217.52503846869982,232.9782837587723,238.89634886342571,279.7725242144432,233.59420478713298
REQ-00001,350,0.05,78.84777998924255,resnet34,0.7378942370414734,27.436937,WARM,True,19.344716705512717,12.187867545535331,27.00266969143356,32.42255835907096,69.33941698988681,27.393521355540884
REQ-00000,350,0.05,79.06279301643372,vit_b_16,0.7641251087188721,27.947704,WARM,True,19.344716705512717,12.187867545535331,27.00266969143356,32.42255835907096,69.33941698988681,27.393521355540884
REQ-00002,350,0.05,99.72691774368286,resnet34,0.9635640978813171,26.795727,WARM,True,19.344716705512717,12.187867545535331,27.00266969143356,32.42255835907096,69.33941698988681,27.393521355540884
REQ-00003,350,0.05,114.4394040107727,resnet18,0.6605944037437439,8.62582,WARM,True,54.84538418667739,47.09213093003523,63.14149992142497,69.01304597803217,109.00630949474935,63.56492255754125
REQ-00004,350,0.05,133.87353372573853,vit_b_16,0.8573486804962158,28.037131,WARM,True,54.845384186677144,47.092130930034976,63.141499921424725,69.01304597803191,109.00630949474908,63.56492255754099
REQ-00005,350,0.05,152.4418671131134,vit_b_16,0.622484564781189,27.729477,WARM,True,71.78968806452953,64.03643480788735,80.0858037992771,85.95734985588429,125.95061337260145,80.50922643539337
REQ-00006,350,0.05,163.71868801116943,vit_b_16,0.6068316102027893,27.38999,WARM,True,88.7339919423819,80.98073868573974,97.03010767712948,102.90165373373667,142.89491725045383,97.45353031324575
REQ-00007,350,0.05,173.5976369380951,resnet101,0.39966389536857605,69.533281,WARM,True,105.67829582023428,97.92504256359211,113.97441155498186,119.84595761158906,159.8392211283062,114.39783419109814
REQ-00008,350,0.05,197.51731395721436,resnet34,0.7915937304496765,26.918068,WARM,True,122.62259969808666,114.86934644144449,130.91871543283423,136.79026148944143,176.78352500615858,131.3421380689505
REQ-00009,350,0.05,214.42562913894653,resnet34,0.9760227203369141,27.115065,WARM,True,139.56690357593902,131.81365031929687,147.8630193106866,153.73456536729378,193.72782888401096,148.2864419468029
REQ-00010,350,0.05,232.00521802902222,resnet101,0.3439367711544037,79.298411,WARM,True,156.5112074537914,148.75795419714925,164.807323188539,170.67886924514616,210.67213276186334,165.2307458246553
REQ-00012,350,0.05,242.94220805168152,resnet18,0.3629116714000702,0.876909,WARM,True,190.39981520949615,182.646561952854,198.69593094424374,204.56747700085091,244.5607405175681,199.11935358036
REQ-00011,350,0.05,247.91759204864502,vit_b_16,0.8922019004821777,27.145748,WARM,True,173.45551133164378,165.70225807500162,181.75162706639136,187.62317312299854,227.61643663971572,182.17504970250764
REQ-00013,350,0.05,249.82576417922974,resnet34,0.7686337232589722,26.911173,WARM,True,207.34411908734853,199.59086583070638,215.64023482209612,221.5117808787033,261.5050443954205,216.0636574582124
REQ-00014,350,0.05,253.78389811515808,resnet34,0.8316406011581421,26.390629,WARM,True,224.28842296520102,216.53516970855884,232.58453869994858,238.45608475655578,278.4493482732729,233.00796133606485
REQ-00000,600,0.05,78.59573197364807,resnet18,0.8819668292999268,7.825327,WARM,True,19.59928139467622,7.6850692855316405,26.903614333944635,37.75024383657274,67.79854144702908,27.37987011933719
REQ-00001,600,0.05,79.26044297218323,resnet18,0.6872579455375671,15.044541,WARM,True,19.59928139467622,7.6850692855316405,26.903614333944635,37.75024383657274,67.79854144702908,27.37987011933719
REQ-00002,600,0.05,98.13113498687744,mobilenet_v3_small,0.8490490317344666,5.022721,WARM,True,21.23255484423257,7.6850692855316405,26.903614333944635,40.89609748962047,73.44841990094817,27.37987011933719
REQ-00003,600,0.05,116.28133797645569,mobilenet_v3_small,0.701466977596283,19.579377,WARM,True,21.23255484423257,8.325491725992611,29.145582195106687,40.89609748962047,73.44841990094817,29.66152596261529
REQ-00004,600,0.05,134.40543389320374,resnet101,0.7288667559623718,79.504934,WARM,True,55.017500197318796,42.110437079078835,62.930527548192906,74.68104284270669,107.23336525403438,63.446471315701515
REQ-00005,600,0.05,144.3713207244873,resnet34,0.9523478150367737,26.446799,WARM,True,71.90997287386178,59.00290975562181,79.82300022473589,91.57351551924967,124.12583793057736,80.3389439922445
REQ-00006,600,0.05,166.34650707244873,mobilenet_v3_small,0.528745710849762,20.12072,WARM,True,88.80244555040474,75.8953824321648,96.71547290127887,108.46598819579265,141.01831060712033,97.23141666878749
REQ-00007,600,0.05,182.60064697265625,resnet34,0.8663527965545654,26.48092,WARM,True,105.69491822694775,92.78785510870779,113.60794557782187,125.35846087233566,157.91078328366336,114.12388934533047
REQ-00008,600,0.05,194.83380103111267,vit_b_16,0.8922019004821777,27.730255,WARM,True,122.58739090349073,109.68032778525078,130.50041825436486,142.25093354887863,174.80325596020634,131.01636202187348
REQ-00009,600,0.05,211.77241206169128,resnet34,0.621996283531189,26.731777,WARM,True,139.47986358003374,126.57280046179378,147.39289093090787,159.14340622542164,191.69572863674932,147.90883469841646
REQ-00010,600,0.05,228.50571489334106,resnet18,0.6008660793304443,14.446312,WARM,True,156.37233625657672,143.46527313833676,164.28536360745085,176.03587890196462,208.5882013132923,164.80130737495944
REQ-00011,600,0.05,238.69846296310425,vit_b_16,0.4504835903644562,26.975398,WARM,True,173.2648089331197,160.35774581487976,181.17783628399383,192.9283515785076,225.4806739898353,181.69378005150244
REQ-00013,600,0.05,250.29837012290955,vit_b_16,0.3994928002357483,26.897487,WARM,True,207.04975428620565,194.14269116796572,214.9627816370798,226.71329693159356,259.2656193429213,215.47872540458837
REQ-00012,600,0.05,251.38000512123108,vit_b_16,0.6802916526794434,27.158801,WARM,True,190.15728160966268,177.25021849142274,198.0703089605368,209.82082425505058,242.37314666637826,198.5862527280454
REQ-00014,600,0.05,252.36140608787537,vit_b_16,0.5521917939186096,27.086925,WARM,True,223.94222696274863,211.0351638445087,231.85525431362274,243.60576960813654,276.1580920194642,232.37119808113135
REQ-00000,800,0.05,79.3872880935669,resnet34,0.608904242515564,27.361538,WARM,True,18.897189865796403,10.538707261501699,26.814197692812094,34.913585200136296,68.81175670328622,27.23439126324252
REQ-00001,800,0.05,79.49825930595398,vit_b_16,0.6742470264434814,28.852584,WARM,True,18.897189865796403,10.538707261501699,26.814197692812094,34.913585200136296,68.81175670328622,27.23439126324252
REQ-00002,800,0.05,98.58394384384155,resnet18,0.9084355235099792,15.276241,WARM,True,18.897189865796403,10.538707261501699,26.814197692812094,34.913585200136296,68.81175670328622,29.503923868512732
REQ-00003,800,0.05,110.06883192062378,vit_b_16,0.756433367729187,27.49965,WARM,True,54.273730185558776,45.21870736423951,62.85048866482578,71.62482513109366,108.34784425950608,63.30569836612541
REQ-00004,800,0.05,132.96182775497437,resnet101,0.8583089709281921,78.400188,WARM,True,54.27373018555854,45.21870736423928,62.850488664825534,71.62482513109343,108.34784425950585,63.30569836612516
REQ-00005,800,0.05,145.40601086616516,resnet18,0.9161869883537292,14.105549,WARM,True,71.17461743436462,62.11959461304537,79.75137591363163,88.52571237989952,125.24873150831192,80.20658561493126
REQ-00006,800,0.05,164.4132478237152,resnet101,0.5928075313568115,78.039224,WARM,True,88.0755046831707,79.02048186185147,96.6522631624377,105.4265996287056,142.14961875711802,97.10747286373734
REQ-00007,800,0.05,176.82902717590332,vit_b_16,0.41177287697792053,27.656059,WARM,True,104.9763919319768,95.92136911065754,113.5531504112438,122.32748687751169,159.05050600592412,114.00836011254344
REQ-00008,800,0.05,193.38367104530334,vit_b_16,0.8761147856712341,27.24213,WARM,True,121.87727918078289,112.82225635946362,130.4540376600499,139.22837412631776,175.9513932547302,130.90924736134951
REQ-00009,800,0.05,211.65541577339172,mobilenet_v3_small,0.8373781442642212,19.900406,WARM,True,138.778166429589,129.7231436082697,147.35492490885596,156.1292613751239,192.8522805035363,147.81013461015561
REQ-00010,800,0.05,225.73876905441284,resnet34,0.5244585275650024,26.680635,WARM,True,155.67905367839506,146.6240308570758,164.2558121576621,173.03014862392996,209.75316775234236,164.71102185896171
REQ-00012,800,0.05,241.42092084884644,vit_b_16,0.5513214468955994,28.49821,WARM,True,189.4808281760073,180.42580535468804,198.05758665527426,206.8319231215422,243.5549422499546,198.51279635657392
REQ-00011,800,0.05,242.4379699230194,vit_b_16,0.8757611513137817,25.913186,WARM,True,172.57994092720116,163.5249181058819,181.15669940646816,189.93103587273603,226.65405500114846,181.6119091077678
REQ-00013,800,0.05,248.52589988708496,vit_b_16,0.8190112709999084,26.150369,WARM,True,206.3817154248134,197.3266926034941,214.9584739040804,223.73281037034826,260.4558294987607,215.41368360538002
REQ-00014,800,0.05,249.30438876152039,vit_b_16,0.7935886383056641,26.567454,WARM,True,223.28260267361958,214.22757985230032,231.85936115288655,240.63369761915447,277.35671674756685,232.3145708541862
REQ-00000,900,0.05,78.91917490959167,resnet34,0.5470242500305176,26.885519,WARM,True,19.422647977009756,12.829154630900144,26.258379073946763,32.93150769675387,67.28985617779765,27.26388956150274
REQ-00001,900,0.05,78.89013886451721,resnet34,0.8101890087127686,26.077867,WARM,True,19.422647977009756,12.829154630900144,26.258379073946763,32.93150769675387,67.28985617779765,27.26388956150274
REQ-00002,900,0.05,102.195552110672,vit_b_16,0.542755126953125,27.235004,WARM,True,19.422647977009756,12.829154630900144,26.258379073946763,32.93150769675387,67.28985617779765,27.26388956150274
REQ-00003,900,0.05,112.9306480884552,resnet34,0.6411483883857727,26.766375,WARM,True,21.0412019750939,13.898250850141823,28.446577330108994,35.67580000481669,72.89734419261411,29.535880358294634
REQ-00004,900,0.05,131.74578833580017,resnet34,0.8773828148841858,27.342283,WARM,True,54.623711093605834,47.48075996865375,62.02908644862092,69.25830912332862,106.47985331112605,63.11838947680656
REQ-00005,900,0.05,151.86224699020386,mobilenet_v3_small,0.5864293575286865,20.200488,WARM,True,71.41496565286168,64.2720145279096,78.82034100787678,86.04956368258448,123.2711078703819,79.90964403606242
REQ-00006,900,0.05,162.80106401443481,resnet18,0.6850298047065735,3.59531,WARM,True,88.20622021211753,81.06326908716545,95.61159556713262,102.84081824184034,140.06236242963774,96.70089859531828
REQ-00008,900,0.05,180.37366199493408,resnet18,0.5933114290237427,3.734959,WARM,True,121.78872933062925,114.64577820567717,129.19410468564433,136.42332736035203,173.64487154814947,130.28340771382997
REQ-00007,900,0.05,180.75107312202454,resnet34,0.7511162757873535,26.6731,WARM,True,104.99747477137339,97.85452364642131,112.40285012638847,119.63207280109617,156.8536169888936,113.49215315457411
REQ-00009,900,0.05,211.38300585746765,mobilenet_v3_small,0.8046932220458984,20.465324,WARM,True,138.5799838898851,131.43703276493304,145.9853592449002,153.2145819196079,190.43612610740533,147.07466227308583
REQ-00010,900,0.05,230.59982800483704,vit_b_16,0.6802916526794434,27.108943,WARM,True,155.37123844914095,148.22828732418887,162.77661380415603,170.00583647886376,207.2273806666612,163.8659168323417
REQ-00011,900,0.05,243.25869512557983,vit_b_16,0.8570523262023926,27.901487,WARM,True,172.1624930083968,165.01954188344476,179.56786836341192,186.79709103811962,224.01863522591705,180.65717139159756
REQ-00012,900,0.05,243.21476197242737,resnet34,0.7142082452774048,26.68762,WARM,True,188.95374756765267,181.81079644270062,196.35912292266778,203.58834559737548,240.8098897851729,197.44842595085342
REQ-00014,900,0.05,252.93703889846802,resnet18,0.4927197992801666,5.734268,WARM,True,222.53625668616434,215.39330556121226,229.94163204117945,237.17085471588712,274.3923989036846,231.03093506936506
REQ-00013,900,0.05,253.00085401535034,vit_b_16,0.6870435476303101,26.782903,WARM,True,205.74500212690853,198.60205100195645,213.15037748192364,220.37960015663134,257.60114434442875,214.23968051010928

