REQ-00000,500000,2000,0.8437230587005615,3.0994415283203125e-06,"['vit_b_16', 'resnet101', 'resnet50']",leatherback_turtle,0.9958985447883606,online_weighted,843.4098339639604,True,n01665541,3.0,,,,leatherback_turtle,leatherback_turtle,leatherback_turtle,-1.0,-1.0,-1.0,0.9905745387077332,0.9958985447883606,0.8651425242424011,0.05362208148247577,0.08495863487552871,0.11782142113426566,0.325136981081224,0.7180095039079923,0.41966583401490054,greedy
REQ-00000,500000,2000,0.8070061206817627,1.9073486328125e-06,"['vit_b_16', 'resnet101', 'resnet50']",chickadee,0.9999721050262451,online_weighted,806.3832919578999,True,n01592084,3.0,,,,chickadee,chickadee,chickadee,-1.0,-1.0,-1.0,0.9999191761016846,0.9999721050262451,0.900912880897522,0.05362208148247577,0.08495863487552871,0.11782142113426566,0.3087651829731016,0.664859153517193,0.40004925061341046,greedy
REQ-00004,500000,2000,178.00862312316895,4.857945919036865,"['vit_b_16', 'resnet101', 'resnet50']",common_newt,0.8925168514251709,online_weighted,178009.27533302456,True,n01630670,3.0,,,,common_newt,common_newt,common_newt,-1.0,-1.0,-1.0,0.7815166115760803,0.7309257388114929,0.8925168514251709,0.0,0.0,0.0,0.0,0.0,0.0,greedy
REQ-00000,500000,2000,183.2115137577057,2.86102294921875e-06,"['vit_b_16', 'resnet101', 'resnet50']",snail,0.9235971570014954,online_weighted,183212.26458298042,True,n01944390,3.0,,,,snail,butternut_squash,snail,-1.0,-1.0,-1.0,0.41508981585502625,0.3768020272254944,0.9235971570014954,0.0,0.0,0.0,0.0,0.0,0.0,greedy
REQ-00005,500000,2000,181.60944986343384,6.5123419761657715,"['vit_b_16', 'resnet101', 'resnet50']",tarantula,0.9743015766143799,online_weighted,181610.17875000834,True,n01774750,3.0,,,,tarantula,tarantula,tarantula,-1.0,-1.0,-1.0,0.9743015766143799,0.9973763227462769,0.8470712304115295,0.0,0.0,0.0,0.0,0.0,0.0,greedy
REQ-00003,500000,2000,188.8479359149933,4.34810996055603,"['vit_b_16', 'resnet101', 'resnet50']",hornbill,0.9999314546585083,online_weighted,188848.31754188053,True,n01829413,3.0,,,,hornbill,hornbill,hornbill,-1.0,-1.0,-1.0,0.9999314546585083,0.9999953508377075,0.8936607837677002,0.0,0.0,0.0,0.0,0.0,0.0,greedy
REQ-00001,500000,2000,201.45251369476318,2.360875129699707,"['vit_b_16', 'resnet101', 'resnet50']",common_iguana,0.9878695607185364,online_weighted,201452.43329182267,True,n01677366,3.0,,,,common_iguana,common_iguana,common_iguana,-1.0,-1.0,-1.0,0.9878695607185364,0.7246394753456116,0.8804377913475037,0.0,0.0,0.0,0.0,0.0,0.0,greedy
REQ-00002,500000,2000,200.92851901054382,2.930457830429077,"['vit_b_16', 'resnet101', 'resnet50']",common_iguana,0.9976416826248169,online_weighted,200926.12620908767,True,n01677366,3.0,,,,common_iguana,common_iguana,common_iguana,-1.0,-1.0,-1.0,0.9976416826248169,0.9880457520484924,0.9133833646774292,0.0,0.0,0.0,0.0,0.0,0.0,greedy
REQ-00001,500000,2000,84.26768827438354,2.4252731800079346,"['mobilenet_v3_small', 'resnet34', 'resnet18']",bald_eagle,0.998555600643158,online_weighted,84267.82112498768,True,n01614925,3.0,bald_eagle,bald_eagle,,,,,0.998555600643158,0.9935746788978577,-1.0,-1.0,-1.0,-1.0,0.0,0.0,0.0,-1.0,-1.0,-1.0,greedy
REQ-00003,500000,2000,79.43468117713928,9.738859176635742,"['mobilenet_v3_small', 'resnet34', 'resnet18']",sea_lion,0.9836353063583374,online_weighted,79434.97604201548,True,n02077923,3.0,sea_lion,sea_lion,,,,,0.7593984007835388,0.9836353063583374,-1.0,-1.0,-1.0,-1.0,0.0,0.0,0.0,-1.0,-1.0,-1.0,greedy
REQ-00000,500000,2000,89.18712210655212,2.1457672119140625e-06,"['mobilenet_v3_small', 'resnet34', 'resnet18']",goldfinch,0.9978039860725403,online_weighted,89187.42054118775,True,n01531178,3.0,goldfinch,goldfinch,,,,,0.9978039860725403,0.8173872828483582,-1.0,-1.0,-1.0,-1.0,0.0,0.0,0.0,-1.0,-1.0,-1.0,greedy
REQ-00002,500000,2000,82.8101921081543,6.388360023498535,"['mobilenet_v3_small', 'resnet34', 'resnet18']",green_snake,0.7110981941223145,online_weighted,82810.04966702312,True,n01729977,3.0,green_snake,green_snake,,,,,0.6391488909721375,0.7110981941223145,-1.0,-1.0,-1.0,-1.0,0.0,0.0,0.0,-1.0,-1.0,-1.0,greedy
REQ-00000,500000,2000,8.664332151412964,2.1457672119140625e-06,"['mobilenet_v3_small', 'resnet34', 'resnet18']",coucal,0.9998501539230347,online_weighted,8664.019333897159,True,n01824575,3.0,coucal,coucal,,,,,0.9998501539230347,0.9997130036354065,-1.0,-1.0,-1.0,-1.0,0.0,0.0,0.0,-1.0,-1.0,-1.0,greedy
REQ-00001,500000,2000,9.254979133605957,0.8511092662811279,"['mobilenet_v3_small', 'resnet34', 'resnet18']",hammerhead,0.6974666714668274,online_weighted,9254.731999943033,False,n01491361,3.0,hammerhead,hammerhead,,,,,0.6974666714668274,0.5814765691757202,-1.0,-1.0,-1.0,-1.0,0.054191,0.0,0.0,-1.0,-1.0,-1.0,greedy
REQ-00002,500000,2000,8.111909866333008,2.0147929191589355,"['mobilenet_v3_small', 'resnet34', 'resnet18']",agama,0.9957731366157532,online_weighted,8111.864457838237,True,n01687978,3.0,agama,agama,,,,,0.9954375624656677,0.9957731366157532,-1.0,-1.0,-1.0,-1.0,0.053646000000000006,0.0,0.0,-1.0,-1.0,-1.0,greedy
REQ-00003,500000,2000,7.315530061721802,2.8220841884613037,"['mobilenet_v3_small', 'resnet34', 'resnet18']",common_iguana,0.9323063492774963,online_weighted,7315.4724589549005,True,n01677366,3.0,common_iguana,common_iguana,,,,,0.7990189790725708,0.9323063492774963,-1.0,-1.0,-1.0,-1.0,0.052464800000000006,0.0,0.0,-1.0,-1.0,-1.0,greedy
REQ-00006,500000,2000,8.318811178207397,8.706314086914062,"['mobilenet_v3_small', 'resnet34', 'resnet18']",thunder_snake,0.604170024394989,online_weighted,8318.465542048216,True,n01728572,3.0,thunder_snake,thunder_snake,,,,,0.5408824682235718,0.604170024394989,-1.0,-1.0,-1.0,-1.0,0.05396497920000001,0.0791798,5.073341152000001,-1.0,-1.0,-1.0,greedy
REQ-00004,500000,2000,15.02515697479248,4.90046501159668,"['mobilenet_v3_small', 'resnet34', 'resnet18']",garter_snake,0.9999876022338867,online_weighted,15024.93358287029,True,n01735189,3.0,garter_snake,garter_snake,,,,,0.9988211989402771,0.9999876022338867,-1.0,-1.0,-1.0,-1.0,0.05126532000000001,0.0,5.0736122,-1.0,-1.0,-1.0,greedy
REQ-00005,500000,2000,13.521809816360474,7.169238090515137,"['mobilenet_v3_small', 'resnet34', 'resnet18']",frilled_lizard,0.5295299887657166,online_weighted,13520.584749989212,False,n01774750,3.0,tailed_frog,frilled_lizard,,,,,0.2668556571006775,0.5295299887657166,-1.0,-1.0,-1.0,-1.0,0.05126532000000001,0.0,5.0736122,-1.0,-1.0,-1.0,greedy
REQ-00000,500000,2000,2.1196160316467285,4.291534423828125e-06,"['mobilenet_v3_small', 'resnet34', 'resnet18']",dungeness_crab,0.9993993043899536,online_weighted,2118.869666941464,True,n01978287,3.0,dungeness_crab,dungeness_crab,dungeness_crab,,,,0.9894340634346008,0.9998878240585327,0.9993993043899536,-1.0,-1.0,-1.0,0.046680986209068,0.11062479410468809,0.4782492445826299,-1.0,-1.0,-1.0,greedy
REQ-00000,500000,2000,9.71680212020874,1.9073486328125e-06,"['mobilenet_v3_small', 'resnet34', 'resnet18']",conch,0.7478828430175781,online_weighted,9716.709750005975,False,n01944390,3.0,isopod,isopod,conch,,,,0.5437183380126953,0.5992854237556458,0.7478828430175781,-1.0,-1.0,-1.0,0.0473594875881612,0.10996171469421928,0.44517962012436696,-1.0,-1.0,-1.0,greedy
REQ-00002,500000,2000,6.8789238929748535,5.164245843887329,"['mobilenet_v3_small', 'resnet34', 'resnet18']",scorpion,0.9984398484230042,online_weighted,6878.79754207097,True,n01770393,3.0,scorpion,scorpion,scorpion,,,,0.9997817873954773,0.9997392296791077,0.9984398484230042,-1.0,-1.0,-1.0,0.06096322494641058,0.10996171469421928,0.44517962012436696,-1.0,-1.0,-1.0,greedy
REQ-00003,500000,2000,5.753177165985107,7.0344109535217285,"['mobilenet_v3_small', 'resnet34', 'resnet18']",nematode,0.9157953858375549,online_weighted,5752.917417092249,True,n01930112,3.0,nematode,nematode,nematode,,,,0.9157953858375549,0.8794307708740234,0.45783647894859314,-1.0,-1.0,-1.0,0.06227290245176952,0.10975584322479735,0.43702836230073727,-1.0,-1.0,-1.0,greedy
REQ-00001,500000,2000,53.18650507926941,2.2504501342773438,"['mobilenet_v3_small', 'resnet34', 'resnet18']",sea_anemone,0.785308837890625,online_weighted,53185.95249997452,True,n01914609,3.0,sea_anemone,sea_anemone,sea_anemone,,,,0.3461228013038635,0.814333975315094,0.785308837890625,-1.0,-1.0,-1.0,0.0473594875881612,0.10996171469421928,0.44517962012436696,-1.0,-1.0,-1.0,greedy
REQ-00000,500000,2000,2.910297155380249,1.9073486328125e-06,"['vit_b_16', 'resnet101', 'resnet50']",chiton,0.991583526134491,online_weighted,2910.086042014882,True,n01955084,3.0,,,,chiton,chiton,chiton,-1.0,-1.0,-1.0,0.8359914422035217,0.991583526134491,0.9108778238296509,0.13573911220659257,0.11905665071087727,4.649148573463597,0.16895341121324248,0.3337983560167485,0.25871552232478523,greedy
REQ-00001,500000,2000,3.0866479873657227,1.086859941482544,"['vit_b_16', 'resnet101', 'resnet50']",rock_crab,0.985235333442688,online_weighted,3084.2203749343753,True,n01978455,3.0,,,,rock_crab,rock_crab,rock_crab,-1.0,-1.0,-1.0,0.985235333442688,0.9760618209838867,0.8984298706054688,0.13573911220659257,0.11905665071087727,4.649148573463597,0.16895341121324248,0.3337983560167485,0.25871552232478523,greedy
REQ-00005,500000,2000,18.356969118118286,8.301372051239014,"['vit_b_16', 'resnet101', 'resnet50']",conch,0.9991796612739563,online_weighted,18356.28308285959,True,n01943899,3.0,,,,conch,conch,conch,-1.0,-1.0,-1.0,0.9991796612739563,0.9985418319702148,0.9029901623725891,0.13573911220659257,0.11905665071087727,4.649148573463597,0.17090495308272644,0.3516983783735663,0.36624408877476844,greedy
REQ-00004,500000,2000,24.777040243148804,7.2389609813690186,"['vit_b_16', 'resnet101', 'resnet50']",hermit_crab,0.9911701679229736,online_weighted,24776.94825013168,True,n01986214,3.0,,,,hermit_crab,hermit_crab,hermit_crab,-1.0,-1.0,-1.0,0.9911701679229736,0.9998537302017212,0.8872926831245422,0.13573911220659257,0.11905665071087727,4.649148573463597,0.17090495308272644,0.3516983783735663,0.36624408877476844,greedy
REQ-00003,500000,2000,28.77713894844055,6.274429082870483,"['vit_b_16', 'resnet101', 'resnet50']",spotted_salamander,0.9709997773170471,online_weighted,28777.11687493138,True,n01632458,3.0,,,,spotted_salamander,spotted_salamander,spotted_salamander,-1.0,-1.0,-1.0,0.9709997773170471,0.9769534468650818,0.8565837144851685,0.13573911220659257,0.11905665071087727,4.649148573463597,0.17090495308272644,0.3516983783735663,0.36624408877476844,greedy
REQ-00002,500000,2000,29.601001024246216,5.5215840339660645,"['vit_b_16', 'resnet101', 'resnet50']",black_widow,0.9969649910926819,online_weighted,29599.163291044533,True,n01774384,3.0,,,,black_widow,black_widow,black_widow,-1.0,-1.0,-1.0,0.9969649910926819,0.9992045760154724,0.8790539503097534,0.13573911220659257,0.11905665071087727,4.649148573463597,0.17090495308272644,0.3516983783735663,0.38868454308307604,greedy
REQ-00000,500000,2000,4.913475036621094,3.0994415283203125e-06,"['vit_b_16', 'resnet101', 'resnet50']",goldfinch,0.9620311856269836,online_weighted,4912.81812498346,True,n01531178,3.0,,,,goldfinch,goldfinch,goldfinch,-1.0,-1.0,-1.0,0.9620311856269836,0.9470565915107727,0.890255868434906,0.13573911220659257,0.11905665071087727,4.649148573463597,0.29840237951757687,5.892875008950897,2.9673239417168067,greedy
REQ-00003,500000,2000,2.6568820476531982,8.690604209899902,"['vit_b_16', 'resnet101', 'resnet50']",goldfinch,0.9995014667510986,online_weighted,2656.6847080830485,True,n01531178,3.0,,,,goldfinch,goldfinch,goldfinch,-1.0,-1.0,-1.0,0.9995014667510986,0.9997227787971497,0.8867718577384949,0.13573911220659257,0.11905665071087727,4.649148573463597,0.2889208415658192,5.423291708055808,2.762155247545126,greedy
REQ-00002,500000,2000,26.30446696281433,8.271695852279663,"['vit_b_16', 'resnet101', 'resnet50']",water_ouzel,0.9991866946220398,online_weighted,26302.974291844293,True,n01601694,3.0,,,,water_ouzel,water_ouzel,water_ouzel,-1.0,-1.0,-1.0,0.9991866946220398,0.9931961297988892,0.9082247614860535,0.13573911220659257,0.11905665071087727,4.649148573463597,0.2889208415658192,5.423291708055808,2.762155247545126,greedy
REQ-00001,500000,2000,26.632028102874756,7.9829840660095215,"['vit_b_16', 'resnet101', 'resnet50']",american_alligator,0.9893727898597717,online_weighted,26629.104833118618,True,n01698640,3.0,,,,american_alligator,american_alligator,american_alligator,-1.0,-1.0,-1.0,0.7780433893203735,0.9893727898597717,0.8796685338020325,0.13573911220659257,0.11905665071087727,4.649148573463597,0.2889208415658192,5.423291708055808,2.762155247545126,greedy
REQ-00000,500000,2000,10.202342748641968,1.9073486328125e-06,"['vit_b_16', 'resnet101', 'resnet50']",spoonbill,0.9998800754547119,online_weighted,10202.104292111471,True,n02006656,3.0,,,,spoonbill,spoonbill,spoonbill,-1.0,-1.0,-1.0,0.9998800754547119,0.9999727010726929,0.8844923973083496,0.13573911220659257,0.11905665071087727,4.649148573463597,0.9648087785014823,7.211969761172685,3.0944165814603974,greedy
REQ-00003,500000,2000,43.29065704345703,8.192148208618164,"['vit_b_16', 'resnet101', 'resnet50']",wombat,0.9280575513839722,online_weighted,43290.54854204878,True,n01883070,3.0,,,,wombat,wombat,wombat,-1.0,-1.0,-1.0,0.895217776298523,0.9280575513839722,0.90558922290802,0.13573911220659257,0.11905665071087727,4.649148573463597,0.9648087785014823,6.776580785055416,2.807030223314358,greedy
REQ-00001,500000,2000,51.05434608459473,2.201651096343994,"['vit_b_16', 'resnet101', 'resnet50']",crane,0.9975179433822632,online_weighted,51054.10341708921,True,n02012849,3.0,,,,crane,crane,crane,-1.0,-1.0,-1.0,0.9975179433822632,0.9995321035385132,0.8954526782035828,0.13573911220659257,0.11905665071087727,4.649148573463597,0.9648087785014823,7.211969761172685,3.0944165814603974,greedy
REQ-00002,500000,2000,50.52726101875305,3.2479970455169678,"['vit_b_16', 'resnet101', 'resnet50']",chickadee,0.999478280544281,online_weighted,50525.05145804025,True,n01592084,3.0,,,,chickadee,chickadee,chickadee,-1.0,-1.0,-1.0,0.999478280544281,0.9998683929443359,0.8770257830619812,0.13573911220659257,0.11905665071087727,4.649148573463597,0.9648087785014823,7.211969761172685,2.807030223314358,greedy
REQ-00000,500000,2000,2.1957340240478516,1.9073486328125e-06,"['vit_b_16', 'resnet101', 'resnet50']",common_iguana,0.36698833107948303,online_weighted,2189.6361249964684,True,n01677366,3.0,,,,agama,agama,common_iguana,-1.0,-1.0,-1.0,0.17542222142219543,0.44447335600852966,0.36698833107948303,0.04631901138219268,0.09193606953801267,0.28665319707795156,0.21127654873749402,0.8428073298289261,0.4203856539582547,greedy
REQ-00001,500000,2000,1.368190050125122,2.3835010528564453,"['vit_b_16', 'resnet101', 'mobilenet_v3_small']",hermit_crab,0.9986358284950256,online_weighted,1367.660416988656,True,n01986214,3.0,hermit_crab,,,,hermit_crab,hermit_crab,0.9505602717399597,-1.0,-1.0,-1.0,0.9986358284950256,0.874789834022522,0.04631901138219268,0.09193606953801267,0.28665319707795156,0.21015209386374462,0.8084874968460335,0.3958973885624293,greedy
REQ-00002,500000,2000,1.5737791061401367,4.319086074829102,"['vit_b_16', 'resnet101', 'mobilenet_v3_small']",hen,0.998204231262207,online_weighted,1573.1694579590112,True,n01514859,3.0,hen,,,,hen,hen,0.9935556054115295,-1.0,-1.0,-1.0,0.998204231262207,0.9043107628822327,0.04577971024397341,0.09193606953801267,0.28665319707795156,0.21015209386374462,0.7941162471614301,0.3831731497061864,greedy
REQ-00007,500000,2000,10.000179767608643,8.583467960357666,"['vit_b_16', 'resnet101', 'mobilenet_v3_small']",black_widow,0.9861289858818054,online_weighted,10000.104750040919,True,n01774384,3.0,tarantula,,,,black_widow,black_widow,0.4373972713947296,-1.0,-1.0,-1.0,0.9861289858818054,0.8552924990653992,0.047845839219576074,0.09193606953801267,0.28665319707795156,0.21015209386374462,0.7608959224452871,0.369070791262011,greedy
REQ-00004,500000,2000,11.54567289352417,7.9820170402526855,"['vit_b_16', 'resnet101', 'mobilenet_v3_small']",pelican,0.9999397993087769,online_weighted,11545.627542072907,True,n02051845,3.0,pelican,,,,pelican,pelican,0.9991581439971924,-1.0,-1.0,-1.0,0.9999397993087769,0.861112117767334,0.047845839219576074,0.09193606953801267,0.28665319707795156,0.21015209386374462,0.7608959224452871,0.369070791262011,greedy
REQ-00003,500000,2000,15.7972412109375,7.443363904953003,"['vit_b_16', 'resnet101', 'mobilenet_v3_small']",goldfish,0.918841540813446,online_weighted,15796.983625041321,True,n01443537,3.0,goldfish,,,,goldfish,goldfish,0.9993851184844971,-1.0,-1.0,-1.0,0.9942625164985657,0.918841540813446,0.047845839219576074,0.09193606953801267,0.28665319707795156,0.21015209386374462,0.7608959224452871,0.39052243473556775,greedy
REQ-00005,500000,2000,24.776787042617798,8.179490089416504,"['vit_b_16', 'resnet101', 'mobilenet_v3_small']",green_mamba,0.7518811821937561,online_weighted,24776.635125046596,True,n01749939,3.0,mantis,,,,green_mamba,green_mamba,0.3247295618057251,-1.0,-1.0,-1.0,0.6776054501533508,0.7518811821937561,0.047845839219576074,0.09193606953801267,0.28665319707795156,0.21015209386374462,0.7608959224452871,0.369070791262011,greedy
REQ-00006,500000,2000,25.74162793159485,8.432806015014648,"['vit_b_16', 'resnet101', 'mobilenet_v3_small']",common_newt,0.8658565878868103,online_weighted,25741.20554095134,True,n01630670,3.0,common_newt,,,,common_newt,common_newt,0.8039212822914124,-1.0,-1.0,-1.0,0.8487434983253479,0.8658565878868103,0.047845839219576074,0.09193606953801267,0.28665319707795156,0.21015209386374462,0.7608959224452871,0.369070791262011,greedy
REQ-00002,500000,2000,13.454249143600464,3.935619831085205,"['vit_b_16', 'resnet101', 'resnet50']",indigo_bunting,0.9026119112968445,online_weighted,13454.206666909158,True,n01537544,3.0,,,,indigo_bunting,indigo_bunting,indigo_bunting,-1.0,-1.0,-1.0,0.9920184016227722,0.8599082827568054,0.9026119112968445,0.06543206832076749,0.09193606953801267,0.28665319707795156,0.21015209386374462,3.611098071554718,3.8361308331470063,greedy
REQ-00001,500000,2000,49.417689085006714,2.1258487701416016,"['vit_b_16', 'resnet101', 'resnet50']",night_snake,0.8421964049339294,online_weighted,49417.53879212774,True,n01740131,3.0,,,,hognose_snake,night_snake,night_snake,-1.0,-1.0,-1.0,0.398642897605896,0.3375890552997589,0.8421964049339294,0.06543206832076749,0.09193606953801267,0.28665319707795156,0.21015209386374462,3.611098071554718,3.8361308331470063,greedy
REQ-00000,500000,2000,63.62701892852783,1.9073486328125e-06,"['vit_b_16', 'resnet101', 'resnet50']",coucal,0.9999732971191406,online_weighted,63626.99174997397,True,n01824575,3.0,,,,coucal,coucal,coucal,-1.0,-1.0,-1.0,0.9947317838668823,0.9999732971191406,0.9038146138191223,0.06543206832076749,0.09193606953801267,0.28665319707795156,0.21015209386374462,3.611098071554718,3.8361308331470063,greedy
REQ-00004,500000,2000,56.15698790550232,9.774882793426514,"['vit_b_16', 'resnet101', 'resnet50']",vine_snake,0.9601002335548401,online_weighted,56157.022166997194,True,n01739381,3.0,,,,vine_snake,vine_snake,vine_snake,-1.0,-1.0,-1.0,0.9411410093307495,0.9601002335548401,0.8066299557685852,0.06543206832076749,0.09193606953801267,0.28665319707795156,0.21015209386374462,4.038914767959322,4.728368010227752,greedy
REQ-00003,500000,2000,61.85518503189087,4.088936805725098,"['vit_b_16', 'resnet101', 'resnet50']",wallaby,0.9382632374763489,online_weighted,61854.82770809904,True,n01877812,3.0,,,,wallaby,wallaby,wallaby,-1.0,-1.0,-1.0,0.14834383130073547,0.21032781898975372,0.9382632374763489,0.06543206832076749,0.09193606953801267,0.28665319707795156,0.21015209386374462,3.611098071554718,3.8361308331470063,greedy
REQ-00001,500000,2000,1.3848249912261963,0.8038628101348877,"['vit_b_16', 'resnet101', 'resnet50']",black_grouse,0.9988555908203125,online_weighted,1384.6700838766992,True,n01795545,3.0,,,,black_grouse,black_grouse,black_grouse,-1.0,-1.0,-1.0,0.9996687173843384,0.9988555908203125,0.867200493812561,0.06543206832076749,0.09193606953801267,0.28665319707795156,2.716840185895603,8.894504399842347,3.9389334882844786,greedy
REQ-00000,500000,2000,2.7246170043945312,2.86102294921875e-06,"['vit_b_16', 'resnet101', 'resnet50']",albatross,0.9968457818031311,online_weighted,2722.61070786044,True,n02058221,3.0,,,,albatross,albatross,albatross,-1.0,-1.0,-1.0,0.952999472618103,0.9968457818031311,0.8893882036209106,0.06543206832076749,0.09193606953801267,0.28665319707795156,2.716840185895603,8.894504399842347,4.357495209204976,greedy
REQ-00002,500000,2000,14.173957824707031,4.662883758544922,"['vit_b_16', 'resnet101', 'resnet50']",spotted_salamander,0.952368974685669,online_weighted,14173.779541160911,True,n01632458,3.0,,,,spotted_salamander,spotted_salamander,spotted_salamander,-1.0,-1.0,-1.0,0.9294606447219849,0.9842008948326111,0.952368974685669,0.06543206832076749,0.09193606953801267,0.28665319707795156,2.2619241705754387,7.2569138838723015,3.5647618394560308,greedy
REQ-00007,500000,2000,12.52380895614624,9.413335800170898,"['vit_b_16', 'resnet101', 'resnet50']",great_grey_owl,0.9945574998855591,online_weighted,12523.637999780476,True,n01622779,3.0,,,,great_grey_owl,great_grey_owl,great_grey_owl,-1.0,-1.0,-1.0,0.9984897375106812,0.9945574998855591,0.8896301984786987,0.06543206832076749,0.09193606953801267,0.28665319707795156,2.2619241705754387,7.2569138838723015,2.6585084729634465,greedy
REQ-00006,500000,2000,19.533006191253662,7.6961588859558105,"['vit_b_16', 'resnet101', 'resnet50']",black_swan,0.8872637748718262,online_weighted,19532.907207962126,True,n01860187,3.0,,,,black_swan,black_swan,black_swan,-1.0,-1.0,-1.0,0.9984862804412842,0.9611131548881531,0.8872637748718262,0.06543206832076749,0.09193606953801267,0.28665319707795156,2.2619241705754387,7.2569138838723015,2.6585084729634465,greedy
REQ-00004,500000,2000,24.41586399078369,5.919997930526733,"['vit_b_16', 'resnet101', 'resnet50']",bee_eater,0.999797523021698,online_weighted,24415.832542115822,True,n01828970,3.0,,,,bee_eater,bee_eater,bee_eater,-1.0,-1.0,-1.0,0.9991974234580994,0.999797523021698,0.8828091621398926,0.06543206832076749,0.09193606953801267,0.28665319707795156,2.2619241705754387,7.2569138838723015,3.2271938555104276,greedy
REQ-00003,500000,2000,31.414506912231445,4.833863973617554,"['vit_b_16', 'resnet101', 'resnet50']",bulbul,0.9991083741188049,online_weighted,31414.332582848147,True,n01560419,3.0,,,,bulbul,bulbul,bulbul,-1.0,-1.0,-1.0,0.9893366098403931,0.9991083741188049,0.8909793496131897,0.06543206832076749,0.09193606953801267,0.28665319707795156,2.2619241705754387,7.2569138838723015,3.5647618394560308,greedy
REQ-00005,500000,2000,29.752227067947388,7.104560852050781,"['vit_b_16', 'resnet101', 'resnet50']",tick,0.909796953201294,online_weighted,29750.167208025232,True,n01776313,3.0,,,,tick,tick,tick,-1.0,-1.0,-1.0,0.8568728566169739,0.7798768281936646,0.909796953201294,0.06543206832076749,0.09193606953801267,0.28665319707795156,2.2619241705754387,7.2569138838723015,2.9278729699593846,greedy





REQ-00000,500000,2000,19.935385942459106,3.0994415283203125e-06,"['vit_b_16', 'resnet101', 'resnet50']",whiptail,0.8824087381362915,online_weighted,19935.27541682124,True,n01685808,3.0,,,,whiptail,whiptail,whiptail,-1.0,-1.0,-1.0,0.8903252482414246,0.8744755387306213,0.8824087381362915,0.06543206832076749,0.09193606953801267,0.28665319707795156,1.7085557481547813,10.71991512992498,4.666968530790353,greedy
REQ-00003,500000,2000,72.21154618263245,7.55092716217041,"['vit_b_16', 'resnet101', 'resnet50']",white_stork,0.9933410286903381,online_weighted,72211.50058298372,True,n02002556,3.0,,,,white_stork,white_stork,white_stork,-1.0,-1.0,-1.0,0.9898279905319214,0.9933410286903381,0.854171633720398,0.06543206832076749,0.09193606953801267,0.28665319707795156,1.7085557481547813,9.771595816932482,4.101568519940186,greedy
REQ-00002,500000,2000,104.81375813484192,4.33974814414978,"['vit_b_16', 'resnet101', 'resnet50']",chambered_nautilus,0.9999529123306274,online_weighted,104813.62474989146,True,n01968897,3.0,,,,chambered_nautilus,chambered_nautilus,chambered_nautilus,-1.0,-1.0,-1.0,0.9998906850814819,0.9999529123306274,0.9034025073051453,0.06543206832076749,0.09193606953801267,0.28665319707795156,1.7085557481547813,9.771595816932482,4.217838577711318,greedy
REQ-00004,500000,2000,104.95335102081299,8.52266812324524,"['vit_b_16', 'resnet101', 'resnet50']",chickadee,0.9995396137237549,online_weighted,104953.13699985854,True,n01592084,3.0,,,,chickadee,chickadee,chickadee,-1.0,-1.0,-1.0,0.9997790455818176,0.9995396137237549,0.8982469439506531,0.06543206832076749,0.09193606953801267,0.28665319707795156,1.7085557481547813,9.771595816932482,3.7592372679461676,greedy
REQ-00001,500000,2000,110.58559894561768,2.912252902984619,"['vit_b_16', 'resnet101', 'resnet50']",barn_spider,0.891386866569519,online_weighted,110585.68562520668,True,n01773549,3.0,,,,barn_spider,barn_spider,barn_spider,-1.0,-1.0,-1.0,0.8583047389984131,0.9409919381141663,0.891386866569519,0.06543206832076749,0.09193606953801267,0.28665319707795156,1.7085557481547813,10.71991512992498,4.217838577711318,greedy
REQ-00006,500000,2000,119.45132493972778,11.687000036239624,"['vit_b_16', 'resnet101', 'resnet50']",green_lizard,0.7171624898910522,online_weighted,119451.43783418462,True,n01693334,3.0,,,,green_lizard,green_lizard,green_lizard,-1.0,-1.0,-1.0,0.5827524065971375,0.6685391068458557,0.7171624898910522,0.06543206832076749,0.09193606953801267,0.28665319707795156,1.7085557481547813,9.771595816932482,4.170088141151551,greedy
REQ-00005,500000,2000,122.55123710632324,10.047487020492554,"['vit_b_16', 'resnet101', 'resnet50']",spiny_lobster,0.9912575483322144,online_weighted,122551.22579098679,True,n01984695,3.0,,,,spiny_lobster,spiny_lobster,spiny_lobster,-1.0,-1.0,-1.0,0.7125161290168762,0.9912575483322144,0.7601112723350525,0.06543206832076749,0.09193606953801267,0.28665319707795156,1.7085557481547813,9.771595816932482,3.7592372679461676,greedy
REQ-00008,500000,2000,117.76431512832642,14.857666015625,"['vit_b_16', 'resnet101', 'resnet50']",bittern,0.7641195058822632,online_weighted,117764.23470885493,True,n02011460,3.0,,,,crane,bittern,bittern,-1.0,-1.0,-1.0,0.33693617582321167,0.26340532302856445,0.7641195058822632,7.622630217976349,7.651342885961697,7.862286440796632,9.402680871129864,18.137640945639042,12.06934096354303,greedy
REQ-00007,500000,2000,135.21699595451355,12.833453178405762,"['vit_b_16', 'resnet101', 'resnet50']",black_and_gold_garden_spider,0.8396676182746887,online_weighted,135216.9964169152,True,n01773157,3.0,,,,black_and_gold_garden_spider,black_and_gold_garden_spider,black_and_gold_garden_spider,-1.0,-1.0,-1.0,0.7461620569229126,0.8396676182746887,0.6155269145965576,0.07088474068083145,0.09959740866618039,0.3105409635011142,1.8509353938343465,10.585895468343523,4.517595486247513,greedy
REQ-00009,500000,2000,131.73704195022583,17.079123973846436,"['vit_b_16', 'resnet101', 'resnet50']",common_iguana,0.8902506232261658,online_weighted,131737.2768749483,True,n01677366,3.0,,,,common_iguana,common_iguana,common_iguana,-1.0,-1.0,-1.0,0.9997519850730896,0.9360575675964355,0.8902506232261658,6.611246887627014,6.6399595556123625,6.850903110447297,8.39129754078053,17.126257615289706,11.057957633193697,greedy
REQ-00010,500000,2000,148.10885095596313,18.793325185775757,"['vit_b_16', 'resnet101', 'resnet50']",bustard,0.9989804625511169,online_weighted,148109.07841683365,True,n02018795,3.0,,,,bustard,bustard,bustard,-1.0,-1.0,-1.0,0.9988582134246826,0.9989804625511169,0.8769587874412537,6.105555222452346,6.134267890437695,4.8281364497486265,7.8650189740317575,15.103490954591035,9.555726665536941,greedy
REQ-00012,500000,2000,146.22862005233765,24.10146403312683,"['vit_b_16', 'resnet101', 'resnet50']",lorikeet,0.9999548196792603,online_weighted,146228.1808340922,True,n01820546,3.0,,,,lorikeet,lorikeet,lorikeet,-1.0,-1.0,-1.0,0.9997658133506775,0.9999548196792603,0.9049581289291382,6.010354500564313,6.0390671685496615,6.250010723384596,9.642361816076718,17.473281410650984,13.529832150865232,greedy
REQ-00019,500000,2000,129.50790405273438,46.651187896728516,"['vit_b_16', 'resnet101', 'resnet50']",spider_web,0.9499005675315857,online_weighted,129508.02495912649,False,n01773797,3.0,,,,spider_web,spider_web,spider_web,-1.0,-1.0,-1.0,0.7621967196464539,0.9499005675315857,0.4372677206993103,9.268551579352806,9.297264247338155,9.50820780217309,12.545090326456219,21.642017951847812,17.573124456973396,greedy
REQ-00013,500000,2000,153.325856924057,27.75236415863037,"['vit_b_16', 'resnet101', 'resnet50']",leatherback_turtle,0.9984973669052124,online_weighted,153325.9723340161,True,n01665541,3.0,,,,leatherback_turtle,leatherback_turtle,leatherback_turtle,-1.0,-1.0,-1.0,0.9970535039901733,0.9984973669052124,0.8527790904045105,8.150283902708697,8.178996570694046,8.38994012552898,11.426822649812111,18.66529463037139,14.721845370585637,greedy
REQ-00018,500000,2000,136.12118768692017,45.45195698738098,"['vit_b_16', 'resnet101', 'resnet50']",tarantula,0.9993997812271118,online_weighted,136120.49591704272,True,n01774750,3.0,,,,tarantula,tarantula,tarantula,-1.0,-1.0,-1.0,0.9985656142234802,0.9993997812271118,0.8406932353973389,9.343297872113766,9.372010540099115,9.582954094934049,12.61983661921718,21.71676424460877,17.647870749734352,greedy
REQ-00011,500000,2000,162.89336919784546,19.931307077407837,"['vit_b_16', 'resnet101', 'resnet50']",goldfinch,0.9986660480499268,online_weighted,162893.4531249106,True,n01531178,3.0,,,,goldfinch,goldfinch,goldfinch,-1.0,-1.0,-1.0,0.998566210269928,0.9986660480499268,0.878653347492218,4.761992124608983,4.790704792594331,5.001648347429266,8.038530871712396,15.277002852271673,9.72923856321758,greedy
REQ-00017,500000,2000,140.67791414260864,43.782614946365356,"['vit_b_16', 'resnet101', 'resnet50']",dungeness_crab,0.9918367266654968,online_weighted,140676.68916611,True,n01978287,3.0,,,,dungeness_crab,dungeness_crab,dungeness_crab,-1.0,-1.0,-1.0,0.9238982200622559,0.9918367266654968,0.8650628328323364,9.432993423426916,9.461706091412266,9.6726496462472,12.709532170530329,21.80645979592192,17.737566301047504,greedy
REQ-00014,500000,2000,150.79628896713257,34.65611505508423,"['vit_b_16', 'resnet101', 'resnet50']",crayfish,0.9894843697547913,online_weighted,150795.890458161,True,n01985128,3.0,,,,crayfish,crayfish,crayfish,-1.0,-1.0,-1.0,0.9514870643615723,0.9894843697547913,0.8962998390197754,8.737542664934983,8.76625533292033,8.977198887755266,12.014081412038395,18.932680468582777,16.82360882180117,greedy
REQ-00016,500000,2000,146.53297305107117,41.87113285064697,"['vit_b_16', 'resnet101', 'resnet50']",jellyfish,0.9999486207962036,online_weighted,146533.15287502483,True,n01910747,3.0,,,,jellyfish,jellyfish,jellyfish,-1.0,-1.0,-1.0,0.9999254941940308,0.9999486207962036,0.8980109095573425,9.542621319476323,9.571333987461673,9.782277542296606,12.819160066579737,21.916087691971327,17.84719419709691,greedy
REQ-00015,500000,2000,148.39528012275696,40.0325608253479,"['vit_b_16', 'resnet101', 'resnet50']",whiptail,0.6420536041259766,online_weighted,148393.99583288468,True,n01685808,3.0,,,,thunder_snake,thunder_snake,whiptail,-1.0,-1.0,-1.0,0.4986547827720642,0.5281510353088379,0.6420536041259766,9.118308431567389,9.826406584010595,10.037350138845527,13.527156319433898,22.94760084218637,18.878707347311956,greedy




REQ-00000,500000,2000,0.7558660507202148,1.6689300537109375e-06,['vit_b_16'],redshank,0.8990447521209717,online_weighted,755.0057091284543,True,n02028035,1.0,,,,,,redshank,-1.0,-1.0,-1.0,-1.0,-1.0,0.8990447521209717,0.05332100727613927,0.08083581661906307,0.14495536866100528,0.5651695096769918,1.572476587823327,0.646698198270826,greedy
REQ-00001,500000,2000,0.3485298156738281,1.2251198291778564,['vit_b_16'],tick,0.8774258494377136,online_weighted,348.2542501296848,True,n01776313,1.0,,,,,,tick,-1.0,-1.0,-1.0,-1.0,-1.0,0.8774258494377136,0.05332100727613927,0.08083581661906307,0.14495536866100528,0.5651695096769918,1.572476587823327,0.6120417784437434,greedy
REQ-00002,500000,2000,1.01051926612854,1.859590768814087,['vit_b_16'],harvestman,0.8980554938316345,online_weighted,1009.1656248550862,True,n01770081,1.0,,,,,,harvestman,-1.0,-1.0,-1.0,-1.0,-1.0,0.8980554938316345,0.05332100727613927,0.08083581661906307,0.14495536866100528,0.5651695096769918,1.572476587823327,0.5707458005993691,greedy
REQ-00003,500000,2000,0.5889890193939209,2.9786486625671387,['vit_b_16'],garter_snake,0.7975305318832397,online_weighted,588.8199580367655,True,n01735189,1.0,,,,,,garter_snake,-1.0,-1.0,-1.0,-1.0,-1.0,0.7975305318832397,0.05332100727613927,0.08083581661906307,0.14495536866100528,0.5651695096769918,1.572476587823327,0.5519883205394321,greedy
REQ-00004,500000,2000,0.5592918395996094,4.2990758419036865,['vit_b_16'],toucan,0.8801597356796265,online_weighted,559.2443752102554,True,n01843383,1.0,,,,,,toucan,-1.0,-1.0,-1.0,-1.0,-1.0,0.8801597356796265,0.05332100727613927,0.08083581661906307,0.14495536866100528,0.5651695096769918,1.572476587823327,0.5183680884854889,greedy
REQ-00005,500000,2000,0.9523019790649414,4.618336915969849,['vit_b_16'],drake,0.8730025291442871,online_weighted,952.2513749543577,True,n01847000,1.0,,,,,,drake,-1.0,-1.0,-1.0,-1.0,-1.0,0.8730025291442871,0.05332100727613927,0.08083581661906307,0.14495536866100528,0.5651695096769918,1.572476587823327,0.5183680884854889,greedy
REQ-00006,500000,2000,2.0787363052368164,5.231005907058716,['vit_b_16'],night_snake,0.9037097692489624,online_weighted,2078.6621670704335,True,n01740131,1.0,,,,,,night_snake,-1.0,-1.0,-1.0,-1.0,-1.0,0.9037097692489624,0.05332100727613927,0.08083581661906307,0.14495536866100528,0.5651695096769918,1.572476587823327,0.499415771673246,greedy
REQ-00007,500000,2000,0.45139575004577637,7.027650833129883,['vit_b_16'],red-backed_sandpiper,0.8956103324890137,online_weighted,450.086958007887,True,n02027492,1.0,,,,,,red-backed_sandpiper,-1.0,-1.0,-1.0,-1.0,-1.0,0.8956103324890137,0.05332100727613927,0.08083581661906307,0.14495536866100528,0.5651695096769918,1.572476587823327,0.499415771673246,greedy
REQ-00008,500000,2000,2.8208820819854736,8.037389755249023,['vit_b_16'],terrapin,0.8773139119148254,online_weighted,2820.862750057131,True,n01667778,1.0,,,,,,terrapin,-1.0,-1.0,-1.0,-1.0,-1.0,0.8773139119148254,0.05332100727613927,0.08083581661906307,0.14495536866100528,0.5651695096769918,1.572476587823327,0.5114459450553294,greedy
REQ-00009,500000,2000,3.3339850902557373,9.28606390953064,['vit_b_16'],boa_constrictor,0.48750489950180054,online_weighted,3333.455750020221,True,n01742172,1.0,,,,,,boa_constrictor,-1.0,-1.0,-1.0,-1.0,-1.0,0.48750489950180054,0.05332100727613927,0.08083581661906307,0.14495536866100528,0.5651695096769918,1.572476587823327,0.4785688505497964,greedy
REQ-00010,500000,2000,16.258432149887085,16.370837926864624,['vit_b_16'],wolf_spider,0.925568699836731,online_weighted,16258.529291953892,True,n01775062,1.0,,,,,,wolf_spider,-1.0,-1.0,-1.0,-1.0,-1.0,0.925568699836731,0.05332100727613927,0.08083581661906307,0.14495536866100528,0.5651695096769918,1.572476587823327,0.44766106549481677,greedy
REQ-00011,500000,2000,16.697339296340942,26.549606800079346,['vit_b_16'],terrapin,0.7977709174156189,online_weighted,16697.19879119657,True,n01667778,1.0,,,,,,terrapin,-1.0,-1.0,-1.0,-1.0,-1.0,0.7977709174156189,0.05332100727613927,0.08083581661906307,0.14495536866100528,0.5651695096769918,1.572476587823327,0.43551655894533514,greedy
REQ-00012,500000,2000,14.926652193069458,32.616976737976074,['vit_b_16'],hermit_crab,0.8458769917488098,online_weighted,14926.743624964729,True,n01986214,1.0,,,,,,hermit_crab,-1.0,-1.0,-1.0,-1.0,-1.0,0.8458769917488098,0.05332100727613927,0.08083581661906307,0.14495536866100528,0.5651695096769918,1.572476587823327,0.40890880305080163,greedy
REQ-00013,500000,2000,8.010129928588867,43.2473349571228,['vit_b_16'],tarantula,0.9016613364219666,online_weighted,8010.1586249656975,True,n01774750,1.0,,,,,,tarantula,-1.0,-1.0,-1.0,-1.0,-1.0,0.9016613364219666,0.05332100727613927,0.08083581661906307,0.14495536866100528,0.5651695096769918,1.572476587823327,0.3844002227457215,greedy
REQ-00014,500000,2000,5.777512788772583,47.56490683555603,['vit_b_16'],american_alligator,0.8896722197532654,online_weighted,5770.72558295913,True,n01698640,1.0,,,,,,american_alligator,-1.0,-1.0,-1.0,-1.0,-1.0,0.8896722197532654,0.05332100727613927,0.08083581661906307,0.14495536866100528,0.5651695096769918,1.572476587823327,0.3629070004711493,greedy
REQ-00000,500000,2000,2.745199203491211,3.0994415283203125e-06,['vit_b_16'],crayfish,0.8579854965209961,online_weighted,2743.119209073484,True,n01985128,1.0,,,,,,crayfish,-1.0,-1.0,-1.0,-1.0,-1.0,0.8579854965209961,0.05332100727613927,0.08083581661906307,0.14495536866100528,0.5651695096769918,1.572476587823327,0.3431407004240344,greedy
REQ-00001,500000,2000,0.37589597702026367,3.745941162109375,['vit_b_16'],redshank,0.6373572945594788,online_weighted,375.277915969491,True,n02028035,1.0,,,,,,redshank,-1.0,-1.0,-1.0,-1.0,-1.0,0.6373572945594788,0.05332100727613927,0.08083581661906307,0.14495536866100528,0.5651695096769918,1.572476587823327,0.3247465303816309,greedy
REQ-00002,500000,2000,0.9640030860900879,4.766376972198486,['vit_b_16'],sidewinder,0.4944758713245392,online_weighted,962.4046669341624,False,n01753488,1.0,,,,,,sidewinder,-1.0,-1.0,-1.0,-1.0,-1.0,0.4944758713245392,0.05332100727613927,0.08083581661906307,0.14495536866100528,0.5651695096769918,1.572476587823327,0.3093712773434678,greedy
REQ-00003,500000,2000,0.9066801071166992,9.06906008720398,['vit_b_16'],night_snake,0.7394384145736694,online_weighted,904.9310409463942,True,n01740131,1.0,,,,,,night_snake,-1.0,-1.0,-1.0,-1.0,-1.0,0.7394384145736694,0.05332100727613927,0.08083581661906307,0.14495536866100528,0.5651695096769918,1.572476587823327,0.29526634960912107,greedy
REQ-00004,500000,2000,3.3498401641845703,13.908905982971191,['vit_b_16'],snail,0.8880005478858948,online_weighted,3349.728083005175,True,n01944390,1.0,,,,,,snail,-1.0,-1.0,-1.0,-1.0,-1.0,0.8880005478858948,0.05332100727613927,0.08083581661906307,0.14495536866100528,0.5651695096769918,1.572476587823327,0.28279561464820896,greedy
REQ-00005,500000,2000,2.4244580268859863,15.631794929504395,['vit_b_16'],tick,0.8969413638114929,online_weighted,2423.1238330248743,True,n01776313,1.0,,,,,,tick,-1.0,-1.0,-1.0,-1.0,-1.0,0.8969413638114929,0.05332100727613927,0.08083581661906307,0.14495536866100528,0.5651695096769918,1.572476587823327,0.27105225318338805,greedy
REQ-00006,500000,2000,1.1751878261566162,18.725456953048706,['vit_b_16'],redshank,0.9025078415870667,online_weighted,1174.044125014916,True,n02028035,1.0,,,,,,redshank,-1.0,-1.0,-1.0,-1.0,-1.0,0.9025078415870667,0.05332100727613927,0.08083581661906307,0.14495536866100528,0.5651695096769918,1.572476587823327,0.3118575278650492,greedy
REQ-00007,500000,2000,1.9097909927368164,20.284167051315308,['vit_b_16'],wolf_spider,0.8481573462486267,online_weighted,1909.6315829083323,True,n01775062,1.0,,,,,,wolf_spider,-1.0,-1.0,-1.0,-1.0,-1.0,0.8481573462486267,0.05332100727613927,0.08083581661906307,0.14495536866100528,0.5651695096769918,1.572476587823327,0.2997622750785443,greedy
REQ-00008,500000,2000,1.6242218017578125,21.1970272064209,['vit_b_16'],hermit_crab,0.8001967072486877,online_weighted,1623.1064999010414,True,n01986214,1.0,,,,,,hermit_crab,-1.0,-1.0,-1.0,-1.0,-1.0,0.8001967072486877,0.05332100727613927,0.08083581661906307,0.14495536866100528,0.5651695096769918,1.572476587823327,0.28867154757068986,greedy
REQ-00009,500000,2000,7.386441946029663,23.51197123527527,['vit_b_16'],magpie,0.9007676839828491,online_weighted,7386.204667156562,True,n01582220,1.0,,,,,,magpie,-1.0,-1.0,-1.0,-1.0,-1.0,0.9007676839828491,0.05332100727613927,0.08083581661906307,0.14495536866100528,0.5651695096769918,1.572476587823327,0.2781675928136209,greedy
REQ-00010,500000,2000,6.556638956069946,25.811846256256104,['vit_b_16'],garter_snake,0.8712453246116638,online_weighted,6556.611208012328,True,n01735189,1.0,,,,,,garter_snake,-1.0,-1.0,-1.0,-1.0,-1.0,0.8712453246116638,0.05332100727613927,0.08083581661906307,0.14495536866100528,0.5651695096769918,1.572476587823327,0.26909503353225883,greedy
REQ-00011,500000,2000,1.852400779724121,30.8852858543396,['vit_b_16'],hen,0.8264975547790527,online_weighted,1852.3462091106921,True,n01514859,1.0,,,,,,hen,-1.0,-1.0,-1.0,-1.0,-1.0,0.8264975547790527,0.05332100727613927,0.08083581661906307,0.14495536866100528,0.5651695096769918,1.572476587823327,0.26082603017903294,greedy
REQ-00012,500000,2000,0.7937710285186768,32.349524974823,['vit_b_16'],mud_turtle,0.6225215792655945,online_weighted,792.4827500246465,True,n01667114,1.0,,,,,,mud_turtle,-1.0,-1.0,-1.0,-1.0,-1.0,0.6225215792655945,0.05332100727613927,0.08083581661906307,0.14495536866100528,0.5651695096769918,1.572476587823327,0.25438662716112964,greedy
REQ-00013,500000,2000,5.055516004562378,34.13759517669678,['vit_b_16'],limpkin,0.22710305452346802,online_weighted,5055.525457952172,False,n01514859,1.0,,,,,,we,-1.0,-1.0,-1.0,-1.0,-1.0,0.22710305452346802,0.05332100727613927,0.08083581661906307,0.14495536866100528,0.5651695096769918,1.572476587823327,0.2525860644450167,greedy
REQ-00014,500000,2000,6.190364837646484,34.676528215408325,['vit_b_16'],water_ouzel,0.894688069820404,online_weighted,6190.3445408679545,True,n01601694,1.0,,,,,,we,-1.0,-1.0,-1.0,-1.0,-1.0,0.894688069820404,0.05332100727613927,0.08083581661906307,0.14495536866100528,0.5651695096769918,1.572476587823327,0.2525860644450167,greedy
REQ-00015,500000,2000,3.8811540603637695,37.33500409126282,['vit_b_16'],spoonbill,0.8976995348930359,online_weighted,3881.099000107497,True,n02006656,1.0,,,,,,we,-1.0,-1.0,-1.0,-1.0,-1.0,0.8976995348930359,0.05332100727613927,0.08083581661906307,0.14495536866100528,0.5651695096769918,1.572476587823327,0.24389695800051503,greedy
REQ-00016,500000,2000,3.064089775085449,39.189460039138794,['vit_b_16'],bittern,0.8725709319114685,online_weighted,3062.8416249528527,True,n02011460,1.0,,,,,,we,-1.0,-1.0,-1.0,-1.0,-1.0,0.8725709319114685,0.05332100727613927,0.08083581661906307,0.14495536866100528,0.5651695096769918,1.572476587823327,0.23930726220046356,greedy
REQ-00017,500000,2000,5.115010976791382,42.42694401741028,['vit_b_16'],common_newt,0.7765679359436035,online_weighted,5113.216124940664,True,n01630670,1.0,,,,,,we,-1.0,-1.0,-1.0,-1.0,-1.0,0.7765679359436035,0.05332100727613927,0.08083581661906307,0.14495536866100528,0.5651695096769918,1.572476587823327,0.2992859523823755,greedy
REQ-00000,500000,2000,6.050318956375122,2.1457672119140625e-06,['vit_b_16'],leatherback_turtle,0.6613918542861938,online_weighted,6050.279750023037,True,n01665541,1.0,,,,,,we,-1.0,-1.0,-1.0,-1.0,-1.0,0.6613918542861938,0.05332100727613927,0.08083581661906307,0.14495536866100528,0.5651695096769918,1.572476587823327,0.28640295714413794,greedy
REQ-00001,500000,2000,10.547086954116821,3.2340590953826904,['vit_b_16'],goose,0.888582706451416,online_weighted,10547.122209100053,True,n01855672,1.0,,,,,,goose,-1.0,-1.0,-1.0,-1.0,-1.0,0.888582706451416,0.05332100727613927,0.08083581661906307,0.14495536866100528,0.5651695096769918,1.572476587823327,0.27828126142972415,greedy
REQ-00002,500000,2000,9.723342895507812,6.678585052490234,['vit_b_16'],horned_viper,0.7473239302635193,online_weighted,9723.401833092794,True,n01753488,1.0,,,,,,we,-1.0,-1.0,-1.0,-1.0,-1.0,0.7473239302635193,0.05332100727613927,0.08083581661906307,0.14495536866100528,0.5651695096769918,1.572476587823327,0.27828126142972415,greedy
REQ-00003,500000,2000,7.640848875045776,8.77190113067627,['vit_b_16'],tailed_frog,0.8490320444107056,online_weighted,7640.892749885097,True,n01644900,1.0,,,,,,we,-1.0,-1.0,-1.0,-1.0,-1.0,0.8490320444107056,0.05332100727613927,0.08083581661906307,0.14495536866100528,0.5651695096769918,1.572476587823327,0.27828126142972415,greedy
REQ-00004,500000,2000,4.933511972427368,12.042572021484375,['vit_b_16'],diamondback,0.8753641843795776,online_weighted,4933.517999947071,True,n01755581,1.0,,,,,,we,-1.0,-1.0,-1.0,-1.0,-1.0,0.8753641843795776,0.05332100727613927,0.08083581661906307,0.14495536866100528,0.5651695096769918,1.572476587823327,0.26789493528675173,greedy
REQ-00005,500000,2000,3.51149582862854,13.933252096176147,['vit_b_16'],rock_crab,0.8875641822814941,online_weighted,3511.4228748716414,True,n01978455,1.0,,,,,,we,-1.0,-1.0,-1.0,-1.0,-1.0,0.8875641822814941,0.05332100727613927,0.08083581661906307,0.14495536866100528,0.5651695096769918,1.572476587823327,0.322023027582269,greedy
REQ-00006,500000,2000,2.3964240550994873,16.39998698234558,['vit_b_16'],hornbill,0.8957895040512085,online_weighted,2395.2152500860393,True,n01829413,1.0,,,,,,we,-1.0,-1.0,-1.0,-1.0,-1.0,0.8957895040512085,0.05332100727613927,0.08083581661906307,0.14495536866100528,0.5651695096769918,1.572476587823327,0.3083877248240421,greedy
REQ-00007,500000,2000,0.8797340393066406,20.695011138916016,['vit_b_16'],terrapin,0.8395485877990723,online_weighted,876.3085419777781,True,n01667778,1.0,,,,,,terrapin,-1.0,-1.0,-1.0,-1.0,-1.0,0.8395485877990723,0.05332100727613927,0.08083581661906307,0.14495536866100528,0.5651695096769918,1.572476587823327,0.2938110771074741,greedy
REQ-00008,500000,2000,10.1911780834198,28.42522406578064,['vit_b_16'],american_alligator,0.8906859159469604,online_weighted,10191.121167037636,True,n01698640,1.0,,,,,,american_alligator,-1.0,-1.0,-1.0,-1.0,-1.0,0.8906859159469604,0.05332100727613927,0.08083581661906307,0.14495536866100528,0.5651695096769918,1.572476587823327,0.2814959693967267,greedy
REQ-00009,500000,2000,9.95776891708374,28.682598114013672,['vit_b_16'],prairie_chicken,0.8760606050491333,online_weighted,9957.83062512055,True,n01798484,1.0,,,,,,prairie_chicken,-1.0,-1.0,-1.0,-1.0,-1.0,0.8760606050491333,0.05332100727613927,0.08083581661906307,0.14495536866100528,0.5651695096769918,1.572476587823327,0.2814959693967267,greedy
REQ-00013,500000,2000,7.438647031784058,31.216346263885498,['vit_b_16'],bulbul,0.9006593823432922,online_weighted,7438.6493330821395,True,n01560419,1.0,,,,,,valw,-1.0,-1.0,-1.0,-1.0,-1.0,0.9006593823432922,0.05332100727613927,0.08083581661906307,0.14495536866100528,0.5651695096769918,1.572476587823327,0.2814959693967267,greedy
REQ-00010,500000,2000,15.346695184707642,30.25207233428955,['vit_b_16'],cock,0.8737481832504272,online_weighted,15346.65970900096,True,n01514668,1.0,,,,,,valw,-1.0,-1.0,-1.0,-1.0,-1.0,0.8737481832504272,0.05332100727613927,0.08083581661906307,0.14495536866100528,0.5651695096769918,1.572476587823327,0.2814959693967267,greedy
REQ-00011,500000,2000,14.927124977111816,30.69032120704651,['vit_b_16'],chambered_nautilus,0.8986582159996033,online_weighted,14927.167958812788,True,n01968897,1.0,,,,,,valw,-1.0,-1.0,-1.0,-1.0,-1.0,0.8986582159996033,0.05332100727613927,0.08083581661906307,0.14495536866100528,0.5651695096769918,1.572476587823327,0.2814959693967267,greedy
REQ-00015,500000,2000,9.271257162094116,36.36078119277954,['vit_b_16'],conch,0.9192930459976196,online_weighted,9271.304165944457,True,n01943899,1.0,,,,,,conch,-1.0,-1.0,-1.0,-1.0,-1.0,0.9192930459976196,0.05776442454915087,0.08757213467065166,0.15703498271608907,0.5651695096769918,1.572476587823327,2.2558007506902142,greedy
REQ-00012,500000,2000,14.63429594039917,31.012619018554688,['vit_b_16'],boa_constrictor,0.8606818318367004,online_weighted,14634.378125192598,True,n01742172,1.0,,,,,,valw,-1.0,-1.0,-1.0,-1.0,-1.0,0.8606818318367004,0.05332100727613927,0.08083581661906307,0.14495536866100528,0.5651695096769918,1.572476587823327,0.2814959693967267,greedy
REQ-00014,500000,2000,11.796391010284424,33.86453032493591,['vit_b_16'],magpie,0.8985037207603455,online_weighted,11796.43000010401,True,n01582220,1.0,,,,,,magpie,-1.0,-1.0,-1.0,-1.0,-1.0,0.8985037207603455,0.05776442454915087,0.08757213467065166,0.15703498271608907,0.612266968816741,1.703516303475271,54.99003195180942,greedy
REQ-00016,500000,2000,4.684854030609131,40.98828315734863,['vit_b_16'],whiptail,0.8876543641090393,online_weighted,4684.677916811779,True,n01685808,1.0,,,,,,whiptail,-1.0,-1.0,-1.0,-1.0,-1.0,0.8876543641090393,0.05332100727613927,0.08083581661906307,0.14495536866100528,0.5651695096769918,1.572476587823327,2.2558007506902142,greedy
REQ-00017,500000,2000,3.199850082397461,42.99025106430054,['vit_b_16'],bulbul,0.9046472907066345,online_weighted,3198.17708292976,True,n01560419,1.0,,,,,,bulbul,-1.0,-1.0,-1.0,-1.0,-1.0,0.9046472907066345,0.05332100727613927,0.08083581661906307,0.14495536866100528,0.5651695096769918,1.572476587823327,4.652762797931559,greedy
REQ-00018,500000,2000,1.7125718593597412,47.43593120574951,['vit_b_16'],coucal,0.8785284757614136,online_weighted,1712.465959135443,True,n01824575,1.0,,,,,,coucal,-1.0,-1.0,-1.0,-1.0,-1.0,0.8785284757614136,0.05332100727613927,0.08083581661906307,0.14495536866100528,0.5651695096769918,1.572476587823327,4.208782018138403,greedy
REQ-00019,500000,2000,1.6171751022338867,48.51995801925659,['vit_b_16'],bustard,0.898165225982666,online_weighted,1616.893958998844,True,n02018795,1.0,,,,,,bustard,-1.0,-1.0,-1.0,-1.0,-1.0,0.898165225982666,0.05332100727613927,0.08083581661906307,0.14495536866100528,0.5651695096769918,1.572476587823327,4.208782018138403,greedy
REQ-00000,500000,2000,0.48972296714782715,1.9073486328125e-06,['vit_b_16'],hammerhead,0.8897015452384949,online_weighted,489.33066707104445,True,n01494475,1.0,,,,,,hammerhead,-1.0,-1.0,-1.0,-1.0,-1.0,0.8897015452384949,0.05332100727613927,0.08083581661906307,0.14495536866100528,0.5651695096769918,1.572476587823327,3.5239234946921063,greedy
REQ-00001,500000,2000,3.10953688621521,1.5790088176727295,['vit_b_16'],sidewinder,0.5740888714790344,online_weighted,3109.386083902791,True,n01756291,1.0,,,,,,sidewinder,-1.0,-1.0,-1.0,-1.0,-1.0,0.5740888714790344,0.05332100727613927,0.08083581661906307,0.14495536866100528,0.5651695096769918,1.572476587823327,3.1903145452228956,greedy
REQ-00002,500000,2000,2.710286855697632,3.695378065109253,['vit_b_16'],wombat,0.8925107717514038,online_weighted,2710.183334071189,True,n01883070,1.0,,,,,,wombat,-1.0,-1.0,-1.0,-1.0,-1.0,0.8925107717514038,0.05332100727613927,0.08083581661906307,0.14495536866100528,0.5651695096769918,1.572476587823327,2.894504290700606,greedy
REQ-00003,500000,2000,4.084423780441284,4.8690149784088135,['vit_b_16'],green_lizard,0.687857449054718,online_weighted,4083.941249875352,True,n01693334,1.0,,,,,,green_lizard,-1.0,-1.0,-1.0,-1.0,-1.0,0.687857449054718,0.05332100727613927,0.08083581661906307,0.14495536866100528,0.5651695096769918,1.572476587823327,2.894504290700606,greedy
REQ-00004,500000,2000,10.092282056808472,6.550512075424194,['vit_b_16'],spoonbill,0.8836025595664978,online_weighted,10092.258042190224,True,n02006656,1.0,,,,,,spoonbill,-1.0,-1.0,-1.0,-1.0,-1.0,0.8836025595664978,0.05332100727613927,0.08083581661906307,0.14495536866100528,0.5651695096769918,1.572476587823327,2.5300971254674915,greedy
REQ-00005,500000,2000,7.645002841949463,8.949899911880493,['vit_b_16'],wolf_spider,0.8768743276596069,online_weighted,7645.021165953949,True,n01775062,1.0,,,,,,wolf_spider,-1.0,-1.0,-1.0,-1.0,-1.0,0.8768743276596069,0.05332100727613927,0.08083581661906307,0.14495536866100528,0.5651695096769918,1.572476587823327,2.5300971254674915,greedy
REQ-00006,500000,2000,5.753176927566528,10.932840824127197,['vit_b_16'],hummingbird,0.9010423421859741,online_weighted,5753.1781669240445,True,n01833805,1.0,,,,,,hummingbird,-1.0,-1.0,-1.0,-1.0,-1.0,0.9010423421859741,0.05332100727613927,0.08083581661906307,0.14495536866100528,0.5651695096769918,1.572476587823327,2.5300971254674915,greedy
REQ-00007,500000,2000,5.315844774246216,13.809147119522095,['vit_b_16'],sea_snake,0.7893024682998657,online_weighted,5315.848291153088,True,n01751748,1.0,,,,,,sea_snake,-1.0,-1.0,-1.0,-1.0,-1.0,0.7893024682998657,0.05332100727613927,0.08083581661906307,0.14495536866100528,0.5651695096769918,1.572476587823327,1.9349071954658013,greedy
REQ-00008,500000,2000,2.678903102874756,16.639699935913086,['vit_b_16'],green_snake,0.8582740426063538,online_weighted,2678.863416891545,True,n01729977,1.0,,,,,,green_snake,-1.0,-1.0,-1.0,-1.0,-1.0,0.8582740426063538,0.05332100727613927,0.08083581661906307,0.14495536866100528,0.5651695096769918,1.572476587823327,1.9349071954658013,greedy
REQ-00010,500000,2000,0.5409979820251465,19.118715047836304,['vit_b_16'],magpie,0.8764834403991699,online_weighted,540.934459073469,True,n01582220,1.0,,,,,,magpie,-1.0,-1.0,-1.0,-1.0,-1.0,0.8764834403991699,0.05332100727613927,0.08083581661906307,0.14495536866100528,0.5651695096769918,1.572476587823327,1.632717148327299,greedy
REQ-00011,500000,2000,1.0625998973846436,19.378196954727173,['vit_b_16'],red-backed_sandpiper,0.8454214334487915,online_weighted,1062.5108750537038,True,n02027492,1.0,,,,,,red-backed_sandpiper,-1.0,-1.0,-1.0,-1.0,-1.0,0.8454214334487915,0.05332100727613927,0.08083581661906307,0.14495536866100528,0.5651695096769918,1.572476587823327,1.4873619334945691,greedy
REQ-00009,500000,2000,2.871506929397583,18.35169291496277,['vit_b_16'],limpkin,0.9011322855949402,online_weighted,2870.529792038724,True,n02013706,1.0,,,,,,limpkin,-1.0,-1.0,-1.0,-1.0,-1.0,0.9011322855949402,0.05332100727613927,0.08083581661906307,0.14495536866100528,0.5651695096769918,1.572476587823327,1.7613212759192212,greedy
REQ-00012,500000,2000,2.383289098739624,22.500729084014893,['vit_b_16'],goose,0.8650565147399902,online_weighted,2381.5820422023535,True,n01855672,1.0,,,,,,goose,-1.0,-1.0,-1.0,-1.0,-1.0,0.8650565147399902,0.05332100727613927,0.08083581661906307,0.14495536866100528,0.5651695096769918,1.572476587823327,1.409465926130601,greedy
REQ-00013,500000,2000,0.8195490837097168,25.4605610370636,['vit_b_16'],alligator_lizard,0.6632128357887268,online_weighted,818.8027499709278,False,n01687978,1.0,,,,,,alligator_lizard,-1.0,-1.0,-1.0,-1.0,-1.0,0.6632128357887268,0.05332100727613927,0.08083581661906307,0.14495536866100528,0.5651695096769918,1.572476587823327,1.2901441335175412,greedy
REQ-00014,500000,2000,1.7766289710998535,27.670701026916504,['vit_b_16'],barn_spider,0.7811147570610046,online_weighted,1776.5502920374274,True,n01773549,1.0,,,,,,barn_spider,-1.0,-1.0,-1.0,-1.0,-1.0,0.7811147570610046,0.05332100727613927,0.08083581661906307,0.14495536866100528,0.5651695096769918,1.572476587823327,1.1825826201657872,greedy
REQ-00015,500000,2000,1.6770329475402832,29.071153163909912,['vit_b_16'],cock,0.8533384799957275,online_weighted,1676.973040914163,True,n01514668,1.0,,,,,,cock,-1.0,-1.0,-1.0,-1.0,-1.0,0.8533384799957275,0.05332100727613927,0.08083581661906307,0.14495536866100528,0.5651695096769918,1.572476587823327,1.0874557581492086,greedy
REQ-00016,500000,2000,3.128986120223999,29.89001202583313,['vit_b_16'],crayfish,0.8226407766342163,online_weighted,3128.8661670405418,True,n01985128,1.0,,,,,,crayfish,-1.0,-1.0,-1.0,-1.0,-1.0,0.8226407766342163,0.05332100727613927,0.08083581661906307,0.14495536866100528,0.5651695096769918,1.572476587823327,0.9992828823342877,greedy
REQ-00017,500000,2000,2.26816725730896,31.17849898338318,['vit_b_16'],tailed_frog,0.9473324418067932,online_weighted,2266.9206249993294,True,n01644900,1.0,,,,,,tailed_frog,-1.0,-1.0,-1.0,-1.0,-1.0,0.9473324418067932,0.05332100727613927,0.08083581661906307,0.14495536866100528,0.5651695096769918,1.572476587823327,0.9279804941008589,greedy
REQ-00019,500000,2000,4.782519102096558,35.43166899681091,['vit_b_16'],limpkin,0.8889044523239136,online_weighted,4782.483333023265,True,n02013706,1.0,,,,,,limpkin,-1.0,-1.0,-1.0,-1.0,-1.0,0.8889044523239136,0.05332100727613927,0.08083581661906307,0.14495536866100528,0.5651695096769918,1.572476587823327,0.8561045446907731,greedy
REQ-00018,500000,2000,7.232227087020874,34.33775305747986,['vit_b_16'],great_grey_owl,0.8966925144195557,online_weighted,7232.23154200241,True,n01622779,1.0,,,,,,great_grey_owl,-1.0,-1.0,-1.0,-1.0,-1.0,0.8966925144195557,0.05332100727613927,0.08083581661906307,0.14495536866100528,0.5651695096769918,1.572476587823327,0.8561045446907731,greedy
REQ-00020,500000,2000,18.320143938064575,36.52010416984558,['vit_b_16'],redshank,0.8975241184234619,online_weighted,18320.326582994312,True,n02028035,1.0,,,,,,redshank,-1.0,-1.0,-1.0,-1.0,-1.0,0.8975241184234619,0.05332100727613927,0.08083581661906307,0.14495536866100528,0.5651695096769918,1.572476587823327,0.8561045446907731,greedy
REQ-00022,500000,2000,14.61820912361145,40.20985698699951,['vit_b_16'],common_newt,0.8659310340881348,online_weighted,14618.354375008494,True,n01630670,1.0,,,,,,common_newt,-1.0,-1.0,-1.0,-1.0,-1.0,0.8659310340881348,0.05332100727613927,0.08083581661906307,0.14495536866100528,0.5651695096769918,1.572476587823327,1.150656390221696,greedy
REQ-00021,500000,2000,16.332782983779907,38.519285917282104,['vit_b_16'],dungeness_crab,0.759495198726654,online_weighted,16332.936833845451,True,n01978287,1.0,,,,,,dungeness_crab,-1.0,-1.0,-1.0,-1.0,-1.0,0.759495198726654,0.05332100727613927,0.08083581661906307,0.14495536866100528,0.5651695096769918,1.572476587823327,1.150656390221696,greedy
REQ-00023,500000,2000,13.010008811950684,43.04608702659607,['vit_b_16'],american_chameleon,0.5834164619445801,online_weighted,13009.955832967535,False,n01693334,1.0,,,,,,american_chameleon,-1.0,-1.0,-1.0,-1.0,-1.0,0.5834164619445801,0.05332100727613927,0.08083581661906307,0.14495536866100528,0.5651695096769918,1.572476587823327,1.6043824511995264,greedy
REQ-00025,500000,2000,9.305432081222534,46.77571201324463,['vit_b_16'],common_newt,0.9014166593551636,online_weighted,9305.496874963865,True,n01630670,1.0,,,,,,common_newt,-1.0,-1.0,-1.0,-1.0,-1.0,0.9014166593551636,0.05332100727613927,0.08083581661906307,0.14495536866100528,0.5651695096769918,1.572476587823327,1.6043824511995264,greedy
REQ-00024,500000,2000,10.54888129234314,45.54670715332031,['vit_b_16'],hammerhead,0.8696398735046387,online_weighted,10548.953500110656,True,n01494475,1.0,,,,,,hammerhead,-1.0,-1.0,-1.0,-1.0,-1.0,0.8696398735046387,0.05332100727613927,0.08083581661906307,0.14495536866100528,0.5651695096769918,1.572476587823327,1.6043824511995264,greedy
REQ-00026,500000,2000,6.972514867782593,49.8875789642334,['vit_b_16'],bulbul,0.9041699171066284,online_weighted,6970.70158389397,True,n01560419,1.0,,,,,,bulbul,-1.0,-1.0,-1.0,-1.0,-1.0,0.9041699171066284,0.05332100727613927,0.08083581661906307,0.14495536866100528,0.5651695096769918,1.572476587823327,4.271579144049928,greedy
REQ-00000,500000,2000,24.749824047088623,2.1457672119140625e-06,"['vit_b_16', 'resnet101', 'resnet50']",banded_gecko,0.9997051358222961,online_weighted,24770.9612918552,True,n01675722,3.0,,,,banded_gecko,banded_gecko,banded_gecko,-1.0,-1.0,-1.0,0.9990334510803223,0.9997051358222961,0.9084579348564148,0.05332100727613927,0.08083581661906307,0.14495536866100528,0.5651695096769918,1.572476587823327,3.868644729644935,greedy
REQ-00001,500000,2000,14.613351106643677,12.473136901855469,"['vit_b_16', 'resnet101', 'resnet50']",magpie,0.9999545812606812,online_weighted,14637.419709004462,True,n01582220,3.0,,,,magpie,magpie,magpie,-1.0,-1.0,-1.0,0.9992479681968689,0.9999545812606812,0.9040912389755249,0.05332100727613927,0.08083581661906307,0.14495536866100528,0.5651695096769918,1.572476587823327,3.5812896566804415,greedy
REQ-00002,500000,2000,31.93512511253357,17.165064096450806,"['vit_b_16', 'resnet101', 'resnet50']",water_ouzel,0.9954913258552551,online_weighted,31966.532042017207,True,n01601694,3.0,,,,water_ouzel,water_ouzel,water_ouzel,-1.0,-1.0,-1.0,0.9976698756217957,0.9954913258552551,0.8389531970024109,0.05332100727613927,0.08083581661906307,0.14495536866100528,0.5651695096769918,1.457597696136895,3.2435468910123975,greedy
REQ-00004,500000,2000,26.12677025794983,23.32726216316223,"['vit_b_16', 'resnet101', 'resnet50']",tench,0.9689438343048096,online_weighted,26146.57579199411,True,n01440764,3.0,,,,tench,tench,tench,-1.0,-1.0,-1.0,0.9689438343048096,0.7270525693893433,0.8984296321868896,0.05332100727613927,0.08083581661906307,0.14495536866100528,0.5325675587092926,1.457597696136895,2.944001301911158,greedy
REQ-00005,500000,2000,42.439021825790405,24.74739098548889,"['vit_b_16', 'resnet101', 'resnet50']",hermit_crab,0.9642190337181091,online_weighted,42459.81766609475,True,n01986214,3.0,,,,hermit_crab,hermit_crab,hermit_crab,-1.0,-1.0,-1.0,0.9928380846977234,0.9642190337181091,0.8912019729614258,0.05332100727613927,0.08083581661906307,0.14495536866100528,0.5325675587092926,1.457597696136895,2.5701256045480383,greedy
REQ-00007,500000,2000,40.99508500099182,34.25759291648865,"['vit_b_16', 'resnet101', 'resnet50']",wolf_spider,0.9826601147651672,online_weighted,41005.66791603342,True,n01775062,3.0,,,,wolf_spider,wolf_spider,wolf_spider,-1.0,-1.0,-1.0,0.723024845123291,0.9826601147651672,0.839862585067749,0.05332100727613927,0.08083581661906307,0.14495536866100528,0.6894319028383634,1.7141233538708853,2.3324541440932345,greedy
REQ-00009,500000,2000,46.187185764312744,36.12059187889099,"['vit_b_16', 'resnet101', 'resnet50']",great_white_shark,0.9414559602737427,online_weighted,46197.749166050926,True,n01484850,3.0,,,,great_white_shark,great_white_shark,great_white_shark,-1.0,-1.0,-1.0,0.9750909805297852,0.9414559602737427,0.8835570216178894,2.58458974731671,2.6143974574382107,2.6838603054836483,3.273709884175786,4.383792289461018,5.05365064553523,greedy
REQ-00003,500000,2000,65.14613914489746,21.24657702445984,"['vit_b_16', 'resnet101', 'resnet50']",black_and_gold_garden_spider,0.8368477821350098,online_weighted,65173.75583387911,True,n01773157,3.0,,,,black_and_gold_garden_spider,black_and_gold_garden_spider,black_and_gold_garden_spider,-1.0,-1.0,-1.0,0.7422896027565002,0.8368477821350098,0.6328965425491333,0.05332100727613927,0.08083581661906307,0.14495536866100528,0.5651695096769918,1.457597696136895,2.944001301911158,greedy
REQ-00011,500000,2000,62.72870969772339,42.200194120407104,"['vit_b_16', 'resnet101', 'resnet50']",terrapin,0.7432056069374084,online_weighted,62735.048457980156,True,n01667778,3.0,,,,american_alligator,american_alligator,terrapin,-1.0,-1.0,-1.0,0.537628710269928,0.540489912033081,0.7432056069374084,0.05332100727613927,0.08083581661906307,0.14495536866100528,0.6894319028383634,2.518576018483797,3.220256340043968,greedy
REQ-00006,500000,2000,79.9669361114502,28.277140140533447,"['vit_b_16', 'resnet101', 'resnet50']",prairie_chicken,0.9975069165229797,online_weighted,79985.10450008325,True,n01798484,3.0,,,,prairie_chicken,prairie_chicken,prairie_chicken,-1.0,-1.0,-1.0,0.9994680285453796,0.9975069165229797,0.8444755673408508,0.05332100727613927,0.08083581661906307,0.14495536866100528,0.6894319028383634,1.5477357265232057,2.3324541440932345,greedy
REQ-00010,500000,2000,71.48395490646362,38.24844813346863,"['vit_b_16', 'resnet101', 'resnet50']",black_swan,0.9843027591705322,online_weighted,71494.25833392888,True,n01860187,3.0,,,,black_swan,black_swan,black_swan,-1.0,-1.0,-1.0,0.9585752487182617,0.9843027591705322,0.8949183821678162,0.05332100727613927,0.08083581661906307,0.14495536866100528,0.6894319028383634,2.518576018483797,3.220256340043968,greedy
REQ-00013,500000,2000,61.13130497932434,49.09615111351013,"['vit_b_16', 'resnet101', 'resnet50']",oystercatcher,0.999589741230011,online_weighted,61136.58512500115,True,n02037110,3.0,,,,oystercatcher,oystercatcher,oystercatcher,-1.0,-1.0,-1.0,0.999914288520813,0.999589741230011,0.8938695192337036,3.2160515539214356,3.2458592640429362,3.6456460177636654,7.759934564788241,5.986250353069279,6.977222070095208,greedy
REQ-00008,500000,2000,84.14548802375793,34.952614068984985,"['vit_b_16', 'resnet101', 'resnet50']",sea_anemone,0.8764421939849854,online_weighted,84158.35158294067,True,n01914609,3.0,,,,centipede,sea_anemone,sea_anemone,-1.0,-1.0,-1.0,0.25197044014930725,0.5743646025657654,0.8764421939849854,0.05776442454915087,0.08757213467065166,0.15703498271608907,0.746884561408227,1.8569669666934592,2.526825322767671,greedy
REQ-00012,500000,2000,73.21136212348938,46.9657769203186,"['vit_b_16', 'resnet101', 'resnet50']",wallaby,0.9985460042953491,online_weighted,73217.93883387,True,n01877812,3.0,,,,wallaby,wallaby,wallaby,-1.0,-1.0,-1.0,0.9997841715812683,0.9985460042953491,0.879319429397583,0.05332100727613927,0.08083581661906307,0.15703498271608907,5.156764739955662,4.995278636043292,6.481736211582244,greedy
REQ-00014,500000,2000,72.1168782711029,49.45106482505798,"['vit_b_16', 'resnet101', 'resnet50']",cock,0.9607586860656738,online_weighted,72120.64629187807,True,n01514668,3.0,,,,cock,cock,cock,-1.0,-1.0,-1.0,0.9741455316543579,0.9607586860656738,0.8734009265899658,3.7420535832700135,3.771861293391514,3.8413241414369517,7.955612688461527,6.181928476742565,8.235000431488142,greedy
REQ-00000,500000,2000,65.44690775871277,1.1920928955078125e-05,"['vit_b_16', 'resnet101', 'resnet50']",snail,0.9982736110687256,online_weighted,65448.08525010012,True,n01944390,3.0,,,,snail,snail,snail,-1.0,-1.0,-1.0,0.9962273836135864,0.9982736110687256,0.8900685906410217,0.05332100727613927,0.08083581661906307,0.14495536866100528,9.683855011926976,17.02905963420055,6.360013998817307,greedy
REQ-00003,500000,2000,95.00259518623352,5.729918956756592,"['vit_b_16', 'resnet101', 'resnet50']",dungeness_crab,0.8444991707801819,online_weighted,95003.98900010623,False,n01978455,3.0,,,,dungeness_crab,dungeness_crab,dungeness_crab,-1.0,-1.0,-1.0,0.9447446465492249,0.8444991707801819,0.656650185585022,0.05332100727613927,0.08083581661906307,0.14495536866100528,9.683855011926976,17.02905963420055,5.821411398935576,greedy
REQ-00004,500000,2000,97.88952970504761,6.972193002700806,"['vit_b_16', 'resnet101', 'resnet50']",axolotl,0.9996415376663208,online_weighted,97891.49208297022,True,n01632777,3.0,,,,axolotl,axolotl,axolotl,-1.0,-1.0,-1.0,0.9999773502349854,0.9996415376663208,0.8175768852233887,0.05332100727613927,0.08083581661906307,0.14495536866100528,9.683855011926976,17.02905963420055,5.266989559042019,greedy
REQ-00001,500000,2000,112.25846099853516,1.1969969272613525,"['vit_b_16', 'resnet101', 'resnet50']",bulbul,0.9999594688415527,online_weighted,112260.28208318166,True,n01560419,3.0,,,,bulbul,bulbul,bulbul,-1.0,-1.0,-1.0,0.9980812072753906,0.9999594688415527,0.9125882387161255,0.05332100727613927,0.08083581661906307,0.14495536866100528,9.683855011926976,17.02905963420055,6.360013998817307,greedy
REQ-00006,500000,2000,108.71299004554749,9.134248971939087,"['vit_b_16', 'resnet101', 'resnet50']",red-backed_sandpiper,0.9286677241325378,online_weighted,108715.26808291674,True,n02027492,3.0,,,,red-backed_sandpiper,red-backed_sandpiper,red-backed_sandpiper,-1.0,-1.0,-1.0,0.6888046860694885,0.9286677241325378,0.6546543836593628,0.05332100727613927,0.08757213467065166,0.15703498271608907,10.490842929587558,18.448147937050596,5.705905355628854,greedy
REQ-00005,500000,2000,111.11557984352112,8.107105016708374,"['vit_b_16', 'resnet101', 'resnet50']",sea_lion,0.9995301961898804,online_weighted,111117.75545799173,True,n02077923,3.0,,,,sea_lion,sea_lion,sea_lion,-1.0,-1.0,-1.0,0.9997331500053406,0.9995301961898804,0.9009178280830383,0.05332100727613927,0.08083581661906307,0.14495536866100528,9.683855011926976,17.02905963420055,5.266989559042019,greedy
REQ-00002,500000,2000,115.18577218055725,4.33748197555542,"['vit_b_16', 'resnet101', 'resnet50']",electric_ray,0.8579149842262268,online_weighted,115188.06629185565,True,n01496331,3.0,,,,electric_ray,electric_ray,electric_ray,-1.0,-1.0,-1.0,0.9716516733169556,0.8579149842262268,0.8206233382225037,0.05332100727613927,0.08083581661906307,0.14495536866100528,9.683855011926976,17.02905963420055,5.821411398935576,greedy
REQ-00008,500000,2000,111.92657899856567,10.43415117263794,"['vit_b_16', 'resnet101', 'resnet50']",hognose_snake,0.9985324144363403,online_weighted,111928.84779209271,True,n01729322,3.0,,,,hognose_snake,hognose_snake,hognose_snake,-1.0,-1.0,-1.0,0.9496631026268005,0.9985324144363403,0.8898058533668518,5.763669780177951,5.793477490299452,5.862940338344888,16.19674828521636,24.154053292679393,11.411810711257653,greedy
REQ-00010,500000,2000,121.08256697654724,15.409703969955444,"['vit_b_16', 'resnet101', 'resnet50']",bittern,0.9998528957366943,online_weighted,121084.89600010216,True,n02011460,3.0,,,,bittern,bittern,bittern,-1.0,-1.0,-1.0,0.9994285702705383,0.9998528957366943,0.8956379890441895,6.106742267580489,6.136549977701991,6.206012825747427,16.539820772618896,24.668662023783178,13.137277189791952,greedy
REQ-00007,500000,2000,140.04657363891602,9.858325004577637,"['vit_b_16', 'resnet101', 'resnet50']",hermit_crab,0.9995405673980713,online_weighted,140049.4592920877,True,n01986214,3.0,,,,hermit_crab,hermit_crab,hermit_crab,-1.0,-1.0,-1.0,0.9997426867485046,0.9995405673980713,0.887738823890686,5.763669780177897,5.793477490299398,5.862940338344835,16.1967482852163,24.15405329267934,11.4118107112576,greedy
REQ-00009,500000,2000,141.4564962387085,11.753530025482178,"['vit_b_16', 'resnet101', 'resnet50']",stingray,0.998406708240509,online_weighted,141459.24425008707,True,n01498041,3.0,,,,stingray,stingray,stingray,-1.0,-1.0,-1.0,0.9983428716659546,0.998406708240509,0.8991284966468811,6.020974145729841,6.050781855851342,6.1202447038967795,16.454052650768247,24.41135765823129,12.183723807913326,greedy
REQ-00011,500000,2000,134.58516097068787,22.95632290840149,"['vit_b_16', 'resnet101', 'resnet50']",chickadee,0.9998284578323364,online_weighted,134587.4683749862,True,n01592084,3.0,,,,chickadee,chickadee,chickadee,-1.0,-1.0,-1.0,0.9960343241691589,0.9998284578323364,0.9016503691673279,13.628989238377576,19.043729019682804,19.11319186772824,29.446999814599707,37.912313770024355,27.735874936725764,greedy
REQ-00013,500000,2000,124.38746976852417,36.274688959121704,"['vit_b_16', 'resnet101', 'resnet50']",white_stork,0.9858382344245911,online_weighted,124389.6453329362,True,n02002556,3.0,,,,white_stork,white_stork,white_stork,-1.0,-1.0,-1.0,0.9796066880226135,0.9858382344245911,0.8820312023162842,16.05585939202542,15.494054718639735,15.563517566685173,25.89732551355664,34.362639468981286,25.971950044665057,greedy
REQ-00016,500000,2000,119.54715394973755,45.28306198120117,"['vit_b_16', 'resnet101', 'resnet50']",leatherback_turtle,0.9589315056800842,online_weighted,119549.44941704161,True,n01665541,3.0,,,,leatherback_turtle,leatherback_turtle,leatherback_turtle,-1.0,-1.0,-1.0,0.9363377690315247,0.9589315056800842,0.8406674861907959,14.721877331744924,14.751685041866425,14.821147889911863,25.15495583678333,36.22214795955212,25.693277032070434,greedy
REQ-00012,500000,2000,136.64360666275024,28.488847970962524,"['vit_b_16', 'resnet101', 'resnet50']",chambered_nautilus,0.9991375207901001,online_weighted,136646.4495419059,True,n01968897,3.0,,,,chambered_nautilus,chambered_nautilus,chambered_nautilus,-1.0,-1.0,-1.0,0.993371844291687,0.9991375207901001,0.9122377634048462,15.621775031795123,13.955509603033509,14.024972451078947,24.358780397950415,32.82409435337506,23.174570748238445,greedy
REQ-00018,500000,2000,122.77069401741028,49.02867293357849,"['vit_b_16', 'resnet101', 'resnet50']",magpie,0.9988908171653748,online_weighted,122772.1915000584,True,n01582220,3.0,,,,magpie,magpie,magpie,-1.0,-1.0,-1.0,0.9913291931152344,0.9988908171653748,0.8854872584342957,13.617290118846231,13.64709782896773,13.716560677013169,24.050368623884637,34.653864082474726,24.463868683923458,greedy
REQ-00015,500000,2000,130.47730708122253,42.49535608291626,"['vit_b_16', 'resnet101', 'resnet50']",garden_spider,0.7301307320594788,online_weighted,130479.27491599694,False,n01775062,3.0,,,,barn_spider,garden_spider,garden_spider,-1.0,-1.0,-1.0,0.42686253786087036,0.7301307320594788,0.3113028109073639,15.746538693369875,15.776346403491376,15.276552939522952,25.61036088639442,34.075674841819065,25.684985417502833,greedy
REQ-00017,500000,2000,125.81426692008972,47.230005979537964,"['vit_b_16', 'resnet101', 'resnet50']",wallaby,0.9314728379249573,online_weighted,125816.85520801693,True,n01877812,3.0,,,,macaque,wallaby,wallaby,-1.0,-1.0,-1.0,0.7851396799087524,0.9314728379249573,0.8768422603607178,14.729339784855764,14.759147494977265,14.828610343022703,25.16241828989417,35.765913748484266,25.237042821002586,greedy
REQ-00014,500000,2000,133.15957188606262,39.9105498790741,"['vit_b_16', 'resnet101', 'resnet50']",whiptail,0.7034627795219421,online_weighted,133160.1530420594,True,n01685808,3.0,,,,common_iguana,whiptail,whiptail,-1.0,-1.0,-1.0,0.4096218943595886,0.4278780519962311,0.7034627795219421,15.464247008518234,15.494054718639735,15.563517566685173,25.89732551355664,33.555803615102434,25.165114190786205,greedy
REQ-00002,500000,2000,34.716970920562744,3.3492629528045654,"['vit_b_16', 'resnet101', 'resnet50']",great_white_shark,0.9095168113708496,online_weighted,34717.54312491976,True,n01484850,3.0,,,,agama,agama,great_white_shark,-1.0,-1.0,-1.0,0.9938867688179016,0.9095168113708496,0.8927057981491089,0.053006455499318074,0.1019617933522769,0.14513208505369402,0.6782919106491727,1.1826361477406355,0.6758573643916452,greedy
REQ-00000,500000,2000,61.42314696311951,3.0994415283203125e-06,"['vit_b_16', 'resnet101', 'resnet50']",electric_ray,0.7792176008224487,online_weighted,61424.270750023425,True,n01496331,3.0,,,,agama,agama,electric_ray,-1.0,-1.0,-1.0,0.670693576335907,0.49793243408203125,0.7792176008224487,0.053006455499318074,0.1019617933522769,0.14513208505369402,0.6782919106491727,1.1826361477406355,0.7916114869032657,greedy
REQ-00001,500000,2000,70.65403318405151,1.910628080368042,"['vit_b_16', 'resnet101', 'resnet50']",great_grey_owl,0.9999809265136719,online_weighted,70655.3219591733,True,n01622779,3.0,,,,agama,agama,great_grey_owl,-1.0,-1.0,-1.0,0.9999529123306274,0.9999809265136719,0.8880892992019653,0.053006455499318074,0.1019617933522769,0.14513208505369402,0.6782919106491727,1.1826361477406355,0.7299287382129391,greedy
REQ-00003,500000,2000,84.22742486000061,5.968923091888428,"['vit_b_16', 'resnet101', 'resnet50']",chickadee,0.9999600648880005,online_weighted,84228.97420800291,True,n01592084,3.0,,,,agama,agama,chickadee,-1.0,-1.0,-1.0,0.9979711174964905,0.9999600648880005,0.8948978781700134,0.053006455499318074,0.1019617933522769,0.14513208505369402,0.6782919106491727,1.1826361477406355,0.6281436279524807,greedy
REQ-00005,500000,2000,102.735595703125,12.547770977020264,"['vit_b_16', 'resnet101', 'resnet50']",american_coot,0.9946150183677673,online_weighted,102737.58337483741,True,n02018207,3.0,,,,agama,agama,american_coot,-1.0,-1.0,-1.0,0.9979304075241089,0.9946150183677673,0.8894076347351074,0.053006455499318074,0.1019617933522769,0.14513208505369402,0.6782919106491727,1.1826361477406355,0.6281436279524807,greedy
REQ-00007,500000,2000,100.61026501655579,17.130057096481323,"['vit_b_16', 'resnet101', 'resnet50']",kite,0.9069059491157532,online_weighted,100612.1747919824,True,n01608432,3.0,,,,agama,agama,kite,-1.0,-1.0,-1.0,0.8621366024017334,0.9069059491157532,0.9062958359718323,0.7379125904060575,0.7909475397467629,0.8377153557566315,1.4153051668184002,1.9616780903341513,1.3609778605636504,greedy
REQ-00004,500000,2000,121.91006278991699,9.452801942825317,"['vit_b_16', 'resnet101', 'resnet50']",hummingbird,0.9996519088745117,online_weighted,121912.46791696176,True,n01833805,3.0,,,,agama,agama,hummingbird,-1.0,-1.0,-1.0,0.9999767541885376,0.9996519088745117,0.9025894999504089,0.053006455499318074,0.1019617933522769,0.14513208505369402,0.6782919106491727,1.1826361477406355,0.6281436279524807,greedy
REQ-00008,500000,2000,114.997239112854,19.02528715133667,"['vit_b_16', 'resnet101', 'resnet50']",indigo_bunting,0.9944043159484863,online_weighted,114999.3840828538,True,n01537544,3.0,,,,indigo_bunting,indigo_bunting,indigo_bunting,-1.0,-1.0,-1.0,0.9490818381309509,0.9944043159484863,0.9008172750473022,0.7379125904060864,0.7909475397467918,0.8377153557566603,1.415305166818429,1.9616780903341802,1.3609778605636793,greedy
REQ-00006,500000,2000,121.98922991752625,14.285600185394287,"['vit_b_16', 'resnet101', 'resnet50']",komodo_dragon,0.9718087911605835,online_weighted,121991.76312494092,True,n01695060,3.0,,,,komodo_dragon,komodo_dragon,komodo_dragon,-1.0,-1.0,-1.0,0.9689545631408691,0.9718087911605835,0.8885977268218994,0.05742366012426125,0.11045860946496663,0.15722642547483517,0.7348162365366038,1.281189160052355,0.6804889302818541,greedy
REQ-00009,500000,2000,115.82096004486084,22.603801012039185,"['vit_b_16', 'resnet101', 'resnet50']",axolotl,0.9921835064888,online_weighted,115823.36691697128,True,n01632777,3.0,,,,axolotl,axolotl,axolotl,-1.0,-1.0,-1.0,0.9963529109954834,0.9921835064888,0.8326188921928406,1.5858795462772441,1.6389144956179496,1.4384155855271326,2.016005396588901,4.213166945766083,3.8884093694139326,greedy
REQ-00014,500000,2000,107.27937722206116,32.4799690246582,"['vit_b_16', 'resnet101', 'resnet50']",red-backed_sandpiper,0.9999793767929077,online_weighted,107281.20454121381,True,n02027492,3.0,,,,red-backed_sandpiper,red-backed_sandpiper,red-backed_sandpiper,-1.0,-1.0,-1.0,0.9999721050262451,0.9999793767929077,0.894824743270874,2.8618004515662543,3.2104869087505867,3.2572547247604553,3.834844535822224,8.536213739761362,7.469909372201878,greedy
REQ-00010,500000,2000,123.51146411895752,24.499229192733765,"['vit_b_16', 'resnet101', 'resnet50']",oystercatcher,0.9995660185813904,online_weighted,123513.85874999687,True,n02037110,3.0,,,,agama,agama,oystercatcher,-1.0,-1.0,-1.0,0.9989086389541626,0.9995660185813904,0.904394805431366,1.9462245080403422,1.9992594573810474,2.046027273390916,2.826154313740593,5.023315862917776,5.8666946489627945,greedy
REQ-00011,500000,2000,132.65791702270508,25.998661994934082,"['vit_b_16', 'resnet101', 'resnet50']",crayfish,0.8536909222602844,online_weighted,132660.0871249102,True,n01985128,3.0,,,,agama,agama,crayfish,-1.0,-1.0,-1.0,0.41893187165260315,0.9618264436721802,0.8536909222602844,2.569766360966955,2.6228013103076604,2.669569126317529,3.247158937379297,5.44432048655648,6.287699272601499,greedy
REQ-00012,500000,2000,135.21745896339417,28.768633127212524,"['vit_b_16', 'resnet101', 'resnet50']",thunder_snake,0.825623095035553,online_weighted,135220.1727081556,True,n01728572,3.0,,,,agama,agama,thunder_snake,-1.0,-1.0,-1.0,0.6052829623222351,0.5079492330551147,0.825623095035553,2.8502078535981554,2.903242802938861,2.9500106189487294,3.527600430010498,5.72476197918768,6.568140765232699,greedy
REQ-00013,500000,2000,136.0224711894989,31.134944200515747,"['vit_b_16', 'resnet101', 'resnet50']",agama,0.8025909066200256,online_weighted,136025.1156250015,True,n01687978,3.0,,,,agama,agama,agama,-1.0,-1.0,-1.0,0.7917932271957397,0.6762734651565552,0.8025909066200256,2.723089054378138,2.7761240037188433,2.822891819728712,3.4004816307904804,8.101850834729618,6.441021966012682,greedy
REQ-00016,500000,2000,130.19861316680908,37.189302921295166,"['vit_b_16', 'resnet101', 'resnet50']",toucan,0.9974259734153748,online_weighted,130200.94795897603,True,n01843383,3.0,,,,agama,toucan,toucan,-1.0,-1.0,-1.0,0.9978305697441101,0.9974259734153748,0.8967167735099792,4.163497128207081,4.216532077547787,4.263299893557655,4.840889704619424,9.672713984377344,10.537519901148288,greedy
REQ-00019,500000,2000,122.57661986351013,45.57371807098389,"['vit_b_16', 'resnet101', 'resnet50']",redshank,0.9941390752792358,online_weighted,122579.07025003806,True,n02028035,3.0,,,,redshank,redshank,redshank,-1.0,-1.0,-1.0,0.9717335104942322,0.9941390752792358,0.8873839974403381,5.227130828470276,5.280165777810981,5.32693359382085,6.342466222895625,14.772949937631367,12.1702835513353,greedy
REQ-00018,500000,2000,127.63803696632385,44.32651114463806,"['vit_b_16', 'resnet101', 'resnet50']",crayfish,0.9978826642036438,online_weighted,127640.51262498833,True,n01985128,3.0,,,,crayfish,crayfish,crayfish,-1.0,-1.0,-1.0,0.9311282634735107,0.9978826642036438,0.711728572845459,4.714840088916592,4.767875038257297,4.814642854267166,6.090526589363825,14.521010304099567,11.918343917803503,greedy
REQ-00015,500000,2000,139.09414911270142,34.16487503051758,"['vit_b_16', 'resnet101', 'resnet50']",axolotl,0.984305202960968,online_weighted,139096.44720796496,True,n01632777,3.0,,,,axolotl,axolotl,axolotl,-1.0,-1.0,-1.0,0.9354788064956665,0.984305202960968,0.8830621242523193,3.8363650226968495,3.889399972037555,3.9361677880474235,4.5137575991091925,9.21512680304833,9.168374911530554,greedy
REQ-00017,500000,2000,133.30138397216797,41.90545201301575,"['vit_b_16', 'resnet101', 'resnet50']",albatross,0.9958866238594055,online_weighted,133301.4489589259,True,n02058221,3.0,,,,redshank,albatross,albatross,-1.0,-1.0,-1.0,0.9878653883934021,0.9958866238594055,0.8978992104530334,4.2789956231104,4.332030572451106,4.814642854267166,5.83017548334194,14.260659198077681,11.657992811781616,greedy
REQ-00000,500000,2000,25.3915798664093,2.1457672119140625e-06,"['vit_b_16', 'resnet101', 'resnet50']",chiton,0.9990239143371582,online_weighted,25391.135917045176,True,n01955084,3.0,,,,chiton,chiton,chiton,-1.0,-1.0,-1.0,0.6074640154838562,0.9990239143371582,0.8221887946128845,0.053006455499318074,0.1019617933522769,0.14513208505369402,10.014651699581373,24.71162876734647,10.123256450378909,greedy
REQ-00001,500000,2000,88.64971399307251,1.0771961212158203,"['vit_b_16', 'resnet101', 'resnet50']",black_and_gold_garden_spider,0.8005897998809814,online_weighted,88648.59745814465,True,n01773157,3.0,,,,black_and_gold_garden_spider,black_and_gold_garden_spider,black_and_gold_garden_spider,-1.0,-1.0,-1.0,0.40376150608062744,0.8005897998809814,0.5994470715522766,0.053006455499318074,0.1019617933522769,0.14513208505369402,10.014651699581373,24.71162876734647,9.168765605341019,greedy
REQ-00005,500000,2000,108.43182110786438,7.839020013809204,"['vit_b_16', 'resnet101', 'resnet50']",spoonbill,0.9946310520172119,online_weighted,108430.5375830736,True,n02006656,3.0,,,,spoonbill,spoonbill,spoonbill,-1.0,-1.0,-1.0,0.9997479319572449,0.9946310520172119,0.8966664671897888,0.053006455499318074,0.1019617933522769,0.14513208505369402,10.014651699581373,22.664416490611824,8.270550644806917,greedy
REQ-00003,500000,2000,111.74237585067749,5.041059255599976,"['vit_b_16', 'resnet101', 'resnet50']",thunder_snake,0.8904619812965393,online_weighted,111740.99587509409,True,n01728572,3.0,,,,thunder_snake,thunder_snake,thunder_snake,-1.0,-1.0,-1.0,0.9138494729995728,0.8904619812965393,0.8045645356178284,0.053006455499318074,0.1019617933522769,0.14513208505369402,10.014651699581373,24.71162876734647,8.270550644806917,greedy
REQ-00004,500000,2000,117.36349821090698,5.262552261352539,"['vit_b_16', 'resnet101', 'resnet50']",ringneck_snake,0.7129643559455872,online_weighted,117361.92120797932,False,n01728572,3.0,,,,ringneck_snake,ringneck_snake,ringneck_snake,-1.0,-1.0,-1.0,0.42770862579345703,0.7129643559455872,0.6854109764099121,0.053006455499318074,0.1019617933522769,0.14513208505369402,10.014651699581373,24.71162876734647,8.270550644806917,greedy
REQ-00002,500000,2000,133.4576427936554,1.4544909000396729,"['vit_b_16', 'resnet101', 'resnet50']",garter_snake,0.9989114999771118,online_weighted,133455.72945917957,True,n01735189,3.0,,,,garter_snake,garter_snake,garter_snake,-1.0,-1.0,-1.0,0.9617528915405273,0.9989114999771118,0.8815980553627014,0.053006455499318074,0.1019617933522769,0.14513208505369402,10.014651699581373,24.71162876734647,8.270550644806917,greedy
REQ-00006,500000,2000,142.94352889060974,9.899215936660767,"['vit_b_16', 'resnet101', 'resnet50']",hammerhead,0.9985358715057373,online_weighted,142941.88225013204,True,n01494475,3.0,,,,hammerhead,hammerhead,hammerhead,-1.0,-1.0,-1.0,0.9989780187606812,0.9985358715057373,0.893585205078125,0.05742366012426125,0.11045860946496663,0.15722642547483517,10.84920600787982,24.553117864829478,8.959763198540827,greedy
REQ-00009,500000,2000,140.95392608642578,12.610656023025513,"['vit_b_16', 'resnet101', 'resnet50']",redshank,0.9915097951889038,online_weighted,140952.2183749359,True,n02028035,3.0,,,,redshank,redshank,redshank,-1.0,-1.0,-1.0,0.980097770690918,0.9915097951889038,0.8880935311317444,9.01718685866507,9.070221808005776,9.116989624015645,19.80896920642063,33.51288106337029,17.91952639708164,greedy
REQ-00007,500000,2000,161.5342619419098,10.8528151512146,"['vit_b_16', 'resnet101', 'resnet50']",black_grouse,0.9976824522018433,online_weighted,161532.43020898663,True,n01795545,3.0,,,,black_grouse,black_grouse,black_grouse,-1.0,-1.0,-1.0,0.9830484390258789,0.9976824522018433,0.8945088982582092,9.017186858665035,9.07022180800574,9.11698962401561,19.808969206420592,33.51288106337025,17.9195263970816,greedy
REQ-00008,500000,2000,160.01281309127808,12.405118942260742,"['vit_b_16', 'resnet101', 'resnet50']",conch,0.9676721787452698,online_weighted,160011.03658298962,True,n01943899,3.0,,,,conch,conch,conch,-1.0,-1.0,-1.0,0.7653072476387024,0.9576721787452698,0.9230695962905884,9.017186858665061,9.070221808005767,9.116989624015636,19.808969206420624,33.51288106337027,17.919526397081626,greedy
REQ-00010,500000,2000,176.0273880958557,13.464463949203491,"['vit_b_16', 'resnet101', 'resnet50']",sea_lion,0.9880403637886047,online_weighted,176025.22270800546,True,n02077923,3.0,,,,sea_lion,sea_lion,sea_lion,-1.0,-1.0,-1.0,0.9015522003173828,0.5004927515983582,0.8880403637886047,12.915525525237236,12.968560474577941,13.01532829058781,23.707307872992796,37.41121972994245,21.465968210466386,greedy
REQ-00014,500000,2000,174.51060605049133,22.267765998840332,"['vit_b_16', 'resnet101', 'resnet50']",diamondback,0.9811587333679199,online_weighted,174508.0589998979,True,n01755581,3.0,,,,diamondback,diamondback,diamondback,-1.0,-1.0,-1.0,0.7646490931510925,0.9811587333679199,0.8928331136703491,16.86315128905931,16.916186238400016,16.962954054409884,27.654933636814867,41.35884549376452,26.01422203787142,greedy
REQ-00015,500000,2000,174.25692105293274,23.93301796913147,"['vit_b_16', 'resnet101', 'resnet50']",conch,0.9999513626098633,online_weighted,174255.00445906073,True,n01943899,3.0,,,,conch,conch,conch,-1.0,-1.0,-1.0,0.9994476437568665,0.9999513626098633,0.4125733375549316,16.019014264615013,16.07204921395572,16.118817029965587,26.81079661237057,40.514708469320226,25.170085013427126,greedy
REQ-00011,500000,2000,180.64706015586853,18.626606225967407,"['vit_b_16', 'resnet101', 'resnet50']",wombat,0.9779904961585999,online_weighted,180645.1053339988,True,n01883070,3.0,,,,wombat,wombat,wombat,-1.0,-1.0,-1.0,0.9966624975204468,0.9279904961585999,0.4128035306930542,21.421491221058517,20.677263594425412,20.72403141043528,31.416010992840263,45.11992284978993,29.775299393896823,greedy
REQ-00012,500000,2000,180.6083059310913,20.34822416305542,"['vit_b_16', 'resnet101', 'resnet50']",sea_snake,0.9792463183403015,online_weighted,180606.19654203765,True,n01751748,3.0,,,,sea_snake,sea_snake,sea_snake,-1.0,-1.0,-1.0,0.9909467697143555,0.4792463183403015,0.9021489024162292,19.3955623623922,19.448597311732907,19.495365127742772,30.187344710147762,43.891256567097415,28.546633111204315,greedy
REQ-00017,500000,2000,171.63760209083557,30.061414003372192,"['vit_b_16', 'resnet101', 'resnet50']",wallaby,0.992994487285614,online_weighted,171635.26320806704,True,n01877812,3.0,,,,wallaby,wallaby,wallaby,-1.0,-1.0,-1.0,0.9972954392433167,0.692994487285614,0.4120613098144531,15.40376745141787,15.456802400758576,15.503570216768445,27.08130645671878,39.89946165612309,25.509281755032077,greedy
REQ-00016,500000,2000,180.17900323867798,24.058934211730957,"['vit_b_16', 'resnet101', 'resnet50']",cock,0.9760233163833618,online_weighted,180176.40274995938,True,n01514668,3.0,,,,cock,cock,cock,-1.0,-1.0,-1.0,0.9736653566360474,0.6760233163833618,0.8778501749038696,15.343704645059576,15.396739594400282,15.44350741041015,26.13548699281514,39.83939884976479,24.49477539387169,greedy
REQ-00019,500000,2000,174.67125129699707,35.12990212440491,"['vit_b_16', 'resnet101', 'resnet50']",great_white_shark,0.8867275714874268,online_weighted,174669.27499999292,True,n01484850,3.0,,,,great_white_shark,great_white_shark,great_white_shark,-1.0,-1.0,-1.0,0.5155540108680725,0.7988381385803223,0.8867275714874268,14.783448987251594,14.8364839365923,14.883251752602169,26.460987992552504,40.03042483880719,25.285485119491952,greedy
REQ-00013,500000,2000,188.13515186309814,22.11100125312805,"['vit_b_16', 'resnet101', 'resnet50']",great_white_shark,0.87969970703125,online_weighted,188132.16320890933,True,n01484850,3.0,,,,great_white_shark,great_white_shark,great_white_shark,-1.0,-1.0,-1.0,0.8066922426223755,0.5060867786407471,0.87969970703125,17.94847032048769,18.001505269828396,18.04827308583826,28.74025266824325,42.4441645251929,27.099541069299804,greedy
REQ-00023,500000,2000,162.61365818977356,48.21229910850525,"['vit_b_16', 'resnet101', 'resnet50']",hummingbird,0.9993799924850464,online_weighted,162611.72683304176,True,n01833805,3.0,,,,hummingbird,hummingbird,hummingbird,-1.0,-1.0,-1.0,0.9999699592590332,0.5993799924850464,0.898234486579895,19.749013558966546,19.80204850830725,19.848816324317117,31.426552564267457,44.99598941052214,30.75741672732429,greedy
REQ-00020,500000,2000,174.24509692192078,37.0579719543457,"['vit_b_16', 'resnet101', 'resnet50']",kite,0.7516810297966003,online_weighted,174243.17437503487,True,n01608432,3.0,,,,vulture,kite,kite,-1.0,-1.0,-1.0,0.49941977858543396,0.7516810297966003,0.5074627876281738,15.663403969948646,15.716438919289352,15.763206735299221,27.340942975249554,40.91037982150425,26.165440102189006,greedy
REQ-00021,500000,2000,175.02316999435425,41.40085315704346,"['vit_b_16', 'resnet101', 'resnet50']",tailed_frog,0.9722242951393127,online_weighted,175020.77258308418,True,n01644900,3.0,,,,tailed_frog,tailed_frog,tailed_frog,-1.0,-1.0,-1.0,0.3750658929347992,0.5722242951393127,0.8006187081336975,16.605965756549896,16.659000705890602,16.70576852190047,28.283504761850807,41.852941608105496,27.35887635955379,greedy
REQ-00018,500000,2000,183.74553799629211,32.703152894973755,"['vit_b_16', 'resnet101', 'resnet50']",lorikeet,0.9957804679870605,online_weighted,183743.1152909994,True,n01820546,3.0,,,,lorikeet,lorikeet,lorikeet,-1.0,-1.0,-1.0,0.997819185256958,0.5957804679870605,0.8829097151756287,15.162227672230022,15.215262621570728,15.262030437580597,26.839766677530932,40.40920352378562,25.664263804470377,greedy
REQ-00022,500000,2000,174.03529500961304,42.432498931884766,"['vit_b_16', 'resnet101', 'resnet50']",king_snake,0.9135130405426025,online_weighted,174032.61629096232,True,n01734418,3.0,,,,king_snake,king_snake,king_snake,-1.0,-1.0,-1.0,0.9217753410339355,0.5438281297683716,0.8135130405426025,17.50682694514391,17.559861894484616,17.60662971049448,29.184365950444818,42.75380279669951,28.259737548147804,greedy





