REQ-00000,5000,2000,0.8156616687774658,2.1457672119140625e-06,"['vit_b_16', 'resnet101']",hermit_crab,1.0,weighted_majority,815.1944580022246,True,n01986214,2.0,,,,,hermit_crab,hermit_crab,-1.0,-1.0,-1.0,-1.0,0.992293119430542,0.8577474355697632,0.06063428565634692,0.08797917435442625,0.1402577350263695,0.1970157013915215,0.6790314143556508,0.30946346672507347,greedy
REQ-00006,5000,2000,6.877220869064331,12.081044912338257,['resnet18'],sea_slug,1.0,weighted_majority,6876.989749958739,True,n01950731,2.0,,sea_slug,,,,,-1.0,0.8026881217956543,-1.0,-1.0,-1.0,-1.0,49.584072874916664,0.0953107722172951,50.41502854591667,51.80517324016667,54.104043468583335,38.869693120916665,greedy
REQ-00002,5000,2000,17.917731046676636,2.2673962116241455,"['vit_b_16', 'resnet50']",black_grouse,1.0,weighted_majority,17917.521709110588,True,n01795545,2.0,,,,black_grouse,,black_grouse,-1.0,-1.0,-1.0,0.8557479381561279,-1.0,0.8635379672050476,0.06063428565634692,0.08797917435442625,0.1402577350263695,0.1970157013915215,49.942193971,0.3059205280473095,greedy
REQ-00004,5000,2000,12.824525833129883,8.38410210609436,"['mobilenet_v3_small', 'resnet34']",peacock,1.0,weighted_majority,12824.323500040919,True,n01806143,2.0,peacock,,peacock,,,,0.9992483258247375,-1.0,0.9991981387138367,-1.0,-1.0,-1.0,0.06063428565634692,0.08797917435442625,0.1402577350263695,47.820159914,49.942193971,35.879716727,greedy
REQ-00007,5000,2000,11.44927430152893,14.546568870544434,['mobilenet_v3_small'],black_and_gold_garden_spider,1.0,weighted_majority,11449.048958020285,Skipped,n01773549,2.0,black_and_gold_garden_spider,,,,,,0.9226862788200378,-1.0,-1.0,-1.0,-1.0,-1.0,101.38924611508334,55.88738904016667,102.22020178608335,103.61034648033333,105.90921670875001,53.204566666028185,greedy
REQ-00010,5000,2000,6.159166097640991,21.77853488922119,['mobilenet_v3_small'],banded_gecko,1.0,weighted_majority,6159.09658302553,Skipped,n01675722,2.0,banded_gecko,,,,,,0.8455307483673096,-1.0,-1.0,-1.0,-1.0,-1.0,99.16814574983334,50.206642611578914,51.01165104156739,51.56245407544008,103.68811634350001,50.9834663007782,greedy
REQ-00011,5000,2000,4.73852014541626,23.219866037368774,['mobilenet_v3_small'],night_snake,1.0,weighted_majority,4738.469792064279,Skipped,n01740131,2.0,night_snake,,,,,,0.7481034398078918,-1.0,-1.0,-1.0,-1.0,-1.0,99.16814574983334,50.2066426115789,51.01165104156738,51.56245407544007,103.68811634350001,50.98346630077819,greedy
REQ-00001,5000,2000,26.955497980117798,1.3082549571990967,"['resnet101', 'resnet50']",thunder_snake,0.6405075595927839,weighted_majority,26955.372374970466,True,n01924916,2.0,,,,thunder_snake,flatworm,,-1.0,-1.0,-1.0,0.9204211831092834,0.5165972709655762,-1.0,0.06063428565634692,0.08797917435442625,0.1402577350263695,0.1970157013915215,0.6449659729200857,35.879716727,greedy
REQ-00012,5000,2000,3.586085796356201,24.773298025131226,['mobilenet_v3_small'],black_widow,1.0,weighted_majority,3586.0018329694867,Skipped,n01774384,2.0,black_widow,,,,,,0.9989956021308899,-1.0,-1.0,-1.0,-1.0,-1.0,83.29958185836891,34.33807872011448,35.14308715010296,35.69389018397565,36.71729378204934,35.114902409313764,greedy
REQ-00013,5000,2000,3.7559778690338135,25.18172001838684,['mobilenet_v3_small'],crayfish,1.0,weighted_majority,3755.8413750957698,Skipped,n01985128,2.0,crayfish,,,,,,0.7761322259902954,-1.0,-1.0,-1.0,-1.0,-1.0,87.26672283123501,38.305219692980586,39.11022812296906,39.66103115684175,40.684434754915436,39.08204338217987,greedy
REQ-00014,5000,2000,2.1213741302490234,26.876391887664795,['mobilenet_v3_small'],wallaby,1.0,weighted_majority,2121.2653750553727,Skipped,n01877812,2.0,wallaby,,,,,,0.9473612308502197,-1.0,-1.0,-1.0,-1.0,-1.0,87.26672283123501,38.305219692980586,39.11022812296906,39.66103115684175,40.684434754915436,39.08204338217987,greedy
REQ-00015,5000,2000,0.5321919918060303,29.431089162826538,"['vit_b_16', 'mobilenet_v3_small']",crane,1.0,weighted_majority,532.155292108655,True,n02012849,2.0,crane,,,,,crane,0.9997716546058655,-1.0,-1.0,-1.0,-1.0,0.8911170363426208,0.9248376594607408,0.5746797569189837,1.3177644615237325,1.6727506281271325,2.7708782756280774,1.2917477777183208,greedy
REQ-00016,5000,2000,0.4542398452758789,30.276156187057495,"['vit_b_16', 'mobilenet_v3_small']",bustard,1.0,weighted_majority,454.10262513905764,True,n02018795,2.0,bustard,,,,,bustard,0.9999732971191406,-1.0,-1.0,-1.0,-1.0,0.857565701007843,0.8376623935146668,0.5746797569189837,1.3177644615237325,1.6727506281271325,2.7708782756280774,1.1799408999464889,greedy
REQ-00017,5000,2000,0.6583561897277832,32.00235319137573,"['vit_b_16', 'mobilenet_v3_small']",green_lizard,1.0,weighted_majority,658.1513748969883,True,n01693334,2.0,green_lizard,,,,,green_lizard,0.5169432759284973,-1.0,-1.0,-1.0,-1.0,0.384577214717865,0.7590693541632001,0.5746797569189837,1.3177644615237325,1.6727506281271325,2.7708782756280774,1.08155960995184,greedy
REQ-00018,5000,2000,0.5017237663269043,32.88367414474487,"['vit_b_16', 'mobilenet_v3_small']",great_white_shark,1.0,weighted_majority,501.66449998505414,True,n01484850,2.0,great_white_shark,,,,,great_white_shark,0.862683892250061,-1.0,-1.0,-1.0,-1.0,0.8345521688461304,0.6883331187468801,0.5746797569189837,1.3177644615237325,1.6727506281271325,2.7708782756280774,1.010216048956656,greedy
REQ-00019,5000,2000,0.5522539615631104,34.411705017089844,"['vit_b_16', 'mobilenet_v3_small']",thunder_snake,1.0,weighted_majority,551.9900410436094,True,n01728572,2.0,thunder_snake,,,,,thunder_snake,0.8753733038902283,-1.0,-1.0,-1.0,-1.0,0.8478742241859436,0.6244806068721921,0.5746797569189837,1.3177644615237325,1.6727506281271325,2.7708782756280774,0.9284257440609904,greedy
REQ-00020,5000,2000,1.0742180347442627,34.985628843307495,"['vit_b_16', 'mobilenet_v3_small']",tiger_shark,1.0,weighted_majority,1074.0562921855599,True,n01491361,2.0,tiger_shark,,,,,tiger_shark,0.5103376507759094,-1.0,-1.0,-1.0,-1.0,0.9024620056152344,0.5670389461849729,0.5746797569189837,1.3177644615237325,1.6727506281271325,2.7708782756280774,0.8654991696548915,greedy
REQ-00021,5000,2000,0.7604169845581055,39.183391094207764,"['vit_b_16', 'mobilenet_v3_small']",water_snake,0.6458966272813538,weighted_majority,759.0384581126273,True,n01751748,2.0,sea_snake,,,,,water_snake,0.4764252007007599,-1.0,-1.0,-1.0,-1.0,0.8690158128738403,0.5155085515664757,0.5746797569189837,1.3177644615237325,1.6727506281271325,2.7708782756280774,0.8563805526894024,greedy
REQ-00022,5000,2000,1.3370871543884277,44.68300795555115,"['vit_b_16', 'mobilenet_v3_small']",chiton,1.0,weighted_majority,1336.9429160375148,True,n01955084,2.0,chiton,,,,,chiton,0.9998464584350586,-1.0,-1.0,-1.0,-1.0,0.8584198951721191,0.46899559640982813,0.5746797569189837,1.3177644615237325,1.6727506281271325,2.7708782756280774,0.8185790974204622,greedy
REQ-00023,5000,2000,0.9364640712738037,47.31976914405823,"['vit_b_16', 'mobilenet_v3_small']",common_iguana,1.0,weighted_majority,936.2117080017924,True,n01677366,2.0,common_iguana,,,,,common_iguana,0.9850682616233826,-1.0,-1.0,-1.0,-1.0,0.8675582408905029,0.42679473676884533,0.5746797569189837,1.3177644615237325,1.6727506281271325,2.7708782756280774,0.827871087678416,greedy
REQ-00024,5000,2000,7.359320163726807,47.64296507835388,"['mobilenet_v3_small', 'resnet101']",albatross,1.0,weighted_majority,7359.047624981031,True,n02058221,2.0,albatross,,,,albatross,,0.9769658446311951,-1.0,-1.0,-1.0,0.9994056224822998,-1.0,0.4623609648329158,0.6225697366622323,1.4275781666507101,1.8121465138043935,3.001784798597084,38.869693120916665,greedy
REQ-00008,5000,2000,56.97959613800049,18.29776096343994,['mobilenet_v3_small'],bullfrog,1.0,weighted_majority,56979.385749902576,Skipped,n01644900,2.0,bullfrog,,,,,,0.48950815200805664,-1.0,-1.0,-1.0,-1.0,-1.0,50.72730834858012,54.08176651041667,100.41457925633334,101.80472395058334,104.103594179,51.39894413627819,greedy
REQ-00000,5000,2000,76.21178317070007,4.0531158447265625e-06,"['vit_b_16', 'resnet101']",wombat,0.5316372420909039,weighted_majority,76211.491541937,True,n01883070,2.0,,,,,beaver,wombat,-1.0,-1.0,-1.0,-1.0,0.2521882951259613,0.2862582206726074,0.06063428565634692,0.08797917435442625,0.1402577350263695,0.1970157013915215,0.6449659729200857,0.2983379200525661,greedy
REQ-00009,5000,2000,58.52381420135498,19.517027139663696,['mobilenet_v3_small'],dungeness_crab,1.0,weighted_majority,58523.467750055715,Skipped,n01978287,2.0,dungeness_crab,,,,,,0.7024663090705872,-1.0,-1.0,-1.0,-1.0,-1.0,75.15546596695674,26.193962828702293,75.98642163795674,77.37656633220672,79.67543656062341,26.97078651790158,greedy
REQ-00005,5000,2000,70.02623891830444,8.954553127288818,"['mobilenet_v3_small', 'resnet34']",king_snake,1.0,weighted_majority,70025.90629202314,True,n01756291,2.0,king_snake,,king_snake,,,,0.8345828056335449,-1.0,0.8424952626228333,-1.0,-1.0,-1.0,0.059711757090712234,0.08797917435442625,0.1402577350263695,47.820159914,49.942193971,35.879716727,greedy
REQ-00003,5000,2000,78.77628207206726,3.140752077102661,"['vit_b_16', 'resnet50']",ptarmigan,1.0,weighted_majority,78776.08616580255,True,n01796340,2.0,,,,ptarmigan,,ptarmigan,-1.0,-1.0,-1.0,0.9960886240005493,-1.0,0.8927902579307556,0.06063428565634692,0.08797917435442625,0.1402577350263695,0.1970157013915215,49.942193971,0.2920599752425786,greedy
REQ-00028,5000,2000,43.78461003303528,53.15758800506592,"['vit_b_16', 'mobilenet_v3_small']",spotted_salamander,1.0,weighted_majority,43784.36850011349,True,n01632458,2.0,spotted_salamander,,,,,spotted_salamander,0.9307780265808105,-1.0,-1.0,-1.0,-1.0,0.6890197396278381,1.254913460334456,1.4876184221486932,2.2926268521371713,2.6771951992908543,54.9690921540698,1.7300973709729166,greedy
REQ-00026,5000,2000,44.96237397193909,51.987969160079956,"['vit_b_16', 'mobilenet_v3_small']",garter_snake,1.0,weighted_majority,44962.17920887284,True,n01735189,2.0,garter_snake,,,,,garter_snake,0.9534085392951965,-1.0,-1.0,-1.0,-1.0,0.8491913080215454,1.2549134603344663,1.4876184221487034,2.292626852137181,2.677195199290865,54.969092154069806,1.7300973709729268,greedy
REQ-00044,5000,2000,16.682392835617065,81.62335801124573,['mobilenet_v3_small'],pelican,1.0,weighted_majority,16682.204583194107,Skipped,n01698640,2.0,pelican,,,,,,0.23208779096603394,-1.0,-1.0,-1.0,-1.0,-1.0,60.21213819661744,9.558473571763006,10.363482001751482,10.748050348905167,12.321255120504816,12.091671364653733,greedy
REQ-00043,5000,2000,18.59677290916443,81.49251198768616,['mobilenet_v3_small'],red-backed_sandpiper,1.0,weighted_majority,18596.595542039722,Skipped,n02027492,2.0,red-backed_sandpiper,,,,,,0.895294725894928,-1.0,-1.0,-1.0,-1.0,-1.0,55.93911866649105,5.285454041636618,6.090462471625096,6.475030818778778,8.048235590378429,7.818651834527344,greedy
REQ-00045,5000,2000,20.30832529067993,82.92324614524841,['mobilenet_v3_small'],tarantula,1.0,weighted_majority,20308.146457886323,Skipped,n01774750,2.0,tarantula,,,,,,0.37643930315971375,-1.0,-1.0,-1.0,-1.0,-1.0,64.4526689955065,13.799004370652062,14.60401280064054,14.988581147794223,16.561785919393873,16.33220216354279,greedy
REQ-00046,5000,2000,19.460684061050415,87.55995607376099,['mobilenet_v3_small'],white_stork,1.0,weighted_majority,19460.33920813352,Skipped,n02002556,2.0,white_stork,,,,,,0.9745419025421143,-1.0,-1.0,-1.0,-1.0,-1.0,69.22493627739222,18.57127165253779,19.376280082526268,19.760848429679953,21.334053201279602,21.104469445428517,greedy
REQ-00032,5000,2000,55.42832279205322,61.52702808380127,"['mobilenet_v3_small', 'resnet101']",bustard,1.0,weighted_majority,55428.031290881336,True,n02018795,2.0,bustard,,,,bustard,,0.9999371767044067,-1.0,-1.0,-1.0,0.9995774626731873,-1.0,1.0965188234549665,1.3292237852692037,2.1342322152576814,2.518800562411365,4.092005334011014,39.57634716952364,greedy
REQ-00047,5000,2000,34.256022930145264,88.93952012062073,['mobilenet_v3_small'],spider_web,1.0,weighted_majority,34255.87600003928,Skipped,n01773549,2.0,spider_web,,,,,,0.5202772617340088,-1.0,-1.0,-1.0,-1.0,-1.0,73.74757968339829,23.093915058543846,23.898923488532326,24.28349183568601,25.85669660728566,25.627112851434575,greedy
REQ-00035,5000,2000,55.21098518371582,72.96204018592834,"['mobilenet_v3_small', 'resnet101']",banded_gecko,1.0,weighted_majority,55210.64200019464,True,n01675722,2.0,banded_gecko,,,,banded_gecko,,0.9987743496894836,-1.0,-1.0,-1.0,0.9999529123306274,-1.0,0.9381241865754788,1.170829148389716,1.9758375783781938,2.3604059255318774,3.9336106971315266,39.41795253264416,greedy
REQ-00048,5000,2000,40.253565311431885,90.11380195617676,['mobilenet_v3_small'],whiptail,1.0,weighted_majority,40253.25049995445,Skipped,n01685808,2.0,whiptail,,,,,,0.9834729433059692,-1.0,-1.0,-1.0,-1.0,-1.0,78.23773435816702,27.584069733312578,28.389078163301058,28.773646510454743,30.346851282054388,30.117267526203307,greedy
REQ-00025,5000,2000,81.68896794319153,49.191856145858765,"['vit_b_16', 'mobilenet_v3_small']",american_lobster,0.5849716051232199,weighted_majority,81688.42670903541,True,n01985128,2.0,american_lobster,,,,,crayfish,0.9039801955223083,-1.0,-1.0,-1.0,-1.0,0.6413601040840149,0.38986477484799514,0.6225697366622323,1.4275781666507101,1.8121465138043935,54.104043468583335,0.8650486854864556,greedy
REQ-00037,5000,2000,56.22076201438904,74.6784839630127,"['mobilenet_v3_small', 'resnet101']",bulbul,1.0,weighted_majority,56220.52308381535,True,n01560419,2.0,bulbul,,,,bulbul,,0.9768433570861816,-1.0,-1.0,-1.0,0.9999861717224121,-1.0,0.92228472288753,1.154989684701767,1.959998114690245,2.3445664618439284,3.917771233443578,39.402113068956204,greedy
REQ-00030,5000,2000,78.7929379940033,55.36428999900818,"['mobilenet_v3_small', 'resnet101']",chiton,1.0,weighted_majority,78792.53837489523,True,n01955084,2.0,chiton,,,,chiton,,0.9320764541625977,-1.0,-1.0,-1.0,0.9998071789741516,-1.0,1.2549134603344547,1.4876184221486919,2.2926268521371695,2.6771951992908534,4.250399970890502,39.73474180640312,greedy
REQ-00049,5000,2000,43.65932583808899,91.51952910423279,['mobilenet_v3_small'],bustard,1.0,weighted_majority,43659.19325011782,Skipped,n02018795,2.0,bustard,,,,,,0.6923522353172302,-1.0,-1.0,-1.0,-1.0,-1.0,83.04249037129007,32.38882574643564,33.193834176424126,33.57840252357781,35.151607295177456,34.922023539326375,greedy
REQ-00050,5000,2000,50.014235973358154,91.93231630325317,['mobilenet_v3_small'],peacock,1.0,weighted_majority,50006.96466700174,Skipped,n01806143,2.0,peacock,,,,,,0.997043788433075,-1.0,-1.0,-1.0,-1.0,-1.0,87.8147576531758,37.161093028321375,37.96610145830985,38.35066980546354,39.92387457706319,39.69429082121211,greedy
REQ-00034,5000,2000,80.16370582580566,66.67643117904663,"['mobilenet_v3_small', 'resnet101']",goldfinch,0.794948652665629,weighted_majority,80151.44633385353,True,n01531178,2.0,lemon,,,,goldfinch,,0.2573206424713135,-1.0,-1.0,-1.0,0.9975876808166504,-1.0,0.9579235161854149,1.1906284779996519,1.9956369079881298,2.3802052551418136,3.9534100267414622,39.43775186225409,greedy
REQ-00051,5000,2000,54.93332290649414,93.9849898815155,['mobilenet_v3_small'],jellyfish,1.0,weighted_majority,54919.38529186882,Skipped,n01910747,2.0,jellyfish,,,,,,0.40981602668762207,-1.0,-1.0,-1.0,-1.0,-1.0,92.58702493506155,41.933360310207114,42.73836874019559,43.12293708734928,44.69614185894893,44.466558103097846,greedy
REQ-00039,5000,2000,75.78253483772278,75.27701926231384,"['mobilenet_v3_small', 'resnet101']",kite,0.6632247682383184,weighted_majority,75767.12691690773,True,n01608432,2.0,black_stork,,,,kite,,0.38262414932250977,-1.0,-1.0,-1.0,0.7535168528556824,-1.0,0.8589268681357353,1.0916318299499723,1.8966402599384502,2.281208607092134,3.854413378691783,39.338755214204404,greedy
REQ-00052,5000,2000,55.55278396606445,95.54186487197876,['mobilenet_v3_small'],diamondback,1.0,weighted_majority,55537.36445889808,Skipped,n01755581,2.0,diamondback,,,,,,0.623836100101471,-1.0,-1.0,-1.0,-1.0,-1.0,97.10966834106762,46.456003716213175,47.26101214620165,47.64558049335533,49.21878526495499,48.98920150910391,greedy
REQ-00041,5000,2000,76.51449394226074,76.30528616905212,"['mobilenet_v3_small', 'resnet101']",tiger_shark,1.0,weighted_majority,76497.94708308764,True,n01491361,2.0,tiger_shark,,,,tiger_shark,,0.6080381274223328,-1.0,-1.0,-1.0,0.7993612289428711,-1.0,0.8122182809333247,1.0449232427475617,1.8499316727360398,2.234500019889723,3.8077047914893725,39.292046627001994,greedy
REQ-00053,5000,2000,56.92267370223999,95.95029807090759,['mobilenet_v3_small'],peacock,1.0,weighted_majority,56906.2642918434,Skipped,n01806143,2.0,peacock,,,,,,0.9999765157699585,-1.0,-1.0,-1.0,-1.0,-1.0,93.11876141805821,42.465096793203784,43.27010522319226,35.10863451009317,36.681839281692824,36.45225552584174,greedy
REQ-00036,5000,2000,82.83314824104309,74.07455110549927,"['mobilenet_v3_small', 'resnet101']",green_lizard,1.0,weighted_majority,82814.2989159096,True,n01693334,2.0,green_lizard,,,,green_lizard,,0.8312421441078186,-1.0,-1.0,-1.0,0.576115071773529,-1.0,0.92228472288753,1.154989684701767,1.959998114690245,2.3445664618439284,3.917771233443578,39.402113068956204,greedy
REQ-00042,5000,2000,80.50349020957947,76.81581807136536,"['mobilenet_v3_small', 'resnet101']",great_grey_owl,1.0,weighted_majority,80484.7712079063,True,n01622779,2.0,great_grey_owl,,,,great_grey_owl,,1.0,-1.0,-1.0,-1.0,0.9994291663169861,-1.0,0.8447070121706577,1.0774119739848949,1.8824204039733727,2.266988751127056,3.840193522726705,39.32453535823933,greedy
REQ-00054,5000,2000,60.48830270767212,97.37659907341003,['mobilenet_v3_small'],stingray,1.0,weighted_majority,60469.32883304544,Skipped,n01498041,2.0,stingray,,,,,,0.4728262424468994,-1.0,-1.0,-1.0,-1.0,-1.0,40.1540531476693,38.192077263077394,38.99708569306587,39.38165404021956,40.95485881181921,40.725275055968126,greedy
REQ-00056,5000,2000,58.58937907218933,99.32459497451782,['mobilenet_v3_small'],box_turtle,1.0,weighted_majority,58568.71287501417,Skipped,n01667778,2.0,box_turtle,,,,,,0.8623932003974915,-1.0,-1.0,-1.0,-1.0,-1.0,40.36943194944049,38.125343457731574,38.93035188772005,39.31492023487373,94.21961544091934,40.65854125062231,greedy
REQ-00027,5000,2000,106.8280930519104,52.128669023513794,"['vit_b_16', 'mobilenet_v3_small']",common_newt,1.0,weighted_majority,106808.5911248345,True,n01630670,2.0,common_newt,,,,,common_newt,0.5446163415908813,-1.0,-1.0,-1.0,-1.0,0.9077019095420837,1.2549134603344585,1.4876184221486957,2.2926268521371735,2.677195199290857,54.9690921540698,1.730097370972919,greedy
REQ-00055,5000,2000,60.74417567253113,98.30530714988708,['mobilenet_v3_small'],hornbill,1.0,weighted_majority,60724.6601250954,Skipped,n01829413,2.0,hornbill,,,,,,0.9984022974967957,-1.0,-1.0,-1.0,-1.0,-1.0,40.36943194944049,38.40745606484858,39.21246449483706,39.597032841990746,41.170237613590395,40.94065385773931,greedy
REQ-00029,5000,2000,105.56869506835938,54.41414189338684,"['vit_b_16', 'mobilenet_v3_small']",banded_gecko,0.5609724499098578,weighted_majority,105548.73033287004,True,n01675722,2.0,rock_crab,,,,,banded_gecko,0.645346462726593,-1.0,-1.0,-1.0,-1.0,0.8245987892150879,1.2549134603344547,1.4876184221486919,2.2926268521371695,2.6771951992908534,54.96909215406979,1.7300973709729153,greedy
REQ-00031,5000,2000,100.10826182365417,59.8987820148468,"['mobilenet_v3_small', 'resnet101']",drake,1.0,weighted_majority,100088.3674591314,True,n01847000,2.0,drake,,,,drake,,0.9999943971633911,-1.0,-1.0,-1.0,0.9994279742240906,-1.0,1.159876678206762,1.392581640020999,2.1975900700094773,2.58215841716316,4.155363188762809,39.63970502427543,greedy
REQ-00033,5000,2000,110.70443415641785,62.23802590370178,"['mobilenet_v3_small', 'resnet101']",dowitcher,0.5690305835342377,weighted_majority,110681.0616669245,True,n02027492,2.0,dowitcher,,,,red-backed_sandpiper,,0.7076549530029297,-1.0,-1.0,-1.0,0.5359600186347961,-1.0,0.9833797971124756,1.2160847589267127,2.0210931889151906,2.405661536068874,3.9788663076685227,39.46320814318115,greedy
REQ-00038,5000,2000,104.80728220939636,75.115238904953,"['mobilenet_v3_small', 'resnet101']",macaw,1.0,weighted_majority,104783.1762500573,True,n01818515,2.0,macaw,,,,macaw,,0.9977669715881348,-1.0,-1.0,-1.0,0.9999663829803467,-1.0,0.8661266243575302,1.0988315861717672,1.9038400161602451,2.2884083633139287,3.861613134913578,39.345954970426206,greedy
REQ-00040,5000,2000,114.0689709186554,75.92494702339172,"['mobilenet_v3_small', 'resnet101']",tailed_frog,1.0,weighted_majority,114040.9382910002,True,n01644900,2.0,tailed_frog,,,,tailed_frog,,0.5543792247772217,-1.0,-1.0,-1.0,0.9683323502540588,-1.0,0.8518169401531965,1.0845219019674335,1.8895303319559114,2.274098679109595,3.847303450709244,39.33164528622187,greedy
REQ-00000,5000,2000,1.2306501865386963,3.0994415283203125e-06,"['vit_b_16', 'resnet101']",goose,1.0,weighted_majority,1228.7065829150379,True,n01855672,2.0,,,,,goose,goose,-1.0,-1.0,-1.0,-1.0,0.9969929456710815,0.8618209958076477,0.05006865556421443,0.09095012064090363,0.15241416392929263,0.12254822003504362,0.47999079234920994,0.18219374552155082,greedy
REQ-00001,5000,2000,0.9148941040039062,2.466179132461548,"['vit_b_16', 'resnet101']",dungeness_crab,1.0,weighted_majority,913.7140419334173,True,n01978287,2.0,,,,,dungeness_crab,dungeness_crab,-1.0,-1.0,-1.0,-1.0,0.9127123951911926,0.8624058365821838,0.05006865556421443,0.09095012064090363,0.15241416392929263,0.12254822003504362,0.5079402131142889,0.18143077096939575,greedy
REQ-00002,5000,2000,1.443073034286499,4.804769039154053,"['vit_b_16', 'resnet101']",agama,1.0,weighted_majority,1442.536124959588,True,n01687978,2.0,,,,,agama,agama,-1.0,-1.0,-1.0,-1.0,0.9990943670272827,0.8836485147476196,0.05006865556421443,0.09095012064090363,0.15241416392929263,0.12254822003504362,0.49552789180286005,0.18190119387245618,greedy
REQ-00003,5000,2000,0.6018128395080566,7.765872001647949,"['vit_b_16', 'resnet101']",bee_eater,1.0,weighted_majority,601.6059999819845,True,n01828970,2.0,,,,,bee_eater,bee_eater,-1.0,-1.0,-1.0,-1.0,0.9999231100082397,0.8931765556335449,0.05006865556421443,0.09095012064090363,0.15241416392929263,0.12254822003504362,0.5155779026225741,0.1831367744852106,greedy
REQ-00004,5000,2000,1.3587450981140137,9.906147956848145,"['vit_b_16', 'resnet101']",mud_turtle,1.0,weighted_majority,1357.2408750187606,True,n01667114,2.0,,,,,mud_turtle,mud_turtle,-1.0,-1.0,-1.0,-1.0,0.7206231355667114,0.7522298097610474,0.05006865556421443,0.09095012064090363,0.15241416392929263,0.12254822003504362,0.4816638123603167,0.18222679703668954,greedy
REQ-00005,5000,2000,0.958960771560669,15.238348960876465,"['vit_b_16', 'resnet101']",spiny_lobster,1.0,weighted_majority,957.6915418729186,True,n01984695,2.0,,,,,spiny_lobster,spiny_lobster,-1.0,-1.0,-1.0,-1.0,0.9914827346801758,0.8203264474868774,0.05006865556421443,0.09095012064090363,0.15241416392929263,0.12254822003504362,0.511924631124285,0.18391651733302058,greedy
REQ-00006,5000,2000,0.886260986328125,16.41820502281189,"['vit_b_16', 'resnet101']",loggerhead,1.0,weighted_majority,886.0646670218557,True,n01664065,2.0,,,,,loggerhead,loggerhead,-1.0,-1.0,-1.0,-1.0,0.8097062110900879,0.8941065669059753,0.05006865556421443,0.09095012064090363,0.15241416392929263,0.12254822003504362,0.5138924680118565,0.18208136559971852,greedy
REQ-00007,5000,2000,0.699242115020752,18.991464138031006,"['vit_b_16', 'resnet101']",redshank,1.0,weighted_majority,698.9033750724047,True,n02028035,2.0,,,,,redshank,redshank,-1.0,-1.0,-1.0,-1.0,0.9999078512191772,0.8972959518432617,0.05006865556421443,0.09095012064090363,0.15241416392929263,0.12254822003504362,0.4973553212106709,0.18164572903974666,greedy
REQ-00008,5000,2000,0.705651044845581,19.872822999954224,"['vit_b_16', 'resnet101']",lorikeet,1.0,weighted_majority,705.3642920218408,True,n01820546,2.0,,,,,lorikeet,lorikeet,-1.0,-1.0,-1.0,-1.0,0.9968122839927673,0.8923059105873108,0.05006865556421443,0.09095012064090363,0.15241416392929263,0.12254822003504362,0.46389238908960384,0.180514456135772,greedy
REQ-00009,5000,2000,1.139981985092163,21.18076515197754,"['vit_b_16', 'resnet101']",vine_snake,1.0,weighted_majority,1139.5415409933776,True,n01739381,2.0,,,,,vine_snake,vine_snake,-1.0,-1.0,-1.0,-1.0,0.9893231987953186,0.8597805500030518,0.05006865556421443,0.09095012064090363,0.15241416392929263,0.12254822003504362,0.44770045018064347,0.1794672105221948,greedy
REQ-00010,5000,2000,0.8593342304229736,26.37970805168152,"['vit_b_16', 'resnet101']",bustard,1.0,weighted_majority,858.6669999640435,True,n02018795,2.0,,,,,bustard,bustard,-1.0,-1.0,-1.0,-1.0,0.9438690543174744,0.8711249828338623,0.05006865556421443,0.09095012064090363,0.15241416392929263,0.12254822003504362,0.4595919051625791,0.18059248946997533,greedy
REQ-00011,5000,2000,1.154952049255371,32.126023054122925,"['vit_b_16', 'resnet101']",tiger_shark,0.585344263072171,weighted_majority,1154.1562078054994,True,n01491361,2.0,,,,,tiger_shark,great_white_shark,-1.0,-1.0,-1.0,-1.0,0.7257177233695984,0.5140957832336426,0.05006865556421443,0.09095012064090363,0.15241416392929263,0.12254822003504362,0.44989891464632115,0.17868284052297778,greedy
REQ-00012,5000,2000,0.9482879638671875,34.58624291419983,"['vit_b_16', 'resnet101']",sea_lion,1.0,weighted_majority,946.7542499769479,True,n02077923,2.0,,,,,sea_lion,sea_lion,-1.0,-1.0,-1.0,-1.0,0.9995808005332947,0.8969669342041016,0.05006865556421443,0.09095012064090363,0.15241416392929263,0.12254822003504362,0.436728223181689,0.17620205647068002,greedy
REQ-00013,5000,2000,0.790790319442749,39.45632290840149,"['vit_b_16', 'resnet101']",terrapin,1.0,weighted_majority,788.4508329443634,True,n01667778,2.0,,,,,terrapin,terrapin,-1.0,-1.0,-1.0,-1.0,0.8941026926040649,0.7895002365112305,0.05006865556421443,0.09095012064090363,0.15241416392929263,0.12254822003504362,0.42622030086352014,0.174183850823612,greedy
REQ-00014,5000,2000,0.905397891998291,40.68383193016052,"['vit_b_16', 'resnet101']",hognose_snake,1.0,weighted_majority,905.3331250324845,True,n01729322,2.0,,,,,hognose_snake,hognose_snake,-1.0,-1.0,-1.0,-1.0,0.998316764831543,0.846983015537262,0.05006865556421443,0.09095012064090363,0.15241416392929263,0.12254822003504362,0.41651057077716813,0.1721771657412508,greedy
REQ-00015,5000,2000,1.0837130546569824,41.33078694343567,"['vit_b_16', 'resnet101']",redshank,1.0,weighted_majority,1082.87095814012,True,n02028035,2.0,,,,,redshank,redshank,-1.0,-1.0,-1.0,-1.0,0.9999819993972778,0.8741044998168945,0.05006865556421443,0.09095012064090363,0.15241416392929263,0.12254822003504362,0.4045405136994513,0.17053534916712573,greedy
REQ-00016,5000,2000,1.400773286819458,42.77994108200073,"['vit_b_16', 'resnet101']",magpie,1.0,weighted_majority,1399.6046669781208,True,n01582220,2.0,,,,,magpie,magpie,-1.0,-1.0,-1.0,-1.0,0.993847668170929,0.8657546043395996,0.05006865556421443,0.09095012064090363,0.15241416392929263,0.12254822003504362,0.3988503623295062,0.17034631425041316,greedy
REQ-00017,5000,2000,1.073819875717163,45.21294617652893,"['vit_b_16', 'resnet101']",sidewinder,1.0,weighted_majority,1072.2935828380287,True,n01756291,2.0,,,,,sidewinder,sidewinder,-1.0,-1.0,-1.0,-1.0,0.5693230032920837,0.580036997795105,0.05006865556421443,0.09095012064090363,0.15241416392929263,0.12254822003504362,0.45044742609655564,0.16939908282537186,greedy
REQ-00018,5000,2000,1.6071810722351074,52.66622614860535,"['vit_b_16', 'resnet101']",bee_eater,1.0,weighted_majority,1605.9804169926792,True,n01828970,2.0,,,,,bee_eater,bee_eater,-1.0,-1.0,-1.0,-1.0,0.9999450445175171,0.8855857849121094,0.05006865556421443,0.09095012064090363,0.15241416392929263,0.12254822003504362,0.4356823834869001,0.16823717454283466,greedy
REQ-00019,5000,2000,1.438607931137085,55.80741906166077,"['vit_b_16', 'resnet101']",goldfish,1.0,weighted_majority,1438.4545830544084,True,n01443537,2.0,,,,,goldfish,goldfish,-1.0,-1.0,-1.0,-1.0,0.9999463558197021,0.8997777104377747,0.05006865556421443,0.09095012064090363,0.15241416392929263,0.12254822003504362,0.49806374513821006,0.1669613570885512,greedy
REQ-00020,5000,2000,3.7188711166381836,56.495506048202515,"['vit_b_16', 'resnet101']",american_alligator,1.0,weighted_majority,3718.7499159481376,True,n01698640,2.0,,,,,american_alligator,american_alligator,-1.0,-1.0,-1.0,-1.0,0.9801788926124573,0.8017010688781738,0.05006865556421443,0.09095012064090363,0.15241416392929263,0.12254822003504362,0.49806374513821006,0.1665113213796961,greedy
REQ-00021,5000,2000,9.15746521949768,57.30053496360779,"['vit_b_16', 'resnet101']",stingray,1.0,weighted_majority,9157.181208021939,True,n01498041,2.0,,,,,stingray,stingray,-1.0,-1.0,-1.0,-1.0,0.8712334632873535,0.7390210628509521,0.05006865556421443,0.09095012064090363,0.15241416392929263,0.12254822003504362,0.545639170624389,0.19275528924172652,greedy
REQ-00023,5000,2000,9.136198043823242,62.19696402549744,"['vit_b_16', 'resnet101']",axolotl,1.0,weighted_majority,9136.000250000507,True,n01632777,2.0,,,,,axolotl,axolotl,-1.0,-1.0,-1.0,-1.0,0.9999886751174927,0.8506540060043335,0.05006865556421443,0.09095012064090363,0.15241416392929263,0.12254822003504362,0.7784699535619501,0.42668776031755395,greedy
REQ-00022,5000,2000,18.37486171722412,60.98730492591858,"['vit_b_16', 'resnet101']",redshank,0.5365283636290902,weighted_majority,18374.51049988158,True,n02028035,2.0,,,,,dowitcher,redshank,-1.0,-1.0,-1.0,-1.0,0.7471832633018494,0.8649612665176392,0.05006865556421443,0.09095012064090363,0.15241416392929263,0.12254822003504362,0.7784699535619501,0.42668776031755395,greedy
REQ-00025,5000,2000,38.29394507408142,68.918133020401,"['vit_b_16', 'resnet101']",king_snake,1.0,weighted_majority,38293.428000062704,True,n01734418,2.0,,,,,king_snake,king_snake,-1.0,-1.0,-1.0,-1.0,0.940738320350647,0.8329043388366699,0.05006865556421443,0.09095012064090363,0.15241416392929263,0.12254822003504362,1.3009345582057552,0.7640881858572188,greedy
REQ-00026,5000,2000,50.42950510978699,71.22204899787903,"['vit_b_16', 'resnet101']",hammerhead,1.0,weighted_majority,50428.66712482646,True,n01494475,2.0,,,,,hammerhead,hammerhead,-1.0,-1.0,-1.0,-1.0,0.997677743434906,0.8239221572875977,0.05006865556421443,0.09095012064090363,0.15241416392929263,0.12254822003504362,1.9505799023851798,0.7747881672714969,greedy
REQ-00024,5000,2000,65.86292004585266,63.36612606048584,"['resnet101', 'vit_b_16']",tench,1.0,weighted_majority,65862.02879203483,True,n01440764,2.0,,,,,tench,tench,-1.0,-1.0,-1.0,-1.0,0.9998749494552612,0.8896914720535278,0.05006865556421443,0.09095012064090363,0.15241416392929263,0.12254822003504362,0.7784699535619501,0.4717429842857986,greedy
REQ-00032,5000,2000,51.6805682182312,82.53239488601685,"['vit_b_16', 'resnet50']",macaw,1.0,weighted_majority,51679.78400015272,True,n01818515,2.0,,,,macaw,,macaw,-1.0,-1.0,-1.0,0.9949690699577332,-1.0,0.8857946395874023,1.8647123317931436,1.9090005856262233,1.9755866325219782,1.943231859969875,5.298653293090795,3.5801137846882876,greedy
REQ-00027,5000,2000,64.00353503227234,72.49614691734314,"['vit_b_16', 'resnet101']",bee_eater,1.0,weighted_majority,64002.745792036876,True,n01828970,2.0,,,,,bee_eater,bee_eater,-1.0,-1.0,-1.0,-1.0,0.9997014403343201,0.8927484154701233,0.05006865556421443,0.09095012064090363,0.15241416392929263,0.12254822003504362,1.9505799023851798,0.7747881672714969,greedy
REQ-00033,5000,2000,62.509352922439575,82.6948230266571,"['vit_b_16', 'resnet50']",axolotl,1.0,weighted_majority,62508.378584170714,True,n01632777,2.0,,,,axolotl,,axolotl,-1.0,-1.0,-1.0,0.9959295392036438,-1.0,0.8753008842468262,1.8511027345124096,1.8953909883454894,1.9619770352412442,1.9296222626891413,5.285043695810061,3.5665041874075536,greedy
REQ-00028,5000,2000,73.40363502502441,72.80907893180847,"['vit_b_16', 'resnet101']",sidewinder,0.5411543282962722,weighted_majority,73402.68658287823,True,n01753488,2.0,,,,,sidewinder,horned_viper,-1.0,-1.0,-1.0,-1.0,0.5748765468597412,0.48743879795074463,0.05006865556421443,0.09095012064090363,0.15241416392929263,0.12254822003504362,1.9505799023851798,0.7747881672714969,greedy
REQ-00031,5000,2000,67.24365878105164,81.33900308609009,"['resnet50', 'mobilenet_v3_small']",king_snake,1.0,weighted_majority,67242.86104203202,True,n01734418,2.0,king_snake,,,king_snake,,,0.9155448079109192,-1.0,-1.0,0.47837936878204346,-1.0,-1.0,3.5424230483537573,3.5867113021868375,3.653297349082592,3.620942576530489,6.976364009651409,5.257824501248902,greedy
REQ-00034,5000,2000,70.28437423706055,82.9066710472107,"['vit_b_16', 'resnet50']",black_grouse,1.0,weighted_majority,70283.52349996567,True,n01795545,2.0,,,,black_grouse,,black_grouse,-1.0,-1.0,-1.0,0.9964218139648438,-1.0,0.8997741341590881,1.8442979358720426,1.8885861897051224,1.9551722366008772,1.922817464048774,5.278238897169695,3.5596993887671866,greedy
REQ-00030,5000,2000,76.37591505050659,76.89381814002991,"['resnet101', 'resnet50']",garden_spider,0.5045463861477195,weighted_majority,76375.08962512948,True,n01773797,2.0,,,,black_and_gold_garden_spider,garden_spider,,-1.0,-1.0,-1.0,0.6828362941741943,0.6953679919242859,-1.0,2.1673692711121517,2.211657524945232,2.2782435718409864,2.2458887992888834,4.226256455168198,42.956978077720926,greedy
REQ-00036,5000,2000,69.8483157157898,84.29175114631653,"['vit_b_16', 'resnet50']",boa_constrictor,1.0,weighted_majority,69847.43974986486,True,n01742172,2.0,,,,boa_constrictor,,boa_constrictor,-1.0,-1.0,-1.0,0.9855637550354004,-1.0,0.8722950220108032,2.0156761720135137,2.0599644258465934,2.1265504727423483,2.0941957001902454,5.449617133311166,4.8001758335996865,greedy
REQ-00038,5000,2000,67.43758392333984,87.80146288871765,"['resnet50', 'mobilenet_v3_small']",goldfinch,1.0,weighted_majority,67436.77695910446,True,n01531178,2.0,goldfinch,,,goldfinch,,,0.9997052550315857,-1.0,-1.0,0.9952293634414673,-1.0,-1.0,2.3161827286345624,2.3604709824676426,2.427057029363397,2.394702256811294,5.750123689932214,6.069074161375996,greedy
REQ-00041,5000,2000,61.00633382797241,95.15451908111572,"['resnet50', 'mobilenet_v3_small']",wombat,1.0,weighted_majority,61005.535083124414,True,n01883070,2.0,wombat,,,wombat,,,0.9862722158432007,-1.0,-1.0,0.9987636804580688,-1.0,-1.0,1.9207233322382162,1.965011586071296,2.031597632967051,1.9992428604149477,8.17832860971998,5.673614764979648,greedy
REQ-00037,5000,2000,71.67700529098511,84.51228404045105,"['resnet50', 'mobilenet_v3_small']",oystercatcher,1.0,weighted_majority,71676.2182500679,True,n02037110,2.0,oystercatcher,,,oystercatcher,,,0.9999366998672485,-1.0,-1.0,0.9999587535858154,-1.0,-1.0,2.141005540103293,2.1852937939363732,2.2518798408321277,2.545192389091819,5.900613822212739,6.21956429365652,greedy
REQ-00043,5000,2000,59.727503061294556,98.48115301132202,"['resnet50', 'mobilenet_v3_small']",tarantula,1.0,weighted_majority,59726.68937500566,True,n01774750,2.0,tarantula,,,tarantula,,,0.9085809588432312,-1.0,-1.0,0.6963092088699341,-1.0,-1.0,1.65090307640326,1.6951913302363397,1.7617773771320946,1.7294226045799914,7.908508353885023,5.3785789365177585,greedy
REQ-00029,5000,2000,83.61497116088867,74.74168705940247,"['resnet101', 'resnet50']",magpie,1.0,weighted_majority,83613.97100007161,True,n01582220,2.0,,,,magpie,magpie,,-1.0,-1.0,-1.0,0.9896926283836365,0.9917675256729126,-1.0,0.05424104352789896,0.09852929736097893,0.1651153442567337,0.1327605717046306,2.1131282275839447,40.84384985013667,greedy
REQ-00042,5000,2000,61.95145082473755,97.28222799301147,"['resnet50', 'mobilenet_v3_small']",dungeness_crab,1.0,weighted_majority,61950.63512492925,True,n01978287,2.0,dungeness_crab,,,dungeness_crab,,,0.5385376811027527,-1.0,-1.0,0.7789193987846375,-1.0,-1.0,1.6398396954278742,1.684127949260954,1.7507139961567089,1.7183592236046057,7.897444972909637,5.367515555542373,greedy
REQ-00039,5000,2000,73.05232405662537,91.31079196929932,"['resnet50', 'mobilenet_v3_small']",lorikeet,1.0,weighted_majority,73051.43616697751,True,n01820546,2.0,lorikeet,,,lorikeet,,,0.953031063079834,-1.0,-1.0,0.998785674571991,-1.0,-1.0,2.07960704936767,2.12389530320075,2.190481350096505,2.1581265775444014,5.513548010665322,5.832498482109102,greedy
REQ-00040,5000,2000,74.97638702392578,92.63459801673889,"['resnet50', 'mobilenet_v3_small']",green_mamba,0.5543173806587217,weighted_majority,74975.10254196823,True,n01739381,2.0,green_mamba,,,vine_snake,,,0.6003667116165161,-1.0,-1.0,0.4827072322368622,-1.0,-1.0,1.8903465059541558,1.9346347597872355,2.00122080668299,1.9688660341308872,5.324287467251807,5.643237938695588,greedy
REQ-00044,5000,2000,84.81646394729614,98.58335399627686,"['resnet50', 'mobilenet_v3_small']",magpie,1.0,weighted_majority,84815.30104205012,True,n01582220,2.0,magpie,,,magpie,,,0.4201735556125641,-1.0,-1.0,0.7769976258277893,-1.0,-1.0,1.6619664573786457,1.7062547112117257,1.7728407581074803,1.7404859855553774,7.919571734860408,5.389642317493145,greedy
REQ-00035,5000,2000,111.2780270576477,84.00301885604858,"['vit_b_16', 'resnet50']",toucan,1.0,weighted_majority,111274.84799991362,True,n01843383,2.0,,,,toucan,,toucan,-1.0,-1.0,-1.0,0.9974514842033386,-1.0,0.9008032083511353,1.8402150566878224,1.8845033105209021,1.951089357416657,1.9187345848645538,5.274156017985474,4.199162720357589,greedy
REQ-00000,5000,2000,1.448038101196289,1.1682510375976562e-05,"['vit_b_16', 'resnet101']",agama,1.0,weighted_majority,1447.938125114888,True,n01687978,2.0,,,,,agama,agama,-1.0,-1.0,-1.0,-1.0,0.9997132420539856,0.8909512162208557,0.0705341865216505,0.09254028731497839,0.13688254353151852,0.36381402343609626,1.351451221161773,0.45923368616356086,greedy
REQ-00001,5000,2000,1.2143397331237793,1.3126096725463867,"['vit_b_16', 'resnet101']",bittern,1.0,weighted_majority,1213.8075409457088,True,n02011460,2.0,,,,,bittern,bittern,-1.0,-1.0,-1.0,-1.0,0.9999982118606567,0.8837041854858398,0.0705341865216505,0.09254028731497839,0.13688254353151852,0.36381402343609626,1.351451221161773,0.43842161754720477,greedy
REQ-00002,5000,2000,1.6448888778686523,3.7848398685455322,"['vit_b_16', 'resnet101']",green_lizard,0.5824168852770311,weighted_majority,1644.7532910387963,True,n01693334,2.0,,,,,green_lizard,american_chameleon,-1.0,-1.0,-1.0,-1.0,0.5652657151222229,0.4052860140800476,0.0705341865216505,0.09254028731497839,0.13688254353151852,0.36381402343609626,1.2220378491410364,0.41675335579248435,greedy
REQ-00003,5000,2000,3.0116608142852783,4.5678627490997314,"['vit_b_16', 'resnet101']",komodo_dragon,1.0,weighted_majority,3011.507541872561,True,n01695060,2.0,,,,,komodo_dragon,komodo_dragon,-1.0,-1.0,-1.0,-1.0,0.9937494993209839,0.8825098872184753,0.0705341865216505,0.09254028731497839,0.13688254353151852,0.36381402343609626,1.2220378491410364,0.39559522021323595,greedy
REQ-00004,5000,2000,4.415021657943726,5.0640528202056885,"['vit_b_16', 'resnet101']",water_ouzel,1.0,weighted_majority,4414.9319170974195,True,n01601694,2.0,,,,,water_ouzel,water_ouzel,-1.0,-1.0,-1.0,-1.0,0.9421627521514893,0.8871241807937622,0.0705341865216505,0.09254028731497839,0.13688254353151852,0.36381402343609626,1.2220378491410364,0.38299189819191237,greedy
REQ-00005,5000,2000,2.2937140464782715,9.211906671524048,"['vit_b_16', 'resnet101']",great_grey_owl,1.0,weighted_majority,2293.4294999577105,True,n01622779,2.0,,,,,great_grey_owl,great_grey_owl,-1.0,-1.0,-1.0,-1.0,0.9997382760047913,0.873269259929657,0.0705341865216505,0.09254028731497839,0.13688254353151852,0.36381402343609626,1.2396567478042397,0.5649504083727211,greedy
REQ-00006,5000,2000,2.508946180343628,11.088605880737305,"['vit_b_16', 'resnet101']",chiton,1.0,weighted_majority,2506.402208004147,True,n01955084,2.0,,,,,chiton,chiton,-1.0,-1.0,-1.0,-1.0,0.9980961680412292,0.8278237581253052,0.0705341865216505,0.09254028731497839,0.13688254353151852,0.36381402343609626,1.2026705730238159,0.603998067535449,greedy
REQ-00007,5000,2000,1.0990021228790283,15.779022693634033,"['vit_b_16', 'resnet101']",axolotl,1.0,weighted_majority,1098.9261250942945,True,n01632777,2.0,,,,,axolotl,axolotl,-1.0,-1.0,-1.0,-1.0,0.9999967813491821,0.8855104446411133,0.0705341865216505,0.09254028731497839,0.13688254353151852,0.36381402343609626,1.1350283441492908,0.5690221607819042,greedy
REQ-00008,5000,2000,1.91585373878479,16.599817991256714,"['vit_b_16', 'resnet101']",spiny_lobster,1.0,weighted_majority,1914.5571670960635,True,n01984695,2.0,,,,,spiny_lobster,spiny_lobster,-1.0,-1.0,-1.0,-1.0,0.9945988655090332,0.8915196657180786,0.0705341865216505,0.09254028731497839,0.13688254353151852,0.36381402343609626,1.0570657097343616,0.5351088447037138,greedy
REQ-00009,5000,2000,18.391797065734863,19.357375860214233,"['vit_b_16', 'resnet101']",american_coot,1.0,weighted_majority,18391.769167035818,True,n02018207,2.0,,,,,american_coot,american_coot,-1.0,-1.0,-1.0,-1.0,0.9979981780052185,0.8984153866767883,0.0705341865216505,0.09254028731497839,0.13688254353151852,0.36381402343609626,1.0621307387609256,0.5058424602333425,greedy
REQ-00010,5000,2000,34.67013883590698,19.772682905197144,"['vit_b_16', 'resnet101']",bittern,1.0,weighted_majority,34670.14208389446,True,n02011460,2.0,,,,,bittern,bittern,-1.0,-1.0,-1.0,-1.0,0.9986891150474548,0.8625590801239014,0.0705341865216505,0.09254028731497839,0.13688254353151852,0.36381402343609626,1.0621307387609256,0.4779888142100082,greedy
REQ-00023,5000,2000,29.069047927856445,39.07919883728027,['mobilenet_v3_small'],tailed_frog,1.0,weighted_majority,29069.063166854903,Skipped,n01644900,2.0,tailed_frog,,,,,,0.8689120411872864,-1.0,-1.0,-1.0,-1.0,-1.0,9.088282572425259,9.112122514951364,9.16015995918595,9.406002395749242,64.75998130907102,12.63666045529916,greedy
REQ-00024,5000,2000,27.39476990699768,42.00567674636841,['mobilenet_v3_small'],mud_turtle,1.0,weighted_majority,27394.66237509623,Skipped,n01667114,2.0,mud_turtle,,,,,,0.8712339401245117,-1.0,-1.0,-1.0,-1.0,-1.0,7.971350259721715,7.99519020224782,8.043227646482405,8.289070083045697,63.64304899636748,11.519728142595614,greedy
REQ-00026,5000,2000,32.403125047683716,43.73501777648926,['mobilenet_v3_small'],wombat,1.0,weighted_majority,32403.238374972716,Skipped,n01883070,2.0,wombat,,,,,,0.9999202489852905,-1.0,-1.0,-1.0,-1.0,-1.0,6.33199404444323,6.355833986969335,6.40387143120392,6.649713867767213,62.003692781089,9.88037192731713,greedy
REQ-00027,5000,2000,32.380520820617676,44.5896430015564,['mobilenet_v3_small'],whiptail,1.0,weighted_majority,32380.50974998623,Skipped,n01685808,2.0,whiptail,,,,,,0.991558313369751,-1.0,-1.0,-1.0,-1.0,-1.0,5.770251319566293,5.794091262092397,5.8421287063269824,6.087971142890275,61.44195005621206,9.31862920244019,greedy
REQ-00025,5000,2000,35.32357692718506,43.28402376174927,['mobilenet_v3_small'],chambered_nautilus,1.0,weighted_majority,35323.564416961744,Skipped,n01968897,2.0,chambered_nautilus,,,,,,0.9999997615814209,-1.0,-1.0,-1.0,-1.0,-1.0,7.10262512761896,7.1264650701450645,7.1745025143796495,7.420344950942942,62.77432386426473,10.65100301049286,greedy
REQ-00029,5000,2000,34.02427411079407,45.413097858428955,['mobilenet_v3_small'],sea_anemone,1.0,weighted_majority,34024.40120908432,Skipped,n01914609,2.0,sea_anemone,,,,,,0.9999139308929443,-1.0,-1.0,-1.0,-1.0,-1.0,5.308500051785381,5.332339994311486,5.380377438546071,5.6262198751093635,60.980198788431146,8.85687793465928,greedy
REQ-00030,5000,2000,34.54673504829407,45.85004687309265,['mobilenet_v3_small'],hornbill,1.0,weighted_majority,34546.86520900577,Skipped,n01829413,2.0,hornbill,,,,,,0.9847191572189331,-1.0,-1.0,-1.0,-1.0,-1.0,5.314867721401919,5.338707663928024,5.386745108162609,5.632587544725902,60.98656645804769,8.863245604275818,greedy
REQ-00031,5000,2000,37.925009965896606,46.52149295806885,['mobilenet_v3_small'],great_grey_owl,1.0,weighted_majority,37924.96383283287,Skipped,n01622779,2.0,great_grey_owl,,,,,,1.0,-1.0,-1.0,-1.0,-1.0,-1.0,5.321235391018456,5.345075333544561,5.393112777779146,5.638955214342439,60.99293412766422,8.869613273892355,greedy
REQ-00032,5000,2000,38.921228885650635,47.473956823349,['mobilenet_v3_small'],black_widow,1.0,weighted_majority,38921.305750031024,Skipped,n01774384,2.0,black_widow,,,,,,0.9714822173118591,-1.0,-1.0,-1.0,-1.0,-1.0,5.327603060634995,5.3514430031610996,5.399480447395684,5.645322883958976,60.999301797280765,8.875980943508894,greedy
REQ-00028,5000,2000,41.67757606506348,44.79251670837402,['mobilenet_v3_small'],terrapin,1.0,weighted_majority,41677.68995789811,Skipped,n01667778,2.0,terrapin,,,,,,0.9102641940116882,-1.0,-1.0,-1.0,-1.0,-1.0,5.3021323821688435,5.325972324694948,5.374009768929533,5.619852205492826,60.973831118814616,8.850510265042741,greedy
REQ-00011,5000,2000,71.55416202545166,20.949320793151855,"['vit_b_16', 'resnet101']",chiton,1.0,weighted_majority,71554.2374169454,True,n01955084,2.0,,,,,chiton,chiton,-1.0,-1.0,-1.0,-1.0,0.9998683929443359,0.8287444710731506,0.0705341865216505,0.09254028731497839,0.13688254353151852,0.36381402343609626,1.0621307387609256,0.4779888142100082,greedy
REQ-00017,5000,2000,65.79927396774292,27.202618837356567,"['resnet101', 'resnet50']",wolf_spider,1.0,weighted_majority,65799.34195801616,True,n01775062,2.0,,,,wolf_spider,wolf_spider,,-1.0,-1.0,-1.0,0.9005462527275085,0.9336356520652771,-1.0,1.2270536690562779,1.2508936115823832,1.2989310558169682,1.544773492380261,2.3012832673154926,41.9944914837945,greedy
REQ-00034,5000,2000,41.21628999710083,52.23913288116455,['mobilenet_v3_small'],flatworm,1.0,weighted_majority,41216.34962502867,Skipped,n01924916,2.0,flatworm,,,,,,0.9997580647468567,-1.0,-1.0,-1.0,-1.0,-1.0,5.277295918623467,5.301135861149572,5.349173305384157,5.595015741947449,60.94899465526923,8.825673801497366,greedy
REQ-00019,5000,2000,63.73688983917236,29.957260608673096,"['resnet101', 'resnet50']",green_mamba,1.0,weighted_majority,63737.16441588476,True,n01749939,2.0,,,,green_mamba,green_mamba,,-1.0,-1.0,-1.0,0.8432155847549438,0.8645939826965332,-1.0,1.227053669056201,1.2508936115823062,1.2989310558168912,1.544773492380184,2.3012832673154158,41.99449148379442,greedy
REQ-00033,5000,2000,45.56715393066406,50.313058614730835,['mobilenet_v3_small'],barn_spider,1.0,weighted_majority,45567.35016708262,Skipped,n01773549,2.0,barn_spider,,,,,,0.5964229106903076,-1.0,-1.0,-1.0,-1.0,-1.0,5.270928249006929,5.294768191533034,5.342805635767619,5.588648072330912,60.9426269856527,8.819306131880827,greedy
REQ-00036,5000,2000,46.72120404243469,52.690422773361206,['mobilenet_v3_small'],red-backed_sandpiper,1.0,weighted_majority,46721.393208019435,Skipped,n02027492,2.0,red-backed_sandpiper,,,,,,0.9554011225700378,-1.0,-1.0,-1.0,-1.0,-1.0,5.290031257856542,5.313871200382647,5.361908644617232,5.607751081180525,60.961729994502306,8.838409140730441,greedy
REQ-00012,5000,2000,79.24496006965637,21.788023710250854,"['vit_b_16', 'resnet101']",stingray,1.0,weighted_majority,79245.28783303685,True,n01498041,2.0,,,,,stingray,stingray,-1.0,-1.0,-1.0,-1.0,0.9983933568000793,0.9191175699234009,0.0705341865216505,0.09254028731497839,0.13688254353151852,0.36381402343609626,1.0621307387609256,0.4779888142100082,greedy
REQ-00040,5000,2000,44.057228088378906,57.0388548374176,['mobilenet_v3_small'],albatross,1.0,weighted_majority,44057.36900004558,Skipped,n02058221,2.0,albatross,,,,,,0.985000729560852,-1.0,-1.0,-1.0,-1.0,-1.0,5.087800565279991,5.1444848293662995,5.1925222736008845,5.438364710164177,11.41440323546609,8.669022769714093,greedy
REQ-00041,5000,2000,43.70089793205261,57.4408597946167,['mobilenet_v3_small'],sea_slug,1.0,weighted_majority,43700.96354209818,Skipped,n01924916,2.0,sea_slug,,,,,,0.8096557259559631,-1.0,-1.0,-1.0,-1.0,-1.0,5.127012556456732,5.150852498982837,5.198889943217422,5.444732379780714,11.420770905082627,8.67539043933063,greedy
REQ-00042,5000,2000,43.80322790145874,57.58335280418396,['mobilenet_v3_small'],great_grey_owl,1.0,weighted_majority,43803.39037487283,Skipped,n01622779,2.0,great_grey_owl,,,,,,0.9999489784240723,-1.0,-1.0,-1.0,-1.0,-1.0,5.133380226073269,5.157220168599375,5.205257612833959,5.451100049397252,11.427138574699164,8.68175810894717,greedy
REQ-00035,5000,2000,49.36469292640686,52.59022283554077,['mobilenet_v3_small'],kite,1.0,weighted_majority,49364.76912512444,Skipped,n01608432,2.0,kite,,,,,,0.6714696288108826,-1.0,-1.0,-1.0,-1.0,-1.0,5.283663588240005,5.30750353076611,5.355540975000695,5.601383411563988,60.955362324885776,8.832041471113904,greedy
REQ-00043,5000,2000,44.46193718910217,57.92608165740967,['mobilenet_v3_small'],wombat,1.0,weighted_majority,44462.015124969184,Skipped,n01883070,2.0,wombat,,,,,,0.6932717561721802,-1.0,-1.0,-1.0,-1.0,-1.0,5.1397478956898075,5.163587838215912,5.211625282450497,5.45746771901379,11.433506244315703,8.688125778563705,greedy
REQ-00037,5000,2000,49.23622512817383,53.55996870994568,['mobilenet_v3_small'],red-backed_sandpiper,1.0,weighted_majority,49236.22462502681,Skipped,n02027492,2.0,red-backed_sandpiper,,,,,,0.9502414464950562,-1.0,-1.0,-1.0,-1.0,-1.0,5.2963989274730805,5.320238869999185,5.3682763142337695,5.614118750797062,60.96809766411885,8.84477681034698,greedy
REQ-00039,5000,2000,49.00422811508179,56.536932706832886,['mobilenet_v3_small'],hammerhead,1.0,weighted_majority,49004.197290865704,Skipped,n01494475,2.0,hammerhead,,,,,,0.33953529596328735,-1.0,-1.0,-1.0,-1.0,-1.0,5.177319698468259,5.201159640994364,5.249197085228949,5.495039521792242,9.135119997170934,8.725697581342157,greedy
REQ-00044,5000,2000,52.371535778045654,58.69525194168091,['mobilenet_v3_small'],thunder_snake,1.0,weighted_majority,52371.62345810793,Skipped,n01728572,2.0,thunder_snake,,,,,,0.9053438305854797,-1.0,-1.0,-1.0,-1.0,-1.0,5.146115565306345,5.16995550783245,5.217992952067035,5.4638353886303275,11.43987391393224,8.694493448180243,greedy
REQ-00014,5000,2000,85.10495734214783,26.300996780395508,"['resnet101', 'resnet50']",king_snake,1.0,weighted_majority,85105.34829203971,True,n01734418,2.0,,,,king_snake,king_snake,,-1.0,-1.0,-1.0,0.9823651909828186,0.9949814677238464,-1.0,0.0705341865216505,0.09254028731497839,0.13688254353151852,0.36381402343609626,1.0621307387609256,37.702015246280006,greedy
REQ-00045,5000,2000,50.85114622116089,61.761045694351196,['mobilenet_v3_small'],bald_eagle,1.0,weighted_majority,50851.25512490049,Skipped,n01614925,2.0,bald_eagle,,,,,,0.9986067414283752,-1.0,-1.0,-1.0,-1.0,-1.0,5.08944075367828,5.113280696204385,5.16131814043897,5.407160577002263,14.726355880568406,8.63781863655218,greedy
REQ-00013,5000,2000,90.96481728553772,23.792274951934814,"['resnet101', 'resnet50']",sea_lion,0.8523149730674262,weighted_majority,90965.10499995202,True,n02077923,2.0,,,,plastic_bag,sea_lion,,-1.0,-1.0,-1.0,0.15842022001743317,0.9142695665359497,-1.0,0.0705341865216505,0.09254028731497839,0.13688254353151852,0.36381402343609626,1.0621307387609256,37.702015246280006,greedy
REQ-00016,5000,2000,91.32846403121948,26.599543809890747,"['resnet101', 'resnet50']",crayfish,1.0,weighted_majority,91328.85116687976,True,n01985128,2.0,,,,crayfish,crayfish,,-1.0,-1.0,-1.0,0.9662060737609863,0.7126740217208862,-1.0,1.227053669056432,1.250893611582537,1.298931055817122,1.5447734923804148,2.3012832673156467,41.994491483794654,greedy
REQ-00046,5000,2000,55.62959694862366,65.16690468788147,['mobilenet_v3_small'],albatross,1.0,weighted_majority,55629.66049998067,Skipped,n02058221,2.0,albatross,,,,,,0.9683358073234558,-1.0,-1.0,-1.0,-1.0,-1.0,5.032765942050214,5.056605884576319,5.104643328810904,5.350485765374197,60.704464678695985,9.217174033096878,greedy
REQ-00047,5000,2000,55.20664405822754,66.6126856803894,['mobilenet_v3_small'],flatworm,1.0,weighted_majority,55206.768500152975,Skipped,n01924916,2.0,flatworm,,,,,,0.9994962215423584,-1.0,-1.0,-1.0,-1.0,-1.0,5.039133611666752,5.062973554192857,5.111010998427442,5.356853434990735,60.71083234831252,9.223541702713415,greedy
REQ-00049,5000,2000,55.335411071777344,68.32893371582031,['mobilenet_v3_small'],hummingbird,1.0,weighted_majority,55335.553125012666,Skipped,n01833805,2.0,hummingbird,,,,,,0.9987726807594299,-1.0,-1.0,-1.0,-1.0,-1.0,5.100215816197679,5.097990020596963,5.146027464831548,5.39186990139484,20.535740296626155,9.25855816911752,greedy
REQ-00020,5000,2000,93.11042404174805,30.633739709854126,"['vit_b_16', 'resnet101']",hognose_snake,1.0,weighted_majority,93110.72366684675,True,n01729322,2.0,,,,,hognose_snake,hognose_snake,-1.0,-1.0,-1.0,-1.0,0.39879274368286133,0.8659936785697937,1.2270536690561855,1.2508936115822908,1.2989310558168758,1.5447734923801686,2.3012832673154002,2.732416452512489,greedy
REQ-00052,5000,2000,53.82301211357117,70.3081636428833,['mobilenet_v3_small'],peacock,1.0,weighted_majority,53817.14112497866,Skipped,n01806143,2.0,peacock,,,,,,0.9984265565872192,-1.0,-1.0,-1.0,-1.0,-1.0,5.253285326302777,5.127535466387923,5.175572910622508,5.4214153471858,20.565285742417117,9.288103614908481,greedy
REQ-00053,5000,2000,53.8523268699646,70.62918090820312,['mobilenet_v3_small'],bulbul,1.0,weighted_majority,53852.55541582592,Skipped,n01560419,2.0,bulbul,,,,,,0.9957369565963745,-1.0,-1.0,-1.0,-1.0,-1.0,5.272118812789395,5.14636895287454,5.194406397109125,5.440248833672418,20.58411922890373,9.306937101395098,greedy
REQ-00054,5000,2000,54.87555980682373,71.55180788040161,['mobilenet_v3_small'],peacock,1.0,weighted_majority,54875.77670789324,Skipped,n01806143,2.0,peacock,,,,,,0.9999964237213135,-1.0,-1.0,-1.0,-1.0,-1.0,5.290952299276013,5.165202439361158,5.213239883595743,5.459082320159036,20.60295271539035,9.325770587881717,greedy
REQ-00048,5000,2000,58.62576103210449,68.05307865142822,['mobilenet_v3_small'],king_snake,1.0,weighted_majority,58626.00008305162,Skipped,n01734418,2.0,king_snake,,,,,,0.8865557909011841,-1.0,-1.0,-1.0,-1.0,-1.0,5.071977933226956,5.0958178757530606,5.143855319987646,5.389697756550938,20.533568151782255,9.250018354657081,greedy
REQ-00055,5000,2000,55.49576020240784,71.95862865447998,['mobilenet_v3_small'],whiptail,1.0,weighted_majority,55495.819417061284,Skipped,n01685808,2.0,whiptail,,,,,,0.990655243396759,-1.0,-1.0,-1.0,-1.0,-1.0,5.290952299276013,5.165202439361158,5.213239883595743,5.459082320159036,20.60295271539035,9.344604074368334,greedy
REQ-00056,5000,2000,53.642581939697266,73.84168291091919,['mobilenet_v3_small'],book_jacket,1.0,weighted_majority,53642.774500185624,Skipped,n01667778,2.0,book_jacket,,,,,,0.43533700704574585,-1.0,-1.0,-1.0,-1.0,-1.0,5.328619272249248,5.202869412334394,5.250906856568978,5.496749293132271,20.640619688363586,9.363437560854951,greedy
REQ-00050,5000,2000,62.9017059803009,68.85228967666626,['mobilenet_v3_small'],night_snake,1.0,weighted_majority,62901.679708156735,Skipped,n01753488,2.0,night_snake,,,,,,0.7686100602149963,-1.0,-1.0,-1.0,-1.0,-1.0,5.108755630658118,5.106529835057403,5.154567279291987,5.40040971585528,20.544280111086593,9.26709798357796,greedy
REQ-00051,5000,2000,63.627811670303345,69.30805563926697,['mobilenet_v3_small'],flatworm,1.0,weighted_majority,63628.02579184063,Skipped,n01924916,2.0,flatworm,,,,,,0.4492616355419159,-1.0,-1.0,-1.0,-1.0,-1.0,5.117295445118558,5.115069649517842,5.163107093752427,5.402581860699182,20.546452255930497,9.269270128421864,greedy
REQ-00015,5000,2000,106.54501414299011,26.41495180130005,"['resnet101', 'resnet50']",garter_snake,1.0,weighted_majority,106545.40533293039,True,n01735189,2.0,,,,garter_snake,garter_snake,,-1.0,-1.0,-1.0,0.9682857394218445,0.9872452616691589,-1.0,0.0705341865216505,0.10025197792455992,0.14828942215914506,0.3941318587224376,1.1506416336576692,40.84384985013667,greedy
REQ-00022,5000,2000,99.2987608909607,34.19624185562134,"['resnet101', 'vit_b_16']",goldfinch,1.0,weighted_majority,99298.98145794868,True,n01531178,2.0,,,,,goldfinch,goldfinch,-1.0,-1.0,-1.0,-1.0,0.9974798560142517,0.8703263998031616,1.2886441240843236,1.312484066610429,1.360521510845014,1.6063639474083067,2.3628737223435383,3.7421428589884846,greedy
REQ-00060,5000,2000,50.55206918716431,83.9667398929596,['mobilenet_v3_small'],tick,1.0,weighted_majority,50552.17504198663,Skipped,n01776313,2.0,tick,,,,,,0.9998102784156799,-1.0,-1.0,-1.0,-1.0,-1.0,6.797387710147765,5.6838065275231955,5.7318439717577805,5.977686408321073,23.35811624863451,9.844374676043754,greedy
REQ-00061,5000,2000,50.57342195510864,84.86678075790405,['mobilenet_v3_small'],red-backed_sandpiper,1.0,weighted_majority,50573.52091697976,Skipped,n02027492,2.0,red-backed_sandpiper,,,,,,0.9991658926010132,-1.0,-1.0,-1.0,-1.0,-1.0,7.203465671188742,5.778591621285752,5.826629065520337,6.07247150208363,23.452901342397066,9.93915976980631,greedy
REQ-00062,5000,2000,50.12206220626831,85.34039187431335,['mobilenet_v3_small'],black_and_gold_garden_spider,1.0,weighted_majority,50122.24308308214,Skipped,n01773797,2.0,black_and_gold_garden_spider,,,,,,0.7937188148498535,-1.0,-1.0,-1.0,-1.0,-1.0,7.3305595068410385,5.905685456938048,5.953722901172633,6.199565337735926,23.579995178049366,10.066253605458607,greedy
REQ-00057,5000,2000,61.05867385864258,75.81437492370605,['mobilenet_v3_small'],goldfish,1.0,weighted_majority,61058.85699996725,Skipped,n01443537,2.0,goldfish,,,,,,0.9987157583236694,-1.0,-1.0,-1.0,-1.0,-1.0,5.663309111429552,5.537559251514697,5.585596695749282,5.831439132312575,23.21186897262601,9.698127400035256,greedy
REQ-00021,5000,2000,109.30353116989136,31.46417999267578,"['resnet101', 'vit_b_16']",prairie_chicken,1.0,weighted_majority,109303.95249999128,True,n01798484,2.0,,,,,prairie_chicken,prairie_chicken,-1.0,-1.0,-1.0,-1.0,0.9982927441596985,0.8845685720443726,1.313280306095603,1.3371202486217084,1.3851576928562934,1.6310001294195862,2.387509904354818,3.766779040999764,greedy
REQ-00064,5000,2000,46.10899496078491,95.10255789756775,['mobilenet_v3_small'],african_elephant,1.0,weighted_majority,46108.91937511042,Skipped,n01877812,2.0,african_elephant,,,,,,0.4457683563232422,-1.0,-1.0,-1.0,-1.0,-1.0,61.95247381756108,10.604176412453977,10.652213856688562,13.384191498427926,32.021961868248475,14.764744560974536,greedy
REQ-00059,5000,2000,58.33053493499756,83.57560777664185,['mobilenet_v3_small'],chickadee,1.0,weighted_majority,58330.43433399871,Skipped,n01592084,2.0,chickadee,,,,,,0.9954550266265869,-1.0,-1.0,-1.0,-1.0,-1.0,6.69623494676867,5.582653764144101,5.6306912083786855,5.876533644941978,23.256963485255415,9.74322191266466,greedy
REQ-00065,5000,2000,45.937204122543335,96.56636166572571,['mobilenet_v3_small'],whiptail,1.0,weighted_majority,45937.181167071685,Skipped,n01685808,2.0,whiptail,,,,,,0.9616222977638245,-1.0,-1.0,-1.0,-1.0,-1.0,66.23348526319718,14.885187858090077,14.933225302324661,17.665202944064024,36.30297331388458,19.045756006610635,greedy
REQ-00058,5000,2000,65.27672028541565,77.31308794021606,['mobilenet_v3_small'],sulphur-crested_cockatoo,1.0,weighted_majority,65277.02174987644,Skipped,n01819313,2.0,sulphur-crested_cockatoo,,,,,,0.9047179222106934,-1.0,-1.0,-1.0,-1.0,-1.0,5.779310374387142,5.576501720328443,5.624539164563028,5.87038160112632,23.250811441439758,9.737069868849,greedy
REQ-00067,5000,2000,46.44474697113037,96.95172882080078,['mobilenet_v3_small'],water_ouzel,1.0,weighted_majority,46444.91400010884,Skipped,n01601694,2.0,water_ouzel,,,,,,0.7885436415672302,-1.0,-1.0,-1.0,-1.0,-1.0,74.80824349370246,23.459946088595355,23.507983532829943,26.239961174569302,44.87773154438986,27.620514237115916,greedy
REQ-00069,5000,2000,46.444983959198,98.01133060455322,['mobilenet_v3_small'],crane,1.0,weighted_majority,46445.14949992299,Skipped,n02012849,2.0,crane,,,,,,0.9959083795547485,-1.0,-1.0,-1.0,-1.0,-1.0,83.38300172420774,32.03470431910064,32.08274176333522,34.814719405074584,53.452489774895135,36.195272467621194,greedy
REQ-00063,5000,2000,51.072876930236816,94.93666362762451,['mobilenet_v3_small'],chiton,1.0,weighted_majority,51072.80395901762,Skipped,n01955084,2.0,chiton,,,,,,0.8974043130874634,-1.0,-1.0,-1.0,-1.0,-1.0,57.665094702308444,6.316797297201338,6.3648347414359225,9.096812383175287,27.734582752995838,10.477365445721897,greedy
REQ-00038,5000,2000,91.79158902168274,55.93148183822632,['mobilenet_v3_small'],wombat,1.0,weighted_majority,91791.85925005004,Skipped,n01883070,2.0,wombat,,,,,,0.9895310401916504,-1.0,-1.0,-1.0,-1.0,-1.0,5.170952028851722,5.194791971377827,5.242829415612412,5.488671852175704,9.128752327554396,8.71932991172562,greedy
REQ-00066,5000,2000,52.72664499282837,96.8503737449646,['mobilenet_v3_small'],sidewinder,1.0,weighted_majority,52726.71258402988,Skipped,n01756291,2.0,sidewinder,,,,,,0.5480595827102661,-1.0,-1.0,-1.0,-1.0,-1.0,70.52086437844983,19.172566973342718,19.220604417577306,21.952582059316665,40.59035242913722,23.333135121863275,greedy
REQ-00018,5000,2000,120.79350924491882,28.803744792938232,"['resnet101', 'resnet50']",kite,1.0,weighted_majority,120794.01370813139,True,n01608432,2.0,,,,kite,kite,,-1.0,-1.0,-1.0,0.9940922856330872,0.9977486729621887,-1.0,1.2270536690562268,1.250893611582332,1.2989310558169174,1.5447734923802097,2.3012832673154415,41.99449148379445,greedy
REQ-00068,5000,2000,52.55891299247742,97.05414175987244,['mobilenet_v3_small'],king_snake,1.0,weighted_majority,52558.166458969936,Skipped,n01729322,2.0,king_snake,,,,,,0.5059290528297424,-1.0,-1.0,-1.0,-1.0,-1.0,79.09562260895511,27.747325203848,27.795362648082584,30.527340289821947,49.165110659642494,31.907893352368557,greedy
REQ-00000,5000,2000,0.8265373706817627,2.1457672119140625e-06,"['resnet34', 'resnet18']",goldfish,1.0,weighted_majority,826.3940839096904,True,n01443537,2.0,,goldfish,goldfish,,,,-1.0,0.99320387840271,0.9999673366546631,-1.0,-1.0,-1.0,-1.0,0.08191247299497134,0.14818973670129718,-1.0,-1.0,-1.0,greedy
REQ-00001,5000,2000,0.9063570499420166,0.17336606979370117,"['resnet34', 'resnet18']",goose,1.0,weighted_majority,906.2910000793636,True,n01855672,2.0,,goose,goose,,,,-1.0,0.9806566834449768,0.9904200434684753,-1.0,-1.0,-1.0,-1.0,0.08191247299497134,0.14818973670129718,-1.0,-1.0,-1.0,greedy
REQ-00002,5000,2000,0.8190770149230957,0.611436128616333,"['resnet34', 'resnet18']",boa_constrictor,1.0,weighted_majority,818.8215419650078,True,n01742172,2.0,,boa_constrictor,boa_constrictor,,,,-1.0,0.9757618308067322,0.9387686848640442,-1.0,-1.0,-1.0,-1.0,0.07792152569547421,0.15197875672805072,-1.0,-1.0,-1.0,greedy
REQ-00005,5000,2000,0.4708750247955322,2.109880208969116,['resnet18'],common_iguana,1.0,weighted_majority,470.8460420370102,True,n01677366,2.0,,common_iguana,,,,,-1.0,0.9977734684944153,-1.0,-1.0,-1.0,-1.0,-1.0,0.07773108581333411,47.77383456650001,-1.0,-1.0,-1.0,greedy
REQ-00003,5000,2000,4.699610948562622,1.568011999130249,"['resnet34', 'resnet18']",green_snake,1.0,weighted_majority,4699.521332979202,True,n01729977,2.0,,green_snake,green_snake,,,,-1.0,0.9873639941215515,0.9834170937538147,-1.0,-1.0,-1.0,-1.0,0.07773108581333411,0.17488338105524567,-1.0,-1.0,-1.0,greedy
REQ-00004,5000,2000,7.172705173492432,1.6562490463256836,"['resnet34', 'resnet18']",green_snake,1.0,weighted_majority,7171.367208939046,True,n01729977,2.0,,green_snake,green_snake,,,,-1.0,0.9644386172294617,0.9623163938522339,-1.0,-1.0,-1.0,-1.0,0.07773108581333411,0.17488338105524567,-1.0,-1.0,-1.0,greedy
REQ-00000,500000,2000,0.6399111747741699,3.0994415283203125e-06,"['resnet34', 'resnet18']",common_iguana,0.6897125144771433,weighted_majority,639.6177080459893,True,n01677366,2.0,,quail,common_iguana,,,,-1.0,0.4166651666164398,0.9261707067489624,-1.0,-1.0,-1.0,-1.0,0.25691326950880067,0.591647378654749,-1.0,-1.0,-1.0,greedy
REQ-00000,500000,2000,0.5649511814117432,3.0994415283203125e-06,"['resnet34', 'resnet18']",sea_slug,1.0,weighted_majority,563.8477918691933,True,n01950731,2.0,,sea_slug,sea_slug,,,,-1.0,0.9993963241577148,0.9869521856307983,-1.0,-1.0,-1.0,-1.0,0.2407021425579206,0.5479439407892741,-1.0,-1.0,-1.0,greedy
REQ-00001,500000,2000,14.021075010299683,0.5039780139923096,"['vit_b_16', 'resnet101']",black_and_gold_garden_spider,1.0,weighted_majority,14021.326542133465,True,n01773157,2.0,,,,,black_and_gold_garden_spider,black_and_gold_garden_spider,-1.0,-1.0,-1.0,-1.0,0.878995954990387,0.7107625007629395,-1.0,-1.0,-1.0,-1.0,0.5019906801371847,0.20498562508611623,greedy
REQ-00002,500000,2000,14.640703916549683,1.825242042541504,"['vit_b_16', 'resnet101']",anemone_fish,1.0,weighted_majority,14641.045833937824,True,n01914609,2.0,,,,,anemone_fish,anemone_fish,-1.0,-1.0,-1.0,-1.0,0.8851428031921387,0.8015372157096863,-1.0,-1.0,-1.0,-1.0,0.5019906801371847,0.20498562508611623,greedy
REQ-00000,500000,2000,16.475205183029175,2.86102294921875e-06,"['vit_b_16', 'resnet101']",wolf_spider,1.0,weighted_majority,16475.501999957487,True,n01775062,2.0,,,,,wolf_spider,wolf_spider,-1.0,-1.0,-1.0,-1.0,0.9660574197769165,0.8407612442970276,-1.0,-1.0,-1.0,-1.0,0.5019906801371847,0.2100883612067958,greedy
REQ-00000,500000,2000,1.590782880783081,1.9073486328125e-06,"['vit_b_16', 'resnet101']",axolotl,1.0,weighted_majority,1590.7648329157382,True,n01632777,2.0,,,,,axolotl,axolotl,-1.0,-1.0,-1.0,-1.0,0.9454936981201172,0.9192807674407959,-1.0,-1.0,-1.0,-1.0,3.404884460820008,1.0880820963197542,greedy
REQ-00001,500000,2000,16.436400175094604,1.4523460865020752,"['vit_b_16', 'resnet101']",diamondback,1.0,weighted_majority,16436.63474987261,True,n01755581,2.0,,,,,diamondback,diamondback,-1.0,-1.0,-1.0,-1.0,0.7971091866493225,0.8804624080657959,-1.0,-1.0,-1.0,-1.0,3.169072314738007,0.9954374866877789,greedy
REQ-00002,500000,2000,26.630200147628784,2.0121278762817383,"['vit_b_16', 'resnet101']",limpkin,1.0,weighted_majority,26630.842707818374,True,n02013706,2.0,,,,,limpkin,limpkin,-1.0,-1.0,-1.0,-1.0,0.9999672174453735,0.8847755193710327,-1.0,-1.0,-1.0,-1.0,3.169072314738007,0.9197569380190009,greedy
REQ-00003,500000,2000,28.36881685256958,2.1479101181030273,"['vit_b_16', 'resnet101']",red-backed_sandpiper,1.0,weighted_majority,28369.48308395222,True,n02027492,2.0,,,,,red-backed_sandpiper,red-backed_sandpiper,-1.0,-1.0,-1.0,-1.0,0.9970017075538635,0.9042230248451233,-1.0,-1.0,-1.0,-1.0,3.169072314738007,0.9197569380190009,greedy
REQ-00004,500000,2000,28.25640606880188,2.307171106338501,"['vit_b_16', 'resnet101']",bald_eagle,1.0,weighted_majority,28256.874875165522,True,n01614925,2.0,,,,,bald_eagle,bald_eagle,-1.0,-1.0,-1.0,-1.0,0.9904717206954956,0.8784497976303101,-1.0,-1.0,-1.0,-1.0,3.169072314738007,0.9197569380190009,greedy
REQ-00000,500000,2000,3.6416120529174805,2.1457672119140625e-06,"['vit_b_16', 'resnet101']",agama,0.7024129124690051,weighted_majority,3641.6043331846595,True,n01677366,2.0,,,,,agama,frilled_lizard,-1.0,-1.0,-1.0,-1.0,0.8526565432548523,0.3612399101257324,-1.0,-1.0,-1.0,-1.0,7.579904930699607,3.703619931815852,greedy
REQ-00001,500000,2000,10.457571983337402,0.1450328826904297,"['vit_b_16', 'resnet101']",leatherback_turtle,1.0,weighted_majority,10457.328249933198,True,n01665541,2.0,,,,,leatherback_turtle,leatherback_turtle,-1.0,-1.0,-1.0,-1.0,0.6569877862930298,0.7306310534477234,-1.0,-1.0,-1.0,-1.0,7.579904930699607,3.703619931815852,greedy
REQ-00002,500000,2000,16.712217807769775,0.7495079040527344,"['vit_b_16', 'resnet101']",sea_lion,1.0,weighted_majority,16712.59833406657,True,n02077923,2.0,,,,,sea_lion,sea_lion,-1.0,-1.0,-1.0,-1.0,0.9932971596717834,0.9071161150932312,-1.0,-1.0,-1.0,-1.0,7.579904930699607,3.3511911386342668,greedy
REQ-00003,500000,2000,15.173090934753418,3.023158073425293,"['vit_b_16', 'resnet101']",black_widow,1.0,weighted_majority,15172.482999973,True,n01774384,2.0,,,,,black_widow,black_widow,-1.0,-1.0,-1.0,-1.0,0.9991733431816101,0.8602970838546753,-1.0,-1.0,-1.0,-1.0,7.579904930699607,3.0368478247708404,greedy
REQ-00002,500000,2000,4.6461639404296875,2.602602958679199,"['vit_b_16', 'resnet101']",komodo_dragon,1.0,weighted_majority,4646.1511249653995,True,n01695060,2.0,,,,,komodo_dragon,komodo_dragon,-1.0,-1.0,-1.0,-1.0,0.9949623346328735,0.8799649477005005,-1.0,-1.0,-1.0,-1.0,8.182546258132014,2.866853340257943,greedy
REQ-00000,500000,2000,8.070661067962646,2.86102294921875e-06,"['vit_b_16', 'resnet101']",thunder_snake,0.8493763437148661,weighted_majority,8070.862082997337,True,n01728572,2.0,,,,,thunder_snake,tick,-1.0,-1.0,-1.0,-1.0,0.9856231212615967,0.17478489875793457,-1.0,-1.0,-1.0,-1.0,8.182546258132014,3.168283378064381,greedy
REQ-00001,500000,2000,48.46217608451843,0.5109090805053711,"['vit_b_16', 'resnet101']",black_grouse,1.0,weighted_majority,48462.433374952525,True,n01795545,2.0,,,,,black_grouse,black_grouse,-1.0,-1.0,-1.0,-1.0,0.9902034997940063,0.8997998237609863,-1.0,-1.0,-1.0,-1.0,8.182546258132014,2.866853340257943,greedy
REQ-00000,500000,2000,0.7594060897827148,7.152557373046875e-06,"['vit_b_16', 'resnet101']",chambered_nautilus,1.0,weighted_majority,759.1848750598729,True,n01968897,2.0,,,,,chambered_nautilus,chambered_nautilus,-1.0,-1.0,-1.0,-1.0,0.9987261891365051,0.7527024745941162,-1.0,-1.0,-1.0,-1.0,6.875679785178239,3.043435965608934,greedy
REQ-00001,500000,2000,1.2597191333770752,0.6638813018798828,"['vit_b_16', 'resnet101']",albatross,1.0,weighted_majority,1258.2304999232292,True,n02058221,2.0,,,,,albatross,albatross,-1.0,-1.0,-1.0,-1.0,0.9998100399971008,0.8965288400650024,-1.0,-1.0,-1.0,-1.0,6.217263906660415,2.7569509690480403,greedy
REQ-00002,500000,2000,0.9882328510284424,2.779254913330078,"['vit_b_16', 'resnet101']",pelican,1.0,weighted_majority,986.1079161055386,True,n02051845,2.0,,,,,pelican,pelican,-1.0,-1.0,-1.0,-1.0,0.8730668425559998,0.9137678146362305,-1.0,-1.0,-1.0,-1.0,5.6790514159943735,2.4988222721432365,greedy
REQ-00000,500000,2000,2.677050828933716,2.1457672119140625e-06,"['vit_b_16', 'resnet101']",magpie,1.0,weighted_majority,2676.9762909971178,True,n01582220,2.0,,,,,magpie,magpie,-1.0,-1.0,-1.0,-1.0,0.9999721050262451,0.9030939936637878,-1.0,-1.0,-1.0,-1.0,5.143936874394936,2.268985844928913,greedy
REQ-00002,500000,2000,10.534536123275757,1.4956450462341309,"['vit_b_16', 'resnet101']",wallaby,1.0,weighted_majority,10534.725541016087,True,n01877812,2.0,,,,,wallaby,wallaby,-1.0,-1.0,-1.0,-1.0,0.9973063468933105,0.8792347311973572,-1.0,-1.0,-1.0,-1.0,5.143936874394936,2.0578212604360218,greedy
REQ-00001,500000,2000,24.42450976371765,0.6096310615539551,"['vit_b_16', 'resnet101']",coucal,1.0,weighted_majority,24425.056458218023,True,n01824575,2.0,,,,,coucal,coucal,-1.0,-1.0,-1.0,-1.0,0.9998685121536255,0.8897727131843567,-1.0,-1.0,-1.0,-1.0,5.143936874394936,2.0578212604360218,greedy
REQ-00003,500000,2000,21.739672899246216,4.112873077392578,"['vit_b_16', 'resnet101']",vine_snake,1.0,weighted_majority,21740.182125009596,True,n01739381,2.0,,,,,vine_snake,vine_snake,-1.0,-1.0,-1.0,-1.0,0.9544437527656555,0.7265163064002991,-1.0,-1.0,-1.0,-1.0,4.810046686955443,1.9267995709531776,greedy
REQ-00005,500000,2000,26.341289043426514,9.282290935516357,"['vit_b_16', 'resnet101']",barn_spider,1.0,weighted_majority,26341.859207954258,True,n01773549,2.0,,,,,barn_spider,barn_spider,-1.0,-1.0,-1.0,-1.0,0.9726502895355225,0.857414186000824,-1.0,-1.0,-1.0,-1.0,4.810046686955443,1.5914734924720737,greedy
REQ-00004,500000,2000,28.92381525039673,6.708590269088745,"['vit_b_16', 'resnet101']",alligator_lizard,0.5204508421957872,weighted_majority,28924.451374914497,True,n01693334,2.0,,,,,alligator_lizard,green_lizard,-1.0,-1.0,-1.0,-1.0,0.9098487496376038,0.8383446931838989,-1.0,-1.0,-1.0,-1.0,4.810046686955443,1.7508892138578598,greedy
REQ-00000,500000,2000,16.73681616783142,3.0994415283203125e-06,"['vit_b_16', 'resnet101']",stingray,1.0,weighted_majority,16734.664999879897,True,n01498041,2.0,,,,,stingray,stingray,-1.0,-1.0,-1.0,-1.0,0.9994409680366516,0.8553376197814941,-1.0,-1.0,-1.0,-1.0,11.73841980411032,1.5641720432248665,greedy
REQ-00000,500000,2000,1.6286242008209229,3.814697265625e-06,"['vit_b_16', 'resnet101']",terrapin,1.0,weighted_majority,1627.2275000810623,True,n01667778,2.0,,,,,terrapin,terrapin,-1.0,-1.0,-1.0,-1.0,0.8252083659172058,0.8749896287918091,-1.0,-1.0,-1.0,-1.0,1.0122572393028568,0.21265563435643953,greedy
REQ-00001,500000,2000,1.6088659763336182,4.9348978996276855,"['vit_b_16', 'resnet101']",goldfish,1.0,weighted_majority,1607.6555829495192,True,n01443537,2.0,,,,,goldfish,goldfish,-1.0,-1.0,-1.0,-1.0,0.995477020740509,0.8751453757286072,-1.0,-1.0,-1.0,-1.0,1.0103311153725711,0.20791187092079558,greedy
REQ-00000,500000,2000,2.5107710361480713,1.9073486328125e-06,"['vit_b_16', 'resnet101']",jellyfish,1.0,weighted_majority,2509.684083983302,True,n01910747,2.0,,,,,jellyfish,jellyfish,-1.0,-1.0,-1.0,-1.0,0.9701640605926514,0.9141952395439148,-1.0,-1.0,-1.0,-1.0,1.011767103835314,0.20347878382871604,greedy
REQ-00001,500000,2000,1.1834840774536133,3.5035388469696045,"['vit_b_16', 'resnet101']",sea_lion,1.0,weighted_majority,1183.3689589984715,True,n02077923,2.0,,,,,sea_lion,sea_lion,-1.0,-1.0,-1.0,-1.0,0.9995782971382141,0.9074683785438538,-1.0,-1.0,-1.0,-1.0,1.0215083934517826,0.19951240544584442,greedy
REQ-00002,500000,2000,2.3205041885375977,4.288343906402588,"['vit_b_16', 'resnet101']",horned_viper,1.0,weighted_majority,2319.1441250965,True,n01753488,2.0,,,,,horned_viper,horned_viper,-1.0,-1.0,-1.0,-1.0,0.9670023322105408,0.890502393245697,-1.0,-1.0,-1.0,-1.0,1.0215083934517826,0.19590556490126,greedy
REQ-00002,500000,2000,10.699043989181519,3.3727052211761475,"['vit_b_16', 'resnet101']",toucan,1.0,weighted_majority,10699.314417084679,True,n01843383,2.0,,,,,toucan,toucan,-1.0,-1.0,-1.0,-1.0,0.9990100860595703,0.8926042318344116,-1.0,-1.0,-1.0,-1.0,0.9608844886959439,0.195237408411134,greedy
REQ-00001,500000,2000,12.646399021148682,1.4569261074066162,"['vit_b_16', 'resnet101']",terrapin,1.0,weighted_majority,12646.685249870643,True,n01667778,2.0,,,,,terrapin,terrapin,-1.0,-1.0,-1.0,-1.0,0.9558057188987732,0.9210943579673767,-1.0,-1.0,-1.0,-1.0,0.9608844886959439,0.195237408411134,greedy
REQ-00004,500000,2000,14.147431135177612,5.96285605430603,"['vit_b_16', 'resnet101']",diamondback,1.0,weighted_majority,14147.723875008523,True,n01755581,2.0,,,,,diamondback,diamondback,-1.0,-1.0,-1.0,-1.0,0.8347301483154297,0.818486213684082,-1.0,-1.0,-1.0,-1.0,0.9608844886959439,0.4410255675700206,greedy
REQ-00000,500000,2000,20.13648796081543,2.86102294921875e-06,"['vit_b_16', 'resnet101']",limpkin,1.0,weighted_majority,20136.906292056665,True,n02013706,2.0,,,,,limpkin,limpkin,-1.0,-1.0,-1.0,-1.0,0.9998643398284912,0.8878862261772156,-1.0,-1.0,-1.0,-1.0,0.9608844886959439,0.195237408411134,greedy
REQ-00003,500000,2000,35.155290842056274,3.9129161834716797,"['vit_b_16', 'resnet101']",tarantula,1.0,weighted_majority,35153.53975002654,True,n01774750,2.0,,,,,tarantula,tarantula,-1.0,-1.0,-1.0,-1.0,0.9908714890480042,0.9048318266868591,-1.0,-1.0,-1.0,-1.0,0.9608844886959439,37.702015246280006,greedy
REQ-00000,500000,2000,1.9719951152801514,1.9073486328125e-06,"['vit_b_16', 'resnet101']",garter_snake,1.0,weighted_majority,1971.8687920831144,True,n01735189,2.0,,,,,garter_snake,garter_snake,-1.0,-1.0,-1.0,-1.0,0.9938119649887085,0.7964939475059509,-1.0,-1.0,-1.0,-1.0,2.330653990890068,2.7401548787585455,greedy
REQ-00001,500000,2000,9.320044994354248,1.8450829982757568,"['vit_b_16', 'resnet101']",chickadee,1.0,weighted_majority,9320.153000066057,True,n01592084,2.0,,,,,chickadee,chickadee,-1.0,-1.0,-1.0,-1.0,0.9979763627052307,0.8328350782394409,-1.0,-1.0,-1.0,-1.0,2.330653990890068,2.5331656908826914,greedy
REQ-00003,500000,2000,15.69894790649414,3.8612217903137207,"['vit_b_16', 'resnet101']",spiny_lobster,1.0,weighted_majority,15699.355874909088,True,n01984695,2.0,,,,,spiny_lobster,spiny_lobster,-1.0,-1.0,-1.0,-1.0,0.9893301129341125,0.9027770757675171,-1.0,-1.0,-1.0,-1.0,2.1856575918010615,2.3740549217944222,greedy
REQ-00004,500000,2000,28.263906002044678,7.069768905639648,"['vit_b_16', 'resnet101']",hen,1.0,weighted_majority,28264.53087502159,True,n01514859,2.0,,,,,hen,hen,-1.0,-1.0,-1.0,-1.0,0.9903914928436279,0.8743671178817749,-1.0,-1.0,-1.0,-1.0,2.1856575918010615,2.2930182866534823,greedy
REQ-00002,500000,2000,34.38524603843689,2.996274948120117,"['vit_b_16', 'resnet101']",american_coot,0.5273648867666465,weighted_majority,34386.049082968384,True,n02018207,2.0,,,,,drake,american_coot,-1.0,-1.0,-1.0,-1.0,0.7130886316299438,0.7956622242927551,-1.0,-1.0,-1.0,-1.0,2.1856575918010615,2.3740549217944222,greedy
REQ-00006,500000,2000,30.627061128616333,9.352411985397339,"['vit_b_16', 'resnet101']",black_widow,1.0,weighted_majority,30627.615625038743,True,n01774384,2.0,,,,,black_widow,black_widow,-1.0,-1.0,-1.0,-1.0,0.9980950951576233,0.7468268871307373,-1.0,-1.0,-1.0,-1.0,2.1856575918010615,2.098912357988134,greedy
REQ-00005,500000,2000,32.30985426902771,7.694349765777588,"['vit_b_16', 'resnet101']",chiton,1.0,weighted_majority,32310.06033392623,True,n01955084,2.0,,,,,chiton,chiton,-1.0,-1.0,-1.0,-1.0,0.9999982118606567,0.8861567378044128,-1.0,-1.0,-1.0,-1.0,2.1856575918010615,2.098912357988134,greedy
REQ-00000,500000,2000,2.4398579597473145,1.9073486328125e-06,"['vit_b_16', 'resnet101']",jellyfish,1.0,weighted_majority,2439.8111670743674,True,n01910747,2.0,,,,,jellyfish,jellyfish,-1.0,-1.0,-1.0,-1.0,0.9998130202293396,0.8878781795501709,-1.0,-1.0,-1.0,-1.0,11.07989082769835,3.3298907799703885,greedy
REQ-00001,500000,2000,2.9581172466278076,0.5518372058868408,"['vit_b_16', 'resnet101']",scorpion,1.0,weighted_majority,2956.0052920132875,True,n01770393,2.0,,,,,scorpion,scorpion,-1.0,-1.0,-1.0,-1.0,0.9961214661598206,0.8979105353355408,-1.0,-1.0,-1.0,-1.0,11.07989082769835,3.01770880197335,greedy
REQ-00003,500000,2000,12.717463970184326,7.891167879104614,"['vit_b_16', 'resnet101']",spotted_salamander,1.0,weighted_majority,12717.657458037138,True,n01632458,2.0,,,,,spotted_salamander,spotted_salamander,-1.0,-1.0,-1.0,-1.0,0.8003517985343933,0.7024566531181335,-1.0,-1.0,-1.0,-1.0,9.239657990435662,2.6165141295984133,greedy
REQ-00002,500000,2000,15.272523641586304,7.283285856246948,"['vit_b_16', 'resnet101']",mud_turtle,1.0,weighted_majority,15272.802792023867,True,n01667114,2.0,,,,,mud_turtle,mud_turtle,-1.0,-1.0,-1.0,-1.0,0.9430369734764099,0.8792500495910645,-1.0,-1.0,-1.0,-1.0,9.239657990435662,2.8760119217760147,greedy
REQ-00004,500000,2000,13.984585046768188,8.59033203125,"['vit_b_16', 'resnet101']",bittern,1.0,weighted_majority,13984.430082840845,True,n02011460,2.0,,,,,bittern,bittern,-1.0,-1.0,-1.0,-1.0,0.9765059351921082,0.8845348954200745,-1.0,-1.0,-1.0,-1.0,9.239657990435662,2.6165141295984133,greedy
