REQ-00007,100,0.001,85.82358193397522,resnet101,0.7086898684501648,85.0355,COLD,True,0.0,0.0,0.0,0.0,0.0,0.0
REQ-00012,100,0.001,85.90291595458984,vit_b_16,0.8546339273452759,34.148355,COLD,True,0.0,0.0,0.0,0.0,0.0,0.0
REQ-00001,100,0.001,116.67028188705444,resnet18,0.4620760381221771,15.888726,WARM,True,0.0,0.0,0.0,0.0,0.0,0.0
REQ-00005,100,0.001,129.76060700416565,resnet34,0.5313401222229004,28.028965,WARM,True,0.0,0.0,0.0,0.0,0.0,0.0
REQ-00004,100,0.001,148.22048807144165,resnet101,0.5682504773139954,82.498934,COLD,True,0.0,0.0,0.0,0.0,0.0,0.0
REQ-00010,100,0.001,158.5229139328003,mobilenet_v3_small,0.6049168705940247,5.526973,WARM,True,0.0,0.0,0.0,0.0,0.0,0.0
REQ-00008,100,0.001,174.83764719963074,resnet18,0.4377732276916504,14.549594,WARM,True,0.0,0.0,0.0,0.0,0.0,0.0
REQ-00006,100,0.001,216.4186508655548,mobilenet_v3_small,0.3360370993614197,19.393015,WARM,True,0.0,0.0,0.0,0.0,0.0,0.0
REQ-00009,100,0.001,228.26342511177063,mobilenet_v3_small,0.7225852608680725,0.128022,WARM,True,0.0,0.0,0.0,0.0,0.0,0.0
REQ-00014,100,0.001,238.56818008422852,mobilenet_v3_small,0.7924704551696777,18.284842,WARM,True,0.0,0.0,0.0,0.0,0.0,0.0
REQ-00011,100,0.001,247.3202052116394,resnet18,0.7065554857254028,14.659492,WARM,True,0.0,0.0,0.0,0.0,0.0,0.0
REQ-00003,100,0.001,249.15740418434143,mobilenet_v3_small,0.8181301951408386,18.874768,WARM,True,0.0,0.0,0.0,0.0,0.0,0.0
REQ-00013,100,0.001,253.19009828567505,vit_b_16,0.9078084230422974,27.260806,WARM,True,0.0,0.0,0.0,0.0,0.0,0.0
REQ-00002,100,0.001,254.22708129882812,resnet101,0.6985587477684021,74.698404,WARM,True,0.0,0.0,0.0,0.0,0.0,0.0
REQ-00000,100,0.001,255.25595211982727,vit_b_16,0.769946813583374,26.844986,WARM,True,0.0,0.0,0.0,0.0,0.0,0.0
REQ-00001,100,0.005,78.43746304512024,vit_b_16,0.4174205958843231,26.855864,WARM,True,17.291287744809907,14.906691219414395,27.08949525392038,27.5198462481485,68.55911600066794,26.98679149935971
REQ-00000,100,0.005,78.83334016799927,mobilenet_v3_small,0.874374270439148,19.843927,WARM,True,17.291287744809907,14.906691219414395,27.08949525392038,27.5198462481485,68.55911600066794,26.98679149935971
REQ-00004,100,0.005,100.9068820476532,resnet18,0.6970838308334351,14.990141,WARM,True,17.291287744809907,14.906691219414395,27.08949525392038,27.5198462481485,68.55911600066794,26.98679149935971
REQ-00002,100,0.005,113.01932787895203,vit_b_16,0.8915815353393555,26.574674,WARM,True,17.291287744809907,14.906691219414395,27.08949525392038,27.5198462481485,68.55911600066794,26.98679149935971
REQ-00005,100,0.005,116.81614780426025,resnet101,0.7597413659095764,23.963507,COLD,True,17.291287744809907,14.906691219414395,27.08949525392038,27.5198462481485,68.55911600066794,26.98679149935971
REQ-00003,100,0.005,124.13853812217712,vit_b_16,0.5717607736587524,24.003111,WARM,True,17.291287744809907,14.906691219414395,27.08949525392038,27.5198462481485,68.55911600066794,26.98679149935971
REQ-00008,100,0.005,132.11422896385193,resnet34,0.5251160860061646,26.985696,WARM,True,17.291287744809907,14.906691219414395,27.08949525392038,27.5198462481485,68.55911600066794,26.98679149935971
REQ-00009,100,0.005,152.24000787734985,mobilenet_v3_small,0.3909863829612732,19.554312,WARM,True,17.291287744809907,14.906691219414395,27.08949525392038,27.5198462481485,68.55911600066794,26.98679149935971
REQ-00006,100,0.005,165.0902919769287,vit_b_16,0.5832633376121521,26.979944,WARM,True,17.291287744809907,14.906691219414395,27.08949525392038,27.5198462481485,68.55911600066794,26.98679149935971
REQ-00007,100,0.005,174.42412304878235,resnet18,0.8011629581451416,14.116801,WARM,True,17.291287744809907,14.906691219414395,27.08949525392038,27.5198462481485,68.55911600066794,26.98679149935971
REQ-00010,100,0.005,195.68636012077332,vit_b_16,0.8775139451026917,26.933921,WARM,True,67.0037508105043,69.7024275559769,77.61847561204065,78.08468918912111,122.54389808768384,77.50721321126659
REQ-00012,100,0.005,210.67469906806946,resnet34,0.7118415832519531,27.237494,WARM,True,67.0037508105043,69.7024275559769,77.61847561204065,78.08468918912111,122.54389808768384,77.50721321126659
REQ-00013,100,0.005,220.74094891548157,mobilenet_v3_small,0.7420545816421509,6.002635,WARM,True,129.64532966397707,123.70906233785489,140.2600544655134,132.09132397099907,176.5505328695618,140.14879206473933
REQ-00011,100,0.005,226.81583070755005,mobilenet_v3_small,0.9962736368179321,19.751459,WARM,True,67.0037508105043,69.7024275559769,77.61847561204065,78.08468918912111,122.54389808768384,79.943520777181
REQ-00014,100,0.005,227.73416805267334,resnet34,0.6811116337776184,27.286136,WARM,True,121.01038559238228,123.70906233785489,131.62511039391862,140.72626804259386,174.10495343691622,133.95942742579015
REQ-00003,100,0.01,67.64387464523315,resnet101,0.45943960547447205,19.553228,WARM,True,15.200206976734542,13.920634857607094,26.79904810552687,31.433366009700947,57.839196808141594,26.245201790437346
REQ-00002,100,0.01,78.29447293281555,mobilenet_v3_small,0.517143189907074,20.060126,WARM,True,15.200206976734542,13.920634857607094,26.79904810552687,31.433366009700947,57.839196808141594,26.245201790437346
REQ-00000,100,0.01,78.66128706932068,resnet34,0.9026270508766174,26.701096,WARM,True,15.200206976734542,13.920634857607094,26.79904810552687,31.433366009700947,57.839196808141594,26.245201790437346
REQ-00001,100,0.01,97.47874999046326,vit_b_16,0.5989093780517578,23.11656,WARM,True,15.200206976734542,13.920634857607094,26.79904810552687,31.433366009700947,57.839196808141594,26.245201790437346
REQ-00005,100,0.01,103.68830180168152,mobilenet_v3_small,0.9734052419662476,6.98567,WARM,True,48.80474401218052,53.76875825640144,61.37015523503888,66.39066629789413,94.99698299620482,60.77015506035856
REQ-00004,100,0.01,129.4960277080536,mobilenet_v3_small,0.7978523969650269,19.891878,WARM,True,15.200206976734542,13.920634857607094,26.79904810552687,31.433366009700947,57.839196808141594,26.245201790437346
REQ-00007,100,0.01,130.67133688926697,resnet18,0.6883167028427124,14.680778,WARM,True,64.48547667490486,69.44949091912576,77.05088789776322,82.07139896061847,110.67771565892916,76.45088772308289
REQ-00008,100,0.01,145.08344888687134,mobilenet_v3_small,0.7438603043556213,19.917681,WARM,True,64.48547667490486,69.44949091912576,77.05088789776322,82.07139896061847,110.67771565892916,76.45088772308289
REQ-00009,100,0.01,157.49587202072144,vit_b_16,0.7416025400161743,27.745574,WARM,True,64.48547667490486,69.44949091912576,77.05088789776322,82.07139896061847,110.67771565892916,76.45088772308289
REQ-00006,100,0.01,157.66183495521545,resnet18,0.3629116714000702,14.919494,WARM,True,64.48547667490486,67.08013242415574,77.05088789776322,79.70204046564842,108.30835716395913,74.08152922811286
REQ-00010,100,0.01,211.94283604621887,resnet18,0.711223304271698,14.581762,WARM,True,64.48547667490486,69.44949091912576,77.05088789776322,82.07139896061847,110.67771565892916,76.45088772308289
REQ-00013,100,0.01,212.0575041770935,resnet34,0.9886723160743713,27.201687,WARM,True,64.48547667490486,69.44949091912576,77.05088789776322,82.07139896061847,110.67771565892916,76.45088772308289
REQ-00011,100,0.01,218.98830318450928,resnet18,0.9994497895240784,15.368652,WARM,True,64.48547667490486,69.44949091912576,77.05088789776322,82.07139896061847,110.67771565892916,76.45088772308289
REQ-00014,100,0.01,224.95637464523315,mobilenet_v3_small,0.9860767126083374,18.97358,WARM,True,64.48547667490486,69.44949091912576,77.05088789776322,82.07139896061847,110.67771565892916,76.45088772308289
REQ-00012,100,0.01,225.99115681648254,resnet101,0.7399231791496277,61.593224,WARM,True,64.48547667490486,69.44949091912576,77.05088789776322,82.07139896061847,110.67771565892916,76.45088772308289
REQ-00002,100,0.03,69.88085293769836,resnet34,0.9867021441459656,26.851619,WARM,True,16.570078081691978,19.782373971400002,28.806526550053345,40.62190080264014,51.27175590753739,28.666739086202366
REQ-00000,100,0.03,78.83540201187134,mobilenet_v3_small,0.8038652539253235,7.082564,WARM,True,15.295456690792596,14.318269021305753,26.590639892356933,37.497139202437054,51.27175590753739,26.461605310340644
REQ-00001,100,0.03,79.35438585281372,resnet34,0.819334089756012,27.115448,WARM,True,15.295456690792596,14.318269021305753,26.590639892356933,37.497139202437054,51.27175590753739,26.461605310340644
REQ-00003,100,0.03,97.77984404563904,resnet101,0.8263721466064453,77.377738,WARM,True,16.570078081691978,21.430905135683336,28.806526550053345,40.62190080264014,55.544402233165506,28.666739086202366
REQ-00005,100,0.03,107.36815690994263,mobilenet_v3_small,0.579011082649231,19.854172,WARM,True,48.51017006326478,53.37099711725614,60.74661853162614,72.56199278421295,87.4844942147383,60.60683106777516
REQ-00004,100,0.03,132.52114725112915,resnet18,0.6506783962249756,15.274281,WARM,True,48.807747599207545,53.668574653198895,61.04419606756891,72.85957032015571,87.78207175068107,60.90440860371793
REQ-00008,100,0.03,147.41655325889587,resnet101,0.9034446477890015,9.69257,WARM,True,110.0014591025601,114.86228615655148,122.23790757092148,134.05328182350829,148.97578325403364,122.0981201070705
REQ-00009,100,0.03,160.59960770606995,resnet18,0.8456522226333618,14.979657,WARM,True,110.0014591025601,114.86228615655148,122.23790757092148,134.05328182350829,148.97578325403364,122.0981201070705
REQ-00006,100,0.03,160.7113139629364,resnet34,0.8515259623527527,26.380293,WARM,True,80.45026204483754,85.31108909882892,92.68671051319892,104.50208476578571,119.42458619631108,92.54692304934794
REQ-00007,100,0.03,177.35144305229187,vit_b_16,0.44510504603385925,28.159095,WARM,True,96.42030803562393,101.2811350896153,108.6567565039853,120.4721307565721,135.39463218709747,108.51696904013433
REQ-00011,100,0.03,192.27946090698242,vit_b_16,0.781268298625946,26.944616,WARM,True,157.9115970749193,162.77242412891064,170.14804554328066,181.96341979586748,196.88592122639284,170.00825807942968
REQ-00010,100,0.03,218.16341996192932,mobilenet_v3_small,0.9980601668357849,19.382427,WARM,True,112.39035402641031,117.25118108040168,124.62680249477168,136.44217674735847,151.36467817788383,124.4870150309207
REQ-00012,100,0.03,219.00675415992737,vit_b_16,0.7523477077484131,27.692453,WARM,True,160.3004919987695,162.77242412891064,170.14804554328066,181.96341979586748,199.27481615024303,170.00825807942968
REQ-00013,100,0.03,229.8625111579895,resnet18,0.9793198704719543,14.71672,WARM,True,157.9115970749193,162.77242412891064,172.53694046713085,181.96341979586748,199.27481615024303,170.00825807942968
REQ-00014,100,0.03,229.84032607078552,resnet34,0.8516562581062317,25.924512,WARM,True,157.9115970749193,162.77242412891064,170.14804554328066,184.35231471971767,196.88592122639284,170.00825807942968
REQ-00002,100,0.05,54.565377950668335,vit_b_16,0.781268298625946,28.101901,WARM,True,18.439912796790047,16.028523887525647,29.06169992371841,42.03125445450219,53.10596347284979,28.41998391240781
REQ-00003,100,0.05,68.04522323608398,resnet34,0.9428275227546692,26.94243,WARM,True,49.62113587142237,47.209746962157965,60.24292299835073,73.2124775291345,84.28718654748211,59.60120698704013
REQ-00001,100,0.05,78.68791007995605,vit_b_16,0.4071953296661377,28.473183,WARM,True,17.021457966267736,14.795560511562137,26.82618454497084,38.7980810349251,49.02088935955365,26.233831303761058
REQ-00000,100,0.05,78.76161313056946,mobilenet_v3_small,0.4617050290107727,4.010731,WARM,True,17.021457966267736,14.795560511562137,26.82618454497084,38.7980810349251,49.02088935955365,26.233831303761058
REQ-00005,100,0.05,94.39563393592834,resnet18,0.9531897306442261,5.686592,WARM,True,65.2117474087385,62.800358499474115,75.83353453566687,88.80308906645067,99.87779808479826,75.19181852435628
REQ-00006,100,0.05,110.96599507331848,resnet34,0.844542384147644,27.072045,WARM,True,80.80235894605467,78.39097003679026,91.42414607298302,104.3937006037668,115.46840962211441,90.78243006167243
REQ-00004,100,0.05,125.44513773918152,vit_b_16,0.7039174437522888,27.6114,WARM,True,49.62113587142236,47.209746962157965,60.24292299835072,73.2124775291345,84.2871865474821,59.60120698704013
REQ-00008,100,0.05,136.90879106521606,resnet34,0.8621867299079895,26.973377,WARM,True,111.98358202068695,109.57219311142255,122.60536914761532,135.5749236783991,146.6496326967467,121.96365313630471
REQ-00007,100,0.05,160.75441694259644,mobilenet_v3_small,0.5048546195030212,18.958672,WARM,True,96.3929704833708,93.9815815741064,107.01475761029917,119.98431214108294,131.05902115943056,106.37304159898856
REQ-00011,100,0.05,182.16370487213135,mobilenet_v3_small,0.6146003007888794,19.889716,WARM,True,158.75541663263542,156.34402772337103,169.37720375956377,182.34675829034757,193.42146730869516,168.73548774825318
REQ-00009,100,0.05,197.03553318977356,resnet34,0.9886723160743713,27.236721,WARM,True,127.57419355800312,125.1628046487387,138.19598068493147,151.16553521571524,162.24024423406283,137.55426467362088
REQ-00010,100,0.05,205.6649079322815,resnet34,0.621996283531189,27.101039,WARM,True,143.16480509531925,140.75341618605486,153.78659222224763,166.7561467530314,177.830855771379,153.144876210937
REQ-00013,100,0.05,212.53034019470215,vit_b_16,0.37774261832237244,27.340699,WARM,True,187.56830771456708,185.15691880530267,198.1900948414954,211.1596493722792,222.23435839062682,197.54837883018484
REQ-00012,100,0.05,218.4612798690796,vit_b_16,0.6116524338722229,27.765972,WARM,True,174.34602816995158,171.93463926068716,184.9678152968799,197.9373698276637,209.0120788460113,184.32609928556934
REQ-00014,100,0.05,218.42421317100525,resnet34,0.8620795607566833,26.601334,WARM,True,203.15891925188325,200.74753034261883,213.78070637881157,229.11859290229606,237.82496992794296,213.138990367501
REQ-00001,100,0.1,40.20248103141785,mobilenet_v3_small,0.7438603043556213,19.80496,WARM,True,17.337814301800314,14.221344292948533,26.896384785461848,38.26841354652051,47.57408427831604,26.60287690015572
REQ-00002,100,0.1,59.56127572059631,resnet18,0.39489224553108215,15.171252,WARM,True,18.782632160283676,15.406456317360911,29.137750184250336,41.45744800873056,51.538591301509044,28.819783308502032
REQ-00000,100,0.1,78.65663194656372,vit_b_16,0.41864562034606934,27.116162,WARM,True,17.337814301800314,14.221344292948533,26.896384785461848,38.26841354652051,47.57408427831604,26.60287690015572
REQ-00004,100,0.1,86.50473690032959,resnet101,0.41024458408355713,14.719719,WARM,True,49.63974237372309,46.263566530800325,59.99486039768975,72.31455822216996,82.39570151494847,59.676893521941444
REQ-00005,100,0.1,99.7457447052002,resnet18,0.643391489982605,15.021269,WARM,True,65.0682974804428,61.69212163752004,75.42341550440946,87.74311332888968,97.82425662166817,75.10544862866116
REQ-00003,100,0.1,112.85195398330688,resnet101,0.3979892432689667,78.071524,WARM,True,49.63974237372308,46.263566530800325,59.99486039768975,72.31455822216996,82.39570151494846,59.676893521941444
REQ-00007,100,0.1,125.99446606636047,mobilenet_v3_small,0.3640354871749878,19.362308,WARM,True,95.92540769388222,92.54923185095944,106.28052571784886,118.60022354232908,128.68136683510758,105.96255884210056
REQ-00009,100,0.1,154.23399686813354,vit_b_16,0.833733320236206,28.074105,WARM,True,126.78251790732165,123.40634206439888,137.13763593128832,149.45733375576853,159.538477048547,136.81966905554
REQ-00006,100,0.1,156.62615203857422,resnet34,0.7231322526931763,26.893917,WARM,True,80.4968525871625,77.12067674423974,90.85197061112916,103.17166843560939,113.25281172838787,90.53400373538086
REQ-00008,100,0.1,188.06557202339172,vit_b_16,0.4071953296661377,27.086301,WARM,True,111.35396280060193,107.97778695767916,121.70908082456859,134.0287786490488,144.1099219418273,121.39111394882028
REQ-00011,100,0.1,189.25668501853943,resnet18,0.91390460729599,14.734916,WARM,True,157.6396281207611,154.26345227783835,167.99474614472777,180.314443969208,190.3955872619865,167.6767792689795
REQ-00013,100,0.1,211.9292631149292,resnet34,0.8749558925628662,27.349064,WARM,True,188.49673833420053,185.12056249127778,198.8518563581672,211.17155418264744,221.25269747542592,198.5338894824189
REQ-00010,100,0.1,214.69617104530334,resnet34,0.7921978831291199,26.601663,WARM,True,142.2110730140414,138.83489717111863,152.56619103800804,164.88588886248826,174.96703215526676,152.24822416225973
REQ-00012,100,0.1,224.55820107460022,resnet34,0.8316916227340698,27.155003,WARM,True,173.06818322748083,169.69200738455808,183.4233012514475,195.7429990759277,205.8241423687062,183.10533437569916
REQ-00014,100,0.1,227.39707803726196,resnet18,0.982948362827301,15.043748,WARM,True,203.92529344092029,200.54911759799754,214.28041146488692,226.6001092893672,236.68125258214565,213.96244458913867
REQ-00003,100,0.15,68.42970538139343,resnet34,0.8799458146095276,26.782014,WARM,True,51.04321854114636,46.9528401457345,60.20637128261686,73.41563111653117,81.69697737428625,60.17274875586669
REQ-00001,100,0.15,78.25810194015503,resnet101,0.6097822785377502,78.189296,WARM,True,18.38698732904417,14.611253425587073,26.845282167324633,39.03844509093784,46.682764713481,26.81424598878602
REQ-00000,100,0.15,78.73219275474548,resnet18,0.5781752467155457,14.570736,WARM,True,18.38698732904417,14.611253425587073,26.845282167324633,39.03844509093784,46.682764713481,26.81424598878602
REQ-00004,100,0.15,89.43313407897949,resnet101,0.8692886233329773,26.430648,WARM,True,51.04321854114633,46.952840145734484,60.206371282616836,73.41563111653115,81.69697737428623,60.17274875586667
REQ-00002,100,0.15,100.21552014350891,mobilenet_v3_small,0.6049168705940247,14.012102,WARM,True,19.919236273131187,15.82885787771933,29.082389014601688,42.291648848516,50.57299510627108,29.048766487851523
REQ-00006,100,0.15,117.14558506011963,mobilenet_v3_small,0.4237897992134094,18.952491,WARM,True,82.16720080916146,78.07682241374961,91.33035355063197,104.53961338454629,112.82095964230136,91.2967310238818
REQ-00005,100,0.15,144.2222068309784,vit_b_16,0.5079488158226013,26.759414,WARM,True,66.6052096751539,62.51483127974205,75.7683624166244,88.9776222505387,97.2589685082938,75.73473988987423
REQ-00009,100,0.15,156.56288385391235,vit_b_16,0.3720400631427765,27.639111,WARM,True,128.85317421118418,124.76279581577231,138.01632695265468,151.22558678656898,159.50693304432406,137.9827044259045
REQ-00010,100,0.15,170.2993860244751,vit_b_16,0.8399671912193298,28.134475,WARM,True,144.41516534519175,140.32478694977988,153.57831808666225,166.78757792057658,175.06892417833166,153.5446955599121
REQ-00007,100,0.15,173.01001501083374,resnet34,0.9197533130645752,26.870002,WARM,True,97.72919194316903,93.63881354775717,106.89234468463951,120.10160451855383,128.38295077630892,106.85872215788935
REQ-00008,100,0.15,181.88170194625854,resnet34,0.7273733615875244,26.109501,WARM,True,113.29118307717658,109.20080468176472,122.4543358186471,135.66359565256138,143.9449419103165,122.42071329189693
REQ-00012,100,0.15,197.33600521087646,resnet18,0.9453442692756653,14.025146,WARM,True,175.53914761320686,171.44876921779505,184.7023003546774,197.9115601885917,206.19290644634677,184.6686778279272
REQ-00013,100,0.15,212.6002390384674,vit_b_16,0.7303637862205505,26.789247,WARM,True,191.10113874721446,187.01076035180262,200.26429148868496,213.4735513225993,221.75489758035437,200.2306689619348
REQ-00011,100,0.15,216.94394493103027,vit_b_16,0.7211562991142273,22.46396,WARM,True,159.9771564791993,155.88677808378748,169.1403092206698,182.34956905458412,190.6309153123392,169.10668669391964
REQ-00014,100,0.15,219.36022210121155,resnet18,0.7949747443199158,14.728813,WARM,True,206.66312988122203,202.57275148581022,215.82628262269253,229.03554245660686,237.31688871436194,215.79266009594238
REQ-00002,100,0.25,57.6150598526001,mobilenet_v3_small,0.42322641611099243,19.810736,WARM,True,17.285187900614403,15.746575806562515,28.667398896750047,42.04198908637556,49.746856327726256,27.393451539336084
REQ-00000,100,0.25,78.13783812522888,vit_b_16,0.7351786494255066,24.110194,WARM,True,15.955558062105602,14.535300744519244,26.462214366230814,38.80798992588513,45.920175071747316,25.286262959387155
REQ-00001,100,0.25,78.73412799835205,resnet18,0.563287615776062,14.810124,WARM,True,15.955558062105602,14.535300744519244,26.462214366230814,38.80798992588513,45.920175071747316,25.286262959387155
REQ-00004,100,0.25,92.9817202091217,resnet18,0.2638227045536041,11.580736,WARM,True,47.43209782684191,45.893485732790026,58.81430882297755,72.18889901260306,79.89376625395376,57.54036146556359
REQ-00003,100,0.25,117.14789414405823,resnet101,0.6297664642333984,78.009675,WARM,True,47.43209782684193,45.89348573279004,58.81430882297757,72.18889901260309,79.89376625395379,57.540361465563606
REQ-00007,100,0.25,131.3988630771637,resnet34,0.8845731616020203,27.060719,WARM,True,92.65246271618312,91.11385062213124,104.03467371231876,117.40926390194427,125.11413114329497,102.7607263549048
REQ-00005,100,0.25,148.8071300983429,mobilenet_v3_small,0.7186861038208008,20.277262,WARM,True,62.505552789955644,60.96694069590376,73.88776378609128,87.26235397571679,94.96722121706749,72.61381642867732
REQ-00008,100,0.25,149.97983121871948,vit_b_16,0.42825791239738464,27.109014,WARM,True,107.72591767929687,106.18730558524497,119.1081286754325,132.48271886505802,140.1875861064087,117.83418131801855
REQ-00006,100,0.25,160.06375098228455,vit_b_16,0.3742033541202545,24.573374,WARM,True,77.57900775306939,76.04039565901749,88.96121874920503,102.33580893883052,110.04067618018124,87.68727139179107
REQ-00009,100,0.25,162.75705432891846,resnet18,0.7520104646682739,15.233353,WARM,True,122.7993726424106,121.26076054835873,134.18158363854624,147.55617382817178,155.26104106952246,132.90763628113228
REQ-00013,100,0.25,217.47217416763306,resnet34,0.5617755651473999,26.468759,WARM,True,183.09319249486555,181.55458040081365,194.4754034910012,207.84999368062668,215.5548609219774,193.20145613358724
REQ-00011,100,0.25,219.71106791496277,resnet34,0.5424381494522095,26.557598,WARM,True,152.94628256863808,151.40767047458618,164.32849356477374,177.70308375439924,185.40795099574996,163.05454620735975
REQ-00010,100,0.25,220.06729912757874,resnet18,0.5430853962898254,15.207226,WARM,True,137.87282760552435,136.33421551147245,149.25503860165998,162.6296287912855,170.33449603263622,147.98109124424602
REQ-00014,100,0.25,219.98045682907104,resnet101,0.5573871731758118,13.996709,WARM,True,198.16664745797928,196.6280353639274,209.54885845411494,222.92344864374044,230.62831588509113,208.27491109670098
REQ-00012,100,0.25,220.5535659790039,resnet34,0.5257418155670166,26.110219,WARM,True,168.01973753175182,166.48112543769992,179.40194852788747,192.77653871751295,200.48140595886366,178.12800117047348
REQ-00003,100,0.4,68.46375703811646,resnet18,0.9479305148124695,14.756393,WARM,True,51.326394089778596,46.63652969918484,59.800131650196846,72.13627936377779,84.4212389939859,57.85282855336493
REQ-00000,100,0.4,78.55515480041504,vit_b_16,0.5283024311065674,22.12761,WARM,True,18.749486671311825,14.420381079994517,26.57139826554406,37.95861153961877,49.29857427519549,24.773887714622287
REQ-00001,100,0.4,78.50581502914429,resnet34,0.9734009504318237,27.113323,WARM,True,18.749486671311825,14.420381079994517,26.57139826554406,37.95861153961877,49.29857427519549,24.773887714622287
REQ-00004,100,0.4,80.20374798774719,resnet34,0.5865535140037537,27.272249,WARM,True,51.32639408977855,46.63652969918479,59.8001316501968,72.13627936377775,84.42123899398585,57.85282855336489
REQ-00002,100,0.4,99.10697388648987,resnet101,0.48191291093826294,77.642238,WARM,True,20.311943893921143,15.622079503327393,28.7856814543394,41.12182916792034,53.406788798128446,26.838378357507477
REQ-00005,100,0.4,103.7169578075409,mobilenet_v3_small,0.9293021559715271,20.272533,WARM,True,66.83361918770723,62.14375479711349,75.3073567481255,87.64350446170641,99.92846409191455,73.36005365129357
REQ-00007,100,0.4,127.10386204719543,mobilenet_v3_small,0.9250858426094055,19.645085,WARM,True,97.84806938356463,93.15820499297088,106.32180694398289,118.65795465756382,130.94291428777194,104.37450384715096
REQ-00008,100,0.4,139.64266896247864,vit_b_16,0.8006312251091003,26.600786,WARM,True,113.35529448149332,108.66543009089955,121.82903204191156,134.1651797554925,146.45013938570062,119.88172894507964
REQ-00009,100,0.4,152.63398218154907,resnet101,0.8552970290184021,25.380659,WARM,True,128.86251957942198,124.17265518882823,137.33625713984026,149.6724048534212,161.9573644836293,135.3889540430083
REQ-00006,100,0.4,154.4206771850586,resnet18,0.41111138463020325,14.925708,WARM,True,82.34084428563592,77.65097989504218,90.8145818460542,103.15072955963511,115.43568918984325,88.86727874922225
REQ-00011,100,0.4,178.90967297554016,resnet18,0.4808673560619354,15.094396,WARM,True,159.87696977527935,155.1871053846856,168.35070733569762,180.68685504927856,192.97181467948667,166.40340423886568
REQ-00010,100,0.4,200.19356679916382,resnet34,0.5424381494522095,27.289705,WARM,True,144.3697446773507,139.67988028675694,152.84348223776894,165.17962995134985,177.464589581558,150.89617914093702
REQ-00013,100,0.4,203.344300031662,resnet34,0.5313401222229004,27.045749,WARM,True,190.8914199711367,186.20155558054296,199.36515753155496,211.7013052451359,223.986264875344,197.41785443472304
REQ-00012,100,0.4,221.4611039161682,vit_b_16,0.7958076000213623,26.756464,WARM,True,175.38419487320803,170.6943304826143,183.8579324336263,196.19408014720725,208.47903977741535,181.9106293367944
REQ-00014,100,0.4,220.68392491340637,resnet34,0.4865570664405823,25.635717,WARM,True,206.39864506906542,201.7087806784717,214.8723826294837,227.20853034306464,239.49348997327274,212.92507953265175
REQ-00003,100,0.6,66.99387979507446,vit_b_16,0.5723561644554138,27.062768,WARM,True,50.40287878819195,46.33262626121294,59.321513172850835,71.21770896772526,79.80960954143208,58.59024452701962
REQ-00000,100,0.6,79.03688311576843,vit_b_16,0.5507016777992249,27.430398,WARM,True,18.396920323066933,14.639764144317077,26.62950590890591,37.61060971955922,45.54159486451937,25.954488697369403
REQ-00001,100,0.6,79.25427508354187,mobilenet_v3_small,0.9341347813606262,20.138783,WARM,True,18.396920323066933,14.639764144317077,26.62950590890591,37.61060971955922,45.54159486451937,25.954488697369403
REQ-00004,100,0.6,85.2336699962616,mobilenet_v3_small,0.6306443214416504,18.682136,WARM,True,50.4028787881919,46.332626261212894,59.32151317285079,71.2177089677252,79.80960954143204,58.59024452701958
REQ-00002,100,0.6,104.90599203109741,resnet34,0.5581911206245422,27.211674,WARM,True,19.929997016655843,15.859744489676833,28.848631401314734,40.744827196189156,49.33672776989598,28.11736275548352
REQ-00005,100,0.6,143.7195222377777,resnet34,0.5465039610862732,27.032272,WARM,True,65.6393196739599,61.569067146980906,74.5579540586188,86.45414985349323,95.04605042720006,73.8266854127876
REQ-00006,100,0.6,154.48640704154968,resnet101,0.5804892778396606,78.205665,WARM,True,80.87576055972792,76.8055080327489,89.79439494438681,101.69059073926122,110.28249131296806,89.06312629855559
REQ-00009,100,0.6,160.67022275924683,resnet34,0.6455602049827576,25.958808,WARM,True,126.58508321703192,122.51483069005292,135.50371760169082,147.3999133965652,155.99181397027206,134.7724489558596
REQ-00007,100,0.6,171.0892550945282,resnet34,0.6496953964233398,26.562126,WARM,True,96.11220144549591,92.0419489185169,105.03083583015481,116.92703162502923,125.51893219873605,104.29956718432358
REQ-00008,100,0.6,184.0036859512329,mobilenet_v3_small,0.6917045712471008,9.666573,WARM,True,111.34864233126392,107.27838980428488,120.2672767159228,132.16347251079722,140.75537308450404,119.53600807009158
REQ-00012,100,0.6,205.85774111747742,resnet34,0.8724721670150757,26.98882,WARM,True,172.29440587433595,168.22415334735695,181.21304025899485,193.10923605386927,201.7011366275761,180.48177161316363
REQ-00010,100,0.6,218.57449984550476,resnet18,0.6842795014381409,14.340946,WARM,True,141.8215241027999,137.7512715758209,150.7401584874588,162.63635428233323,171.22825485604005,150.00888984162762
REQ-00011,100,0.6,227.98090887069702,resnet18,0.9155139327049255,14.969432,WARM,True,157.05796498856793,152.98771246158893,165.9765993732268,177.87279516810128,186.46469574180807,165.2453307273956
REQ-00014,100,0.6,227.1367542743683,vit_b_16,0.5311546921730042,20.979852,WARM,True,202.767287645872,198.69703511889298,211.6859220305309,223.5821178254053,232.17401839911213,210.9546533846997
REQ-00013,100,0.6,229.65987586975098,resnet34,0.7435781359672546,27.210439,WARM,True,187.53084676010397,183.46059423312497,196.44948114476287,208.3456769396373,216.9375775133441,195.71821249893168
REQ-00003,100,0.75,72.51343703269958,vit_b_16,0.7224332690238953,26.859758,WARM,True,50.32516127119666,47.84688790910201,61.08746379183884,73.61698847017881,91.66862991567396,60.517856330575135
REQ-00000,100,0.75,77.3856110572815,resnet18,0.6987062096595764,14.718638,WARM,True,16.833765197368745,14.546128247742908,26.768198293346146,38.33391338104458,54.99696702304009,26.242406790641176
REQ-00001,100,0.75,78.54496932029724,mobilenet_v3_small,0.3202959895133972,16.397592,WARM,True,16.833765197368745,14.546128247742908,26.768198293346146,38.33391338104458,54.99696702304009,26.242406790641176
REQ-00004,100,0.75,83.35665798187256,resnet34,0.9867021441459656,26.827063,WARM,True,50.325161271196585,47.84688790910193,61.087463791838765,73.61698847017874,91.66862991567388,60.51785633057506
REQ-00002,100,0.75,102.74547410011292,resnet101,0.5410948991775513,78.602815,WARM,True,18.23657896381614,15.758305601721483,28.998881484458323,41.5284061627983,59.580047608293434,28.42927402319461
REQ-00005,100,0.75,103.07874393463135,mobilenet_v3_small,0.30719083547592163,19.658978,WARM,True,66.36945242488677,63.89117906279212,77.13175494552895,89.66127962386892,107.71292106936407,76.56214748426525
REQ-00007,100,0.75,124.59752488136292,resnet34,0.5244585275650024,26.601698,WARM,True,98.45803473226715,95.9797613701725,109.22033725290933,121.74986193124931,139.80150337674445,108.65072979164562
REQ-00009,100,0.75,150.31120920181274,vit_b_16,0.6933168768882751,27.006977,WARM,True,130.54661703964751,128.06834367755286,141.3089195602897,153.83844423862965,171.8900856841248,140.739312099026
REQ-00006,100,0.75,153.50258803367615,resnet101,0.6659982204437256,78.660624,WARM,True,82.41374357857697,79.93547021648232,93.17604609921915,105.70557077755912,123.75721222305427,92.60643863795543
REQ-00010,100,0.75,162.50528407096863,mobilenet_v3_small,0.7385358810424805,19.623203,WARM,True,146.59090819333773,144.11263483124304,157.35321071397988,169.88273539231986,187.934376837815,156.78360325271618
REQ-00008,100,0.75,178.03085684776306,vit_b_16,0.47771599888801575,27.593908,WARM,True,114.50232588595733,112.02405252386268,125.26462840659951,137.7941530849395,155.8457945304346,124.69502094533578
REQ-00011,100,0.75,177.61159086227417,resnet34,0.608904242515564,27.145557,WARM,True,162.63519934702788,160.15692598493322,173.3975018676701,185.92702654601007,203.9786679915052,172.82789440640636
REQ-00013,100,0.75,201.3462212085724,resnet101,0.48796769976615906,11.169349,WARM,True,194.72378165440824,192.2455082923136,205.48608417505045,218.0156088533904,236.06725029888554,204.91647671378672
REQ-00014,100,0.75,207.2055540084839,resnet18,0.7528376579284668,14.160721,WARM,True,210.76807280809848,208.28979944600383,221.53037532874066,234.0599000070806,252.11154145257578,220.96076786747696
REQ-00012,100,0.75,208.77087903022766,resnet101,0.6662381887435913,53.734816,WARM,True,178.67949050071806,176.2012171386234,189.44179302136024,201.97131769970022,220.0229591451954,188.87218556009654
REQ-00001,100,0.9,39.703327894210815,vit_b_16,0.7367160320281982,27.474598,WARM,True,18.908483580968525,14.561783177899407,26.60155440024252,38.48596386781143,41.425251872661434,25.808648190887794
REQ-00003,100,0.9,69.6715190410614,mobilenet_v3_small,0.5768412947654724,19.701591,WARM,True,50.418800354051086,45.70987491739288,58.752960408264585,71.62773733146425,74.81196600338508,57.893978681463636
REQ-00000,100,0.9,79.46363520622253,resnet101,0.7231698036193848,79.235534,WARM,True,18.908483580968525,14.561783177899407,26.60155440024252,38.48596386781143,41.425251872661434,25.808648190887794
REQ-00004,100,0.9,82.96427607536316,resnet101,0.6705050468444824,19.697334,WARM,True,50.41880035405103,45.70987491739281,58.75296040826453,71.62773733146416,74.81196600338501,57.89397868146357
REQ-00005,100,0.9,95.05127811431885,resnet18,0.6577517986297607,14.217146,WARM,True,65.3861052580519,60.677179821393686,73.72026531226538,86.59504223546504,89.7792709073859,72.86128358546443
REQ-00002,100,0.9,102.6268379688263,vit_b_16,0.8745734691619873,26.941867,WARM,True,20.484190546049234,15.775265109391025,28.81835060026273,41.69312752346238,44.87735619538322,27.959368873461777
REQ-00007,100,0.9,120.14092993736267,vit_b_16,0.802392840385437,23.696598,WARM,True,95.32071506605362,90.61178962939542,103.65487512026712,116.52965204346677,119.7138807153876,102.79589339346616
REQ-00009,100,0.9,146.53101181983948,resnet18,0.5632568001747131,14.621136,WARM,True,125.25532487405536,120.54639943739717,133.58948492826886,146.4642618514685,149.64849052338934,132.7305032014679
REQ-00006,100,0.9,152.97177910804749,mobilenet_v3_small,0.7715007662773132,18.89654,WARM,True,80.35341016205275,75.64448472539455,88.68757021626625,101.5623471394659,104.74657581138675,87.8285884894653
REQ-00010,100,0.9,159.48770999908447,vit_b_16,0.8396226167678833,28.133946,WARM,True,140.22262977805624,135.51370434139804,148.55678983226974,161.4315667554694,164.61579542739022,147.6978081054688
REQ-00008,100,0.9,176.0695571899414,vit_b_16,0.42239174246788025,27.43054,WARM,True,110.28801997005449,105.57909453339629,118.62218002426799,131.49695694746765,134.6811856193885,117.76319829746704
REQ-00013,100,0.9,198.35695838928223,resnet34,0.60589200258255,26.577281,WARM,True,185.12454449005887,180.41561905340066,193.45870454427236,206.333481467472,209.51771013939288,192.59972281747142
REQ-00011,100,0.9,214.1423830986023,mobilenet_v3_small,0.7385358810424805,19.654244,WARM,True,155.18993468205713,150.48100924539892,163.52409473627063,176.39887165947027,179.5831003313911,162.66511300946968
REQ-00014,100,0.9,213.2723047733307,vit_b_16,0.5321210622787476,26.838053,WARM,True,200.09184939405975,195.38292395740154,208.42600944827325,221.3007863714729,224.48501504339376,207.5670277214723
REQ-00012,100,0.9,215.11875009536743,resnet18,0.842805802822113,15.016031,WARM,True,170.157239586058,165.44831414939978,178.4913996402715,191.36617656347113,194.55040523539202,177.63241791347053
REQ-00003,100,1.0,64.43901109695435,resnet18,0.7532922029495239,14.652518,WARM,True,50.71635489653217,48.99054765773069,62.02678099432329,75.54193809042486,83.69841998608865,61.86545464741333
REQ-00001,100,1.0,76.97279405593872,mobilenet_v3_small,0.4237897992134094,7.280042,WARM,True,16.15757608516986,14.564523249353112,26.597969406207824,39.0734990333785,46.602559244760464,26.449052778290927
REQ-00000,100,1.0,78.50316405296326,vit_b_16,0.7276247143745422,27.622824,WARM,True,17.84967042796651,14.564523249353112,26.597969406207824,39.0734990333785,46.602559244760464,26.449052778290927
REQ-00002,100,1.0,96.5106930732727,resnet18,0.6605944037437439,14.881447,WARM,True,16.15757608516986,14.564523249353112,26.597969406207824,39.0734990333785,46.602559244760464,26.449052778290927
REQ-00005,100,1.0,100.6804780960083,mobilenet_v3_small,0.9784165620803833,19.512964,WARM,True,61.936773557420594,60.210966318619114,73.24719965521172,86.76235675131329,94.91883864697708,73.08587330830176
REQ-00007,100,1.0,121.39302897453308,resnet34,0.7663930654525757,26.836641,WARM,True,92.53104213190792,90.80523489310644,103.84146822969905,117.35662532580061,125.5131072214644,103.68014188278906
REQ-00004,100,1.0,128.33639407157898,mobilenet_v3_small,0.4642745852470398,19.331379,WARM,True,49.28833004392627,47.56252280512479,60.5987561417174,74.11391323781896,82.27039513348275,60.43742979480743
REQ-00006,100,1.0,150.64784407615662,mobilenet_v3_small,0.9362034797668457,4.822207,WARM,True,77.23390784466426,75.50810060586278,88.54433394245538,102.05949103855696,110.21597293422076,88.38300759554542
REQ-00009,100,1.0,149.18626809120178,vit_b_16,0.7040075063705444,27.692878,WARM,True,120.84195671215747,125.66461533888186,133.120884010842,146.63604110694354,154.79252300260734,132.959557663932
REQ-00008,100,1.0,176.62904596328735,resnet34,0.5551702380180359,27.131601,WARM,True,107.82817641915159,106.10236918035011,119.13860251694271,132.6537596130443,140.81024150870806,118.97727617003274
REQ-00011,100,1.0,178.1514377593994,resnet18,0.9964770674705505,15.263664,WARM,True,152.20480253060126,157.02746115732566,164.48372982928578,177.99888692538735,186.15536882105116,164.32240348237582
REQ-00010,100,1.0,208.27007389068604,resnet34,0.9842793941497803,26.670185,WARM,True,136.52337962137938,141.34603824810375,148.8023069200639,162.31746401616547,170.47394591182928,148.64098057315394
REQ-00013,100,1.0,209.0949890613556,mobilenet_v3_small,0.637189507484436,19.936584,WARM,True,183.5676483490451,188.39030697576948,195.84657564772962,209.3617327438312,217.518214639495,195.68524930081966
REQ-00012,100,1.0,221.9569981098175,resnet101,0.7943739295005798,68.768277,WARM,True,167.88622543982316,172.70888406654757,180.16515273850771,193.6803098346093,201.83679173027306,180.00382639159773
REQ-00014,100,1.0,221.0073549747467,resnet101,0.6705050468444824,34.913793,WARM,True,199.249071258267,204.07172988499138,211.52799855695153,225.04315565305313,233.1996375487169,211.36667221004157
REQ-00002,100,1.2,57.71348977088928,resnet101,0.543034017086029,27.990231,WARM,True,18.9959026848344,15.834444143495583,28.955788744203073,42.42747636078055,56.10712262487534,27.538617842578425
REQ-00000,100,1.2,78.9521918296814,mobilenet_v3_small,0.7349244356155396,8.618524,WARM,True,17.534679401385603,14.616409978611307,26.728420379264374,39.1638243330282,51.79119011526954,25.420262623918546
REQ-00001,100,1.2,78.84783673286438,resnet34,0.8607474565505981,26.562793,WARM,True,17.534679401385603,14.616409978611307,26.728420379264374,39.1638243330282,51.79119011526954,25.420262623918546
REQ-00004,100,1.2,88.03863477706909,vit_b_16,0.564335823059082,27.037008,WARM,True,50.63912808496216,47.477669543623335,60.59901414433083,74.0707017609083,87.75034802500309,59.18184324270618
REQ-00003,100,1.2,114.43248987197876,vit_b_16,0.7813532948493958,27.504881,WARM,True,50.639128084962,47.477669543623186,60.599014144330674,74.07070176090815,87.75034802500294,59.18184324270602
REQ-00005,100,1.2,141.11654019355774,resnet101,0.6885615587234497,77.972318,WARM,True,66.4607407850261,63.29928224368729,76.42062684439477,89.89231446097226,103.57196072506703,75.00345594277013
REQ-00006,100,1.2,150.85783314704895,mobilenet_v3_small,0.517143189907074,19.54033,WARM,True,82.28235348509003,79.12089494375121,92.24223954445871,105.71392716103618,119.39357342513097,90.82506864283405
REQ-00009,100,1.2,156.19649577140808,resnet34,0.746138870716095,26.726428,WARM,True,127.11739158388303,124.9222174526943,138.0435620534018,151.51524966997928,165.19489593407405,136.62639115177714
REQ-00007,100,1.2,165.86264300346375,vit_b_16,0.9600524306297302,27.504923,WARM,True,98.10396618515398,94.94250764381515,108.06385224452265,121.53553986110012,135.21518612519492,106.64668134289799
REQ-00008,100,1.2,186.80437588691711,resnet34,0.8571757078170776,27.033731,WARM,True,111.37630258466494,109.18112845347622,122.30247305418372,135.7741606707612,149.45380693485598,120.88530215255906
REQ-00010,100,1.2,214.06184601783752,vit_b_16,0.8037703037261963,27.270921,WARM,True,142.8584805831011,140.6633064519124,153.7846510526199,167.2563386691974,180.9359849332922,152.36748015099525
REQ-00013,100,1.2,213.20982885360718,vit_b_16,0.7728506326675415,26.628862,WARM,True,188.76221056879743,186.5764311065925,199.68838103831624,213.1600686548937,226.8397149189885,198.27121013669156
REQ-00011,100,1.2,221.76907181739807,vit_b_16,0.9312485456466675,27.427563,WARM,True,158.5995695823192,156.40439545113048,169.525740051838,182.99742766841547,196.67707393251024,168.10856915021333
REQ-00014,100,1.2,218.99013996124268,vit_b_16,0.9099128842353821,23.845955,WARM,True,202.09110006174728,199.9159303349611,219.36398023776297,226.48895814784356,240.1686044119383,211.60009962964142
REQ-00012,100,1.2,222.33263731002808,resnet18,0.733278751373291,8.692037,WARM,True,174.34065858153733,172.1454844503486,185.2668290510561,198.73851666763358,212.41816293172835,183.84965814943146
